{
  "type": "FeatureCollection",
  "features": [
    {
      "type": "Feature",
      "properties": {
        "cellId": "s1-change-0-0",
        "category": "possible_change",
        "beforeProbability": 0.529,
        "duringProbability": 0,
        "recoveryProbability": 0,
        "deltaDuringBefore": -0.529,
        "deltaRecoveryDuring": 0,
        "method": "sentinel1-window-change-v1"
      },
      "geometry": {
        "type": "Polygon",
        "coordinates": [
          [
            [
              37.228,
              -2.624547619047619
            ],
            [
              37.2295625,
              -2.624547619047619
            ],
            [
              37.2295625,
              -2.623
            ],
            [
              37.228,
              -2.623
            ],
            [
              37.228,
              -2.624547619047619
            ]
          ]
        ]
      }
    },
    {
      "type": "Feature",
      "properties": {
        "cellId": "s1-change-0-1",
        "category": "possible_change",
        "beforeProbability": 0.468,
        "duringProbability": 0,
        "recoveryProbability": 0,
        "deltaDuringBefore": -0.468,
        "deltaRecoveryDuring": 0,
        "method": "sentinel1-window-change-v1"
      },
      "geometry": {
        "type": "Polygon",
        "coordinates": [
          [
            [
              37.2295625,
              -2.624547619047619
            ],
            [
              37.231125,
              -2.624547619047619
            ],
            [
              37.231125,
              -2.623
            ],
            [
              37.2295625,
              -2.623
            ],
            [
              37.2295625,
              -2.624547619047619
            ]
          ]
        ]
      }
    },
    {
      "type": "Feature",
      "properties": {
        "cellId": "s1-change-0-44",
        "category": "possible_change",
        "beforeProbability": 0.503,
        "duringProbability": 0,
        "recoveryProbability": 0,
        "deltaDuringBefore": -0.503,
        "deltaRecoveryDuring": 0,
        "method": "sentinel1-window-change-v1"
      },
      "geometry": {
        "type": "Polygon",
        "coordinates": [
          [
            [
              37.296749999999996,
              -2.624547619047619
            ],
            [
              37.298312499999994,
              -2.624547619047619
            ],
            [
              37.298312499999994,
              -2.623
            ],
            [
              37.296749999999996,
              -2.623
            ],
            [
              37.296749999999996,
              -2.624547619047619
            ]
          ]
        ]
      }
    },
    {
      "type": "Feature",
      "properties": {
        "cellId": "s1-change-0-6",
        "category": "possible_change",
        "beforeProbability": 0.462,
        "duringProbability": 0,
        "recoveryProbability": 0,
        "deltaDuringBefore": -0.462,
        "deltaRecoveryDuring": 0,
        "method": "sentinel1-window-change-v1"
      },
      "geometry": {
        "type": "Polygon",
        "coordinates": [
          [
            [
              37.237375,
              -2.624547619047619
            ],
            [
              37.2389375,
              -2.624547619047619
            ],
            [
              37.2389375,
              -2.623
            ],
            [
              37.237375,
              -2.623
            ],
            [
              37.237375,
              -2.624547619047619
            ]
          ]
        ]
      }
    },
    {
      "type": "Feature",
      "properties": {
        "cellId": "s1-change-1-0",
        "category": "possible_change",
        "beforeProbability": 0.482,
        "duringProbability": 0.511,
        "recoveryProbability": 0,
        "deltaDuringBefore": 0.029,
        "deltaRecoveryDuring": -0.511,
        "method": "sentinel1-window-change-v1"
      },
      "geometry": {
        "type": "Polygon",
        "coordinates": [
          [
            [
              37.228,
              -2.6260952380952385
            ],
            [
              37.2295625,
              -2.6260952380952385
            ],
            [
              37.2295625,
              -2.624547619047619
            ],
            [
              37.228,
              -2.624547619047619
            ],
            [
              37.228,
              -2.6260952380952385
            ]
          ]
        ]
      }
    },
    {
      "type": "Feature",
      "properties": {
        "cellId": "s1-change-1-12",
        "category": "possible_change",
        "beforeProbability": 0,
        "duringProbability": 0.511,
        "recoveryProbability": 0,
        "deltaDuringBefore": 0.511,
        "deltaRecoveryDuring": -0.511,
        "method": "sentinel1-window-change-v1"
      },
      "geometry": {
        "type": "Polygon",
        "coordinates": [
          [
            [
              37.24675,
              -2.6260952380952385
            ],
            [
              37.2483125,
              -2.6260952380952385
            ],
            [
              37.2483125,
              -2.624547619047619
            ],
            [
              37.24675,
              -2.624547619047619
            ],
            [
              37.24675,
              -2.6260952380952385
            ]
          ]
        ]
      }
    },
    {
      "type": "Feature",
      "properties": {
        "cellId": "s1-change-1-6",
        "category": "possible_change",
        "beforeProbability": 0.526,
        "duringProbability": 0,
        "recoveryProbability": 0,
        "deltaDuringBefore": -0.526,
        "deltaRecoveryDuring": 0,
        "method": "sentinel1-window-change-v1"
      },
      "geometry": {
        "type": "Polygon",
        "coordinates": [
          [
            [
              37.237375,
              -2.6260952380952385
            ],
            [
              37.2389375,
              -2.6260952380952385
            ],
            [
              37.2389375,
              -2.624547619047619
            ],
            [
              37.237375,
              -2.624547619047619
            ],
            [
              37.237375,
              -2.6260952380952385
            ]
          ]
        ]
      }
    },
    {
      "type": "Feature",
      "properties": {
        "cellId": "s1-change-10-0",
        "category": "possible_change",
        "beforeProbability": 0.561,
        "duringProbability": 0,
        "recoveryProbability": 0,
        "deltaDuringBefore": -0.561,
        "deltaRecoveryDuring": 0,
        "method": "sentinel1-window-change-v1"
      },
      "geometry": {
        "type": "Polygon",
        "coordinates": [
          [
            [
              37.228,
              -2.6400238095238096
            ],
            [
              37.2295625,
              -2.6400238095238096
            ],
            [
              37.2295625,
              -2.6384761904761906
            ],
            [
              37.228,
              -2.6384761904761906
            ],
            [
              37.228,
              -2.6400238095238096
            ]
          ]
        ]
      }
    },
    {
      "type": "Feature",
      "properties": {
        "cellId": "s1-change-10-1",
        "category": "possible_change",
        "beforeProbability": 0.563,
        "duringProbability": 0,
        "recoveryProbability": 0,
        "deltaDuringBefore": -0.563,
        "deltaRecoveryDuring": 0,
        "method": "sentinel1-window-change-v1"
      },
      "geometry": {
        "type": "Polygon",
        "coordinates": [
          [
            [
              37.2295625,
              -2.6400238095238096
            ],
            [
              37.231125,
              -2.6400238095238096
            ],
            [
              37.231125,
              -2.6384761904761906
            ],
            [
              37.2295625,
              -2.6384761904761906
            ],
            [
              37.2295625,
              -2.6400238095238096
            ]
          ]
        ]
      }
    },
    {
      "type": "Feature",
      "properties": {
        "cellId": "s1-change-10-10",
        "category": "possible_change",
        "beforeProbability": 0.534,
        "duringProbability": 0.525,
        "recoveryProbability": 0.5,
        "deltaDuringBefore": -0.009,
        "deltaRecoveryDuring": -0.025,
        "method": "sentinel1-window-change-v1"
      },
      "geometry": {
        "type": "Polygon",
        "coordinates": [
          [
            [
              37.243625,
              -2.6400238095238096
            ],
            [
              37.2451875,
              -2.6400238095238096
            ],
            [
              37.2451875,
              -2.6384761904761906
            ],
            [
              37.243625,
              -2.6384761904761906
            ],
            [
              37.243625,
              -2.6400238095238096
            ]
          ]
        ]
      }
    },
    {
      "type": "Feature",
      "properties": {
        "cellId": "s1-change-10-11",
        "category": "possible_change",
        "beforeProbability": 0.498,
        "duringProbability": 0.48,
        "recoveryProbability": 0,
        "deltaDuringBefore": -0.018,
        "deltaRecoveryDuring": -0.48,
        "method": "sentinel1-window-change-v1"
      },
      "geometry": {
        "type": "Polygon",
        "coordinates": [
          [
            [
              37.2451875,
              -2.6400238095238096
            ],
            [
              37.24675,
              -2.6400238095238096
            ],
            [
              37.24675,
              -2.6384761904761906
            ],
            [
              37.2451875,
              -2.6384761904761906
            ],
            [
              37.2451875,
              -2.6400238095238096
            ]
          ]
        ]
      }
    },
    {
      "type": "Feature",
      "properties": {
        "cellId": "s1-change-10-12",
        "category": "possible_change",
        "beforeProbability": 0,
        "duringProbability": 0.531,
        "recoveryProbability": 0.561,
        "deltaDuringBefore": 0.531,
        "deltaRecoveryDuring": 0.03,
        "method": "sentinel1-window-change-v1"
      },
      "geometry": {
        "type": "Polygon",
        "coordinates": [
          [
            [
              37.24675,
              -2.6400238095238096
            ],
            [
              37.2483125,
              -2.6400238095238096
            ],
            [
              37.2483125,
              -2.6384761904761906
            ],
            [
              37.24675,
              -2.6384761904761906
            ],
            [
              37.24675,
              -2.6400238095238096
            ]
          ]
        ]
      }
    },
    {
      "type": "Feature",
      "properties": {
        "cellId": "s1-change-10-2",
        "category": "possible_change",
        "beforeProbability": 0.553,
        "duringProbability": 0,
        "recoveryProbability": 0,
        "deltaDuringBefore": -0.553,
        "deltaRecoveryDuring": 0,
        "method": "sentinel1-window-change-v1"
      },
      "geometry": {
        "type": "Polygon",
        "coordinates": [
          [
            [
              37.231125,
              -2.6400238095238096
            ],
            [
              37.232687500000004,
              -2.6400238095238096
            ],
            [
              37.232687500000004,
              -2.6384761904761906
            ],
            [
              37.231125,
              -2.6384761904761906
            ],
            [
              37.231125,
              -2.6400238095238096
            ]
          ]
        ]
      }
    },
    {
      "type": "Feature",
      "properties": {
        "cellId": "s1-change-10-3",
        "category": "possible_change",
        "beforeProbability": 0.475,
        "duringProbability": 0,
        "recoveryProbability": 0,
        "deltaDuringBefore": -0.475,
        "deltaRecoveryDuring": 0,
        "method": "sentinel1-window-change-v1"
      },
      "geometry": {
        "type": "Polygon",
        "coordinates": [
          [
            [
              37.232687500000004,
              -2.6400238095238096
            ],
            [
              37.23425,
              -2.6400238095238096
            ],
            [
              37.23425,
              -2.6384761904761906
            ],
            [
              37.232687500000004,
              -2.6384761904761906
            ],
            [
              37.232687500000004,
              -2.6400238095238096
            ]
          ]
        ]
      }
    },
    {
      "type": "Feature",
      "properties": {
        "cellId": "s1-change-11-0",
        "category": "possible_change",
        "beforeProbability": 0.619,
        "duringProbability": 0,
        "recoveryProbability": 0,
        "deltaDuringBefore": -0.619,
        "deltaRecoveryDuring": 0,
        "method": "sentinel1-window-change-v1"
      },
      "geometry": {
        "type": "Polygon",
        "coordinates": [
          [
            [
              37.228,
              -2.641571428571429
            ],
            [
              37.2295625,
              -2.641571428571429
            ],
            [
              37.2295625,
              -2.6400238095238096
            ],
            [
              37.228,
              -2.6400238095238096
            ],
            [
              37.228,
              -2.641571428571429
            ]
          ]
        ]
      }
    },
    {
      "type": "Feature",
      "properties": {
        "cellId": "s1-change-11-1",
        "category": "possible_change",
        "beforeProbability": 0.451,
        "duringProbability": 0,
        "recoveryProbability": 0,
        "deltaDuringBefore": -0.451,
        "deltaRecoveryDuring": 0,
        "method": "sentinel1-window-change-v1"
      },
      "geometry": {
        "type": "Polygon",
        "coordinates": [
          [
            [
              37.2295625,
              -2.641571428571429
            ],
            [
              37.231125,
              -2.641571428571429
            ],
            [
              37.231125,
              -2.6400238095238096
            ],
            [
              37.2295625,
              -2.6400238095238096
            ],
            [
              37.2295625,
              -2.641571428571429
            ]
          ]
        ]
      }
    },
    {
      "type": "Feature",
      "properties": {
        "cellId": "s1-change-11-10",
        "category": "possible_change",
        "beforeProbability": 0.52,
        "duringProbability": 0.509,
        "recoveryProbability": 0.557,
        "deltaDuringBefore": -0.011,
        "deltaRecoveryDuring": 0.048,
        "method": "sentinel1-window-change-v1"
      },
      "geometry": {
        "type": "Polygon",
        "coordinates": [
          [
            [
              37.243625,
              -2.641571428571429
            ],
            [
              37.2451875,
              -2.641571428571429
            ],
            [
              37.2451875,
              -2.6400238095238096
            ],
            [
              37.243625,
              -2.6400238095238096
            ],
            [
              37.243625,
              -2.641571428571429
            ]
          ]
        ]
      }
    },
    {
      "type": "Feature",
      "properties": {
        "cellId": "s1-change-11-11",
        "category": "possible_change",
        "beforeProbability": 0.589,
        "duringProbability": 0,
        "recoveryProbability": 0.516,
        "deltaDuringBefore": -0.589,
        "deltaRecoveryDuring": 0.516,
        "method": "sentinel1-window-change-v1"
      },
      "geometry": {
        "type": "Polygon",
        "coordinates": [
          [
            [
              37.2451875,
              -2.641571428571429
            ],
            [
              37.24675,
              -2.641571428571429
            ],
            [
              37.24675,
              -2.6400238095238096
            ],
            [
              37.2451875,
              -2.6400238095238096
            ],
            [
              37.2451875,
              -2.641571428571429
            ]
          ]
        ]
      }
    },
    {
      "type": "Feature",
      "properties": {
        "cellId": "s1-change-11-12",
        "category": "possible_change",
        "beforeProbability": 0.495,
        "duringProbability": 0.578,
        "recoveryProbability": 0.57,
        "deltaDuringBefore": 0.083,
        "deltaRecoveryDuring": -0.008,
        "method": "sentinel1-window-change-v1"
      },
      "geometry": {
        "type": "Polygon",
        "coordinates": [
          [
            [
              37.24675,
              -2.641571428571429
            ],
            [
              37.2483125,
              -2.641571428571429
            ],
            [
              37.2483125,
              -2.6400238095238096
            ],
            [
              37.24675,
              -2.6400238095238096
            ],
            [
              37.24675,
              -2.641571428571429
            ]
          ]
        ]
      }
    },
    {
      "type": "Feature",
      "properties": {
        "cellId": "s1-change-11-13",
        "category": "possible_change",
        "beforeProbability": 0,
        "duringProbability": 0,
        "recoveryProbability": 0.518,
        "deltaDuringBefore": 0,
        "deltaRecoveryDuring": 0.518,
        "method": "sentinel1-window-change-v1"
      },
      "geometry": {
        "type": "Polygon",
        "coordinates": [
          [
            [
              37.2483125,
              -2.641571428571429
            ],
            [
              37.249875,
              -2.641571428571429
            ],
            [
              37.249875,
              -2.6400238095238096
            ],
            [
              37.2483125,
              -2.6400238095238096
            ],
            [
              37.2483125,
              -2.641571428571429
            ]
          ]
        ]
      }
    },
    {
      "type": "Feature",
      "properties": {
        "cellId": "s1-change-11-2",
        "category": "possible_change",
        "beforeProbability": 0.505,
        "duringProbability": 0,
        "recoveryProbability": 0,
        "deltaDuringBefore": -0.505,
        "deltaRecoveryDuring": 0,
        "method": "sentinel1-window-change-v1"
      },
      "geometry": {
        "type": "Polygon",
        "coordinates": [
          [
            [
              37.231125,
              -2.641571428571429
            ],
            [
              37.232687500000004,
              -2.641571428571429
            ],
            [
              37.232687500000004,
              -2.6400238095238096
            ],
            [
              37.231125,
              -2.6400238095238096
            ],
            [
              37.231125,
              -2.641571428571429
            ]
          ]
        ]
      }
    },
    {
      "type": "Feature",
      "properties": {
        "cellId": "s1-change-11-41",
        "category": "possible_change",
        "beforeProbability": 0,
        "duringProbability": 0.472,
        "recoveryProbability": 0,
        "deltaDuringBefore": 0.472,
        "deltaRecoveryDuring": -0.472,
        "method": "sentinel1-window-change-v1"
      },
      "geometry": {
        "type": "Polygon",
        "coordinates": [
          [
            [
              37.2920625,
              -2.641571428571429
            ],
            [
              37.293625,
              -2.641571428571429
            ],
            [
              37.293625,
              -2.6400238095238096
            ],
            [
              37.2920625,
              -2.6400238095238096
            ],
            [
              37.2920625,
              -2.641571428571429
            ]
          ]
        ]
      }
    },
    {
      "type": "Feature",
      "properties": {
        "cellId": "s1-change-11-42",
        "category": "possible_change",
        "beforeProbability": 0.5,
        "duringProbability": 0,
        "recoveryProbability": 0,
        "deltaDuringBefore": -0.5,
        "deltaRecoveryDuring": 0,
        "method": "sentinel1-window-change-v1"
      },
      "geometry": {
        "type": "Polygon",
        "coordinates": [
          [
            [
              37.293625,
              -2.641571428571429
            ],
            [
              37.2951875,
              -2.641571428571429
            ],
            [
              37.2951875,
              -2.6400238095238096
            ],
            [
              37.293625,
              -2.6400238095238096
            ],
            [
              37.293625,
              -2.641571428571429
            ]
          ]
        ]
      }
    },
    {
      "type": "Feature",
      "properties": {
        "cellId": "s1-change-12-0",
        "category": "possible_change",
        "beforeProbability": 0.563,
        "duringProbability": 0,
        "recoveryProbability": 0,
        "deltaDuringBefore": -0.563,
        "deltaRecoveryDuring": 0,
        "method": "sentinel1-window-change-v1"
      },
      "geometry": {
        "type": "Polygon",
        "coordinates": [
          [
            [
              37.228,
              -2.643119047619048
            ],
            [
              37.2295625,
              -2.643119047619048
            ],
            [
              37.2295625,
              -2.641571428571429
            ],
            [
              37.228,
              -2.641571428571429
            ],
            [
              37.228,
              -2.643119047619048
            ]
          ]
        ]
      }
    },
    {
      "type": "Feature",
      "properties": {
        "cellId": "s1-change-12-10",
        "category": "possible_change",
        "beforeProbability": 0,
        "duringProbability": 0,
        "recoveryProbability": 0.483,
        "deltaDuringBefore": 0,
        "deltaRecoveryDuring": 0.483,
        "method": "sentinel1-window-change-v1"
      },
      "geometry": {
        "type": "Polygon",
        "coordinates": [
          [
            [
              37.243625,
              -2.643119047619048
            ],
            [
              37.2451875,
              -2.643119047619048
            ],
            [
              37.2451875,
              -2.641571428571429
            ],
            [
              37.243625,
              -2.641571428571429
            ],
            [
              37.243625,
              -2.643119047619048
            ]
          ]
        ]
      }
    },
    {
      "type": "Feature",
      "properties": {
        "cellId": "s1-change-12-12",
        "category": "possible_change",
        "beforeProbability": 0.457,
        "duringProbability": 0.583,
        "recoveryProbability": 0.616,
        "deltaDuringBefore": 0.126,
        "deltaRecoveryDuring": 0.033,
        "method": "sentinel1-window-change-v1"
      },
      "geometry": {
        "type": "Polygon",
        "coordinates": [
          [
            [
              37.24675,
              -2.643119047619048
            ],
            [
              37.2483125,
              -2.643119047619048
            ],
            [
              37.2483125,
              -2.641571428571429
            ],
            [
              37.24675,
              -2.641571428571429
            ],
            [
              37.24675,
              -2.643119047619048
            ]
          ]
        ]
      }
    },
    {
      "type": "Feature",
      "properties": {
        "cellId": "s1-change-12-13",
        "category": "possible_change",
        "beforeProbability": 0.468,
        "duringProbability": 0.476,
        "recoveryProbability": 0.45,
        "deltaDuringBefore": 0.008,
        "deltaRecoveryDuring": -0.026,
        "method": "sentinel1-window-change-v1"
      },
      "geometry": {
        "type": "Polygon",
        "coordinates": [
          [
            [
              37.2483125,
              -2.643119047619048
            ],
            [
              37.249875,
              -2.643119047619048
            ],
            [
              37.249875,
              -2.641571428571429
            ],
            [
              37.2483125,
              -2.641571428571429
            ],
            [
              37.2483125,
              -2.643119047619048
            ]
          ]
        ]
      }
    },
    {
      "type": "Feature",
      "properties": {
        "cellId": "s1-change-12-15",
        "category": "possible_change",
        "beforeProbability": 0,
        "duringProbability": 0.463,
        "recoveryProbability": 0,
        "deltaDuringBefore": 0.463,
        "deltaRecoveryDuring": -0.463,
        "method": "sentinel1-window-change-v1"
      },
      "geometry": {
        "type": "Polygon",
        "coordinates": [
          [
            [
              37.2514375,
              -2.643119047619048
            ],
            [
              37.253,
              -2.643119047619048
            ],
            [
              37.253,
              -2.641571428571429
            ],
            [
              37.2514375,
              -2.641571428571429
            ],
            [
              37.2514375,
              -2.643119047619048
            ]
          ]
        ]
      }
    },
    {
      "type": "Feature",
      "properties": {
        "cellId": "s1-change-12-21",
        "category": "possible_change",
        "beforeProbability": 0,
        "duringProbability": 0.534,
        "recoveryProbability": 0,
        "deltaDuringBefore": 0.534,
        "deltaRecoveryDuring": -0.534,
        "method": "sentinel1-window-change-v1"
      },
      "geometry": {
        "type": "Polygon",
        "coordinates": [
          [
            [
              37.2608125,
              -2.643119047619048
            ],
            [
              37.262375,
              -2.643119047619048
            ],
            [
              37.262375,
              -2.641571428571429
            ],
            [
              37.2608125,
              -2.641571428571429
            ],
            [
              37.2608125,
              -2.643119047619048
            ]
          ]
        ]
      }
    },
    {
      "type": "Feature",
      "properties": {
        "cellId": "s1-change-12-41",
        "category": "possible_change",
        "beforeProbability": 0.491,
        "duringProbability": 0,
        "recoveryProbability": 0,
        "deltaDuringBefore": -0.491,
        "deltaRecoveryDuring": 0,
        "method": "sentinel1-window-change-v1"
      },
      "geometry": {
        "type": "Polygon",
        "coordinates": [
          [
            [
              37.2920625,
              -2.643119047619048
            ],
            [
              37.293625,
              -2.643119047619048
            ],
            [
              37.293625,
              -2.641571428571429
            ],
            [
              37.2920625,
              -2.641571428571429
            ],
            [
              37.2920625,
              -2.643119047619048
            ]
          ]
        ]
      }
    },
    {
      "type": "Feature",
      "properties": {
        "cellId": "s1-change-12-42",
        "category": "possible_change",
        "beforeProbability": 0.56,
        "duringProbability": 0,
        "recoveryProbability": 0,
        "deltaDuringBefore": -0.56,
        "deltaRecoveryDuring": 0,
        "method": "sentinel1-window-change-v1"
      },
      "geometry": {
        "type": "Polygon",
        "coordinates": [
          [
            [
              37.293625,
              -2.643119047619048
            ],
            [
              37.2951875,
              -2.643119047619048
            ],
            [
              37.2951875,
              -2.641571428571429
            ],
            [
              37.293625,
              -2.641571428571429
            ],
            [
              37.293625,
              -2.643119047619048
            ]
          ]
        ]
      }
    },
    {
      "type": "Feature",
      "properties": {
        "cellId": "s1-change-13-0",
        "category": "possible_change",
        "beforeProbability": 0.744,
        "duringProbability": 0,
        "recoveryProbability": 0,
        "deltaDuringBefore": -0.744,
        "deltaRecoveryDuring": 0,
        "method": "sentinel1-window-change-v1"
      },
      "geometry": {
        "type": "Polygon",
        "coordinates": [
          [
            [
              37.228,
              -2.6446666666666667
            ],
            [
              37.2295625,
              -2.6446666666666667
            ],
            [
              37.2295625,
              -2.643119047619048
            ],
            [
              37.228,
              -2.643119047619048
            ],
            [
              37.228,
              -2.6446666666666667
            ]
          ]
        ]
      }
    },
    {
      "type": "Feature",
      "properties": {
        "cellId": "s1-change-13-1",
        "category": "possible_change",
        "beforeProbability": 0.458,
        "duringProbability": 0,
        "recoveryProbability": 0,
        "deltaDuringBefore": -0.458,
        "deltaRecoveryDuring": 0,
        "method": "sentinel1-window-change-v1"
      },
      "geometry": {
        "type": "Polygon",
        "coordinates": [
          [
            [
              37.2295625,
              -2.6446666666666667
            ],
            [
              37.231125,
              -2.6446666666666667
            ],
            [
              37.231125,
              -2.643119047619048
            ],
            [
              37.2295625,
              -2.643119047619048
            ],
            [
              37.2295625,
              -2.6446666666666667
            ]
          ]
        ]
      }
    },
    {
      "type": "Feature",
      "properties": {
        "cellId": "s1-change-13-10",
        "category": "possible_change",
        "beforeProbability": 0.474,
        "duringProbability": 0,
        "recoveryProbability": 0,
        "deltaDuringBefore": -0.474,
        "deltaRecoveryDuring": 0,
        "method": "sentinel1-window-change-v1"
      },
      "geometry": {
        "type": "Polygon",
        "coordinates": [
          [
            [
              37.243625,
              -2.6446666666666667
            ],
            [
              37.2451875,
              -2.6446666666666667
            ],
            [
              37.2451875,
              -2.643119047619048
            ],
            [
              37.243625,
              -2.643119047619048
            ],
            [
              37.243625,
              -2.6446666666666667
            ]
          ]
        ]
      }
    },
    {
      "type": "Feature",
      "properties": {
        "cellId": "s1-change-13-11",
        "category": "possible_change",
        "beforeProbability": 0.516,
        "duringProbability": 0.476,
        "recoveryProbability": 0,
        "deltaDuringBefore": -0.04,
        "deltaRecoveryDuring": -0.476,
        "method": "sentinel1-window-change-v1"
      },
      "geometry": {
        "type": "Polygon",
        "coordinates": [
          [
            [
              37.2451875,
              -2.6446666666666667
            ],
            [
              37.24675,
              -2.6446666666666667
            ],
            [
              37.24675,
              -2.643119047619048
            ],
            [
              37.2451875,
              -2.643119047619048
            ],
            [
              37.2451875,
              -2.6446666666666667
            ]
          ]
        ]
      }
    },
    {
      "type": "Feature",
      "properties": {
        "cellId": "s1-change-13-13",
        "category": "possible_change",
        "beforeProbability": 0.459,
        "duringProbability": 0,
        "recoveryProbability": 0,
        "deltaDuringBefore": -0.459,
        "deltaRecoveryDuring": 0,
        "method": "sentinel1-window-change-v1"
      },
      "geometry": {
        "type": "Polygon",
        "coordinates": [
          [
            [
              37.2483125,
              -2.6446666666666667
            ],
            [
              37.249875,
              -2.6446666666666667
            ],
            [
              37.249875,
              -2.643119047619048
            ],
            [
              37.2483125,
              -2.643119047619048
            ],
            [
              37.2483125,
              -2.6446666666666667
            ]
          ]
        ]
      }
    },
    {
      "type": "Feature",
      "properties": {
        "cellId": "s1-change-13-17",
        "category": "possible_change",
        "beforeProbability": 0.488,
        "duringProbability": 0,
        "recoveryProbability": 0,
        "deltaDuringBefore": -0.488,
        "deltaRecoveryDuring": 0,
        "method": "sentinel1-window-change-v1"
      },
      "geometry": {
        "type": "Polygon",
        "coordinates": [
          [
            [
              37.2545625,
              -2.6446666666666667
            ],
            [
              37.256125,
              -2.6446666666666667
            ],
            [
              37.256125,
              -2.643119047619048
            ],
            [
              37.2545625,
              -2.643119047619048
            ],
            [
              37.2545625,
              -2.6446666666666667
            ]
          ]
        ]
      }
    },
    {
      "type": "Feature",
      "properties": {
        "cellId": "s1-change-13-21",
        "category": "possible_change",
        "beforeProbability": 0.525,
        "duringProbability": 0.55,
        "recoveryProbability": 0.513,
        "deltaDuringBefore": 0.025,
        "deltaRecoveryDuring": -0.037,
        "method": "sentinel1-window-change-v1"
      },
      "geometry": {
        "type": "Polygon",
        "coordinates": [
          [
            [
              37.2608125,
              -2.6446666666666667
            ],
            [
              37.262375,
              -2.6446666666666667
            ],
            [
              37.262375,
              -2.643119047619048
            ],
            [
              37.2608125,
              -2.643119047619048
            ],
            [
              37.2608125,
              -2.6446666666666667
            ]
          ]
        ]
      }
    },
    {
      "type": "Feature",
      "properties": {
        "cellId": "s1-change-13-40",
        "category": "possible_change",
        "beforeProbability": 0.546,
        "duringProbability": 0.497,
        "recoveryProbability": 0,
        "deltaDuringBefore": -0.049,
        "deltaRecoveryDuring": -0.497,
        "method": "sentinel1-window-change-v1"
      },
      "geometry": {
        "type": "Polygon",
        "coordinates": [
          [
            [
              37.290499999999994,
              -2.6446666666666667
            ],
            [
              37.2920625,
              -2.6446666666666667
            ],
            [
              37.2920625,
              -2.643119047619048
            ],
            [
              37.290499999999994,
              -2.643119047619048
            ],
            [
              37.290499999999994,
              -2.6446666666666667
            ]
          ]
        ]
      }
    },
    {
      "type": "Feature",
      "properties": {
        "cellId": "s1-change-14-0",
        "category": "possible_change",
        "beforeProbability": 0.74,
        "duringProbability": 0.587,
        "recoveryProbability": 0,
        "deltaDuringBefore": -0.153,
        "deltaRecoveryDuring": -0.587,
        "method": "sentinel1-window-change-v1"
      },
      "geometry": {
        "type": "Polygon",
        "coordinates": [
          [
            [
              37.228,
              -2.646214285714286
            ],
            [
              37.2295625,
              -2.646214285714286
            ],
            [
              37.2295625,
              -2.6446666666666667
            ],
            [
              37.228,
              -2.6446666666666667
            ],
            [
              37.228,
              -2.646214285714286
            ]
          ]
        ]
      }
    },
    {
      "type": "Feature",
      "properties": {
        "cellId": "s1-change-14-1",
        "category": "possible_change",
        "beforeProbability": 0.46,
        "duringProbability": 0,
        "recoveryProbability": 0,
        "deltaDuringBefore": -0.46,
        "deltaRecoveryDuring": 0,
        "method": "sentinel1-window-change-v1"
      },
      "geometry": {
        "type": "Polygon",
        "coordinates": [
          [
            [
              37.2295625,
              -2.646214285714286
            ],
            [
              37.231125,
              -2.646214285714286
            ],
            [
              37.231125,
              -2.6446666666666667
            ],
            [
              37.2295625,
              -2.6446666666666667
            ],
            [
              37.2295625,
              -2.646214285714286
            ]
          ]
        ]
      }
    },
    {
      "type": "Feature",
      "properties": {
        "cellId": "s1-change-14-11",
        "category": "possible_change",
        "beforeProbability": 0.607,
        "duringProbability": 0.534,
        "recoveryProbability": 0.591,
        "deltaDuringBefore": -0.073,
        "deltaRecoveryDuring": 0.057,
        "method": "sentinel1-window-change-v1"
      },
      "geometry": {
        "type": "Polygon",
        "coordinates": [
          [
            [
              37.2451875,
              -2.646214285714286
            ],
            [
              37.24675,
              -2.646214285714286
            ],
            [
              37.24675,
              -2.6446666666666667
            ],
            [
              37.2451875,
              -2.6446666666666667
            ],
            [
              37.2451875,
              -2.646214285714286
            ]
          ]
        ]
      }
    },
    {
      "type": "Feature",
      "properties": {
        "cellId": "s1-change-14-12",
        "category": "possible_change",
        "beforeProbability": 0,
        "duringProbability": 0,
        "recoveryProbability": 0.467,
        "deltaDuringBefore": 0,
        "deltaRecoveryDuring": 0.467,
        "method": "sentinel1-window-change-v1"
      },
      "geometry": {
        "type": "Polygon",
        "coordinates": [
          [
            [
              37.24675,
              -2.646214285714286
            ],
            [
              37.2483125,
              -2.646214285714286
            ],
            [
              37.2483125,
              -2.6446666666666667
            ],
            [
              37.24675,
              -2.6446666666666667
            ],
            [
              37.24675,
              -2.646214285714286
            ]
          ]
        ]
      }
    },
    {
      "type": "Feature",
      "properties": {
        "cellId": "s1-change-14-15",
        "category": "possible_change",
        "beforeProbability": 0,
        "duringProbability": 0.458,
        "recoveryProbability": 0,
        "deltaDuringBefore": 0.458,
        "deltaRecoveryDuring": -0.458,
        "method": "sentinel1-window-change-v1"
      },
      "geometry": {
        "type": "Polygon",
        "coordinates": [
          [
            [
              37.2514375,
              -2.646214285714286
            ],
            [
              37.253,
              -2.646214285714286
            ],
            [
              37.253,
              -2.6446666666666667
            ],
            [
              37.2514375,
              -2.6446666666666667
            ],
            [
              37.2514375,
              -2.646214285714286
            ]
          ]
        ]
      }
    },
    {
      "type": "Feature",
      "properties": {
        "cellId": "s1-change-14-17",
        "category": "possible_change",
        "beforeProbability": 0.484,
        "duringProbability": 0,
        "recoveryProbability": 0,
        "deltaDuringBefore": -0.484,
        "deltaRecoveryDuring": 0,
        "method": "sentinel1-window-change-v1"
      },
      "geometry": {
        "type": "Polygon",
        "coordinates": [
          [
            [
              37.2545625,
              -2.646214285714286
            ],
            [
              37.256125,
              -2.646214285714286
            ],
            [
              37.256125,
              -2.6446666666666667
            ],
            [
              37.2545625,
              -2.6446666666666667
            ],
            [
              37.2545625,
              -2.646214285714286
            ]
          ]
        ]
      }
    },
    {
      "type": "Feature",
      "properties": {
        "cellId": "s1-change-14-18",
        "category": "possible_change",
        "beforeProbability": 0.491,
        "duringProbability": 0,
        "recoveryProbability": 0,
        "deltaDuringBefore": -0.491,
        "deltaRecoveryDuring": 0,
        "method": "sentinel1-window-change-v1"
      },
      "geometry": {
        "type": "Polygon",
        "coordinates": [
          [
            [
              37.256125,
              -2.646214285714286
            ],
            [
              37.2576875,
              -2.646214285714286
            ],
            [
              37.2576875,
              -2.6446666666666667
            ],
            [
              37.256125,
              -2.6446666666666667
            ],
            [
              37.256125,
              -2.646214285714286
            ]
          ]
        ]
      }
    },
    {
      "type": "Feature",
      "properties": {
        "cellId": "s1-change-14-22",
        "category": "possible_change",
        "beforeProbability": 0,
        "duringProbability": 0.482,
        "recoveryProbability": 0.456,
        "deltaDuringBefore": 0.482,
        "deltaRecoveryDuring": -0.026,
        "method": "sentinel1-window-change-v1"
      },
      "geometry": {
        "type": "Polygon",
        "coordinates": [
          [
            [
              37.262375,
              -2.646214285714286
            ],
            [
              37.2639375,
              -2.646214285714286
            ],
            [
              37.2639375,
              -2.6446666666666667
            ],
            [
              37.262375,
              -2.6446666666666667
            ],
            [
              37.262375,
              -2.646214285714286
            ]
          ]
        ]
      }
    },
    {
      "type": "Feature",
      "properties": {
        "cellId": "s1-change-14-41",
        "category": "possible_change",
        "beforeProbability": 0,
        "duringProbability": 0.452,
        "recoveryProbability": 0,
        "deltaDuringBefore": 0.452,
        "deltaRecoveryDuring": -0.452,
        "method": "sentinel1-window-change-v1"
      },
      "geometry": {
        "type": "Polygon",
        "coordinates": [
          [
            [
              37.2920625,
              -2.646214285714286
            ],
            [
              37.293625,
              -2.646214285714286
            ],
            [
              37.293625,
              -2.6446666666666667
            ],
            [
              37.2920625,
              -2.6446666666666667
            ],
            [
              37.2920625,
              -2.646214285714286
            ]
          ]
        ]
      }
    },
    {
      "type": "Feature",
      "properties": {
        "cellId": "s1-change-15-0",
        "category": "possible_change",
        "beforeProbability": 0.767,
        "duringProbability": 0.53,
        "recoveryProbability": 0,
        "deltaDuringBefore": -0.237,
        "deltaRecoveryDuring": -0.53,
        "method": "sentinel1-window-change-v1"
      },
      "geometry": {
        "type": "Polygon",
        "coordinates": [
          [
            [
              37.228,
              -2.647761904761905
            ],
            [
              37.2295625,
              -2.647761904761905
            ],
            [
              37.2295625,
              -2.646214285714286
            ],
            [
              37.228,
              -2.646214285714286
            ],
            [
              37.228,
              -2.647761904761905
            ]
          ]
        ]
      }
    },
    {
      "type": "Feature",
      "properties": {
        "cellId": "s1-change-15-1",
        "category": "possible_change",
        "beforeProbability": 0.543,
        "duringProbability": 0,
        "recoveryProbability": 0,
        "deltaDuringBefore": -0.543,
        "deltaRecoveryDuring": 0,
        "method": "sentinel1-window-change-v1"
      },
      "geometry": {
        "type": "Polygon",
        "coordinates": [
          [
            [
              37.2295625,
              -2.647761904761905
            ],
            [
              37.231125,
              -2.647761904761905
            ],
            [
              37.231125,
              -2.646214285714286
            ],
            [
              37.2295625,
              -2.646214285714286
            ],
            [
              37.2295625,
              -2.647761904761905
            ]
          ]
        ]
      }
    },
    {
      "type": "Feature",
      "properties": {
        "cellId": "s1-change-15-11",
        "category": "possible_change",
        "beforeProbability": 0.461,
        "duringProbability": 0.524,
        "recoveryProbability": 0.556,
        "deltaDuringBefore": 0.063,
        "deltaRecoveryDuring": 0.032,
        "method": "sentinel1-window-change-v1"
      },
      "geometry": {
        "type": "Polygon",
        "coordinates": [
          [
            [
              37.2451875,
              -2.647761904761905
            ],
            [
              37.24675,
              -2.647761904761905
            ],
            [
              37.24675,
              -2.646214285714286
            ],
            [
              37.2451875,
              -2.646214285714286
            ],
            [
              37.2451875,
              -2.647761904761905
            ]
          ]
        ]
      }
    },
    {
      "type": "Feature",
      "properties": {
        "cellId": "s1-change-15-12",
        "category": "possible_change",
        "beforeProbability": 0.618,
        "duringProbability": 0.507,
        "recoveryProbability": 0.492,
        "deltaDuringBefore": -0.111,
        "deltaRecoveryDuring": -0.015,
        "method": "sentinel1-window-change-v1"
      },
      "geometry": {
        "type": "Polygon",
        "coordinates": [
          [
            [
              37.24675,
              -2.647761904761905
            ],
            [
              37.2483125,
              -2.647761904761905
            ],
            [
              37.2483125,
              -2.646214285714286
            ],
            [
              37.24675,
              -2.646214285714286
            ],
            [
              37.24675,
              -2.647761904761905
            ]
          ]
        ]
      }
    },
    {
      "type": "Feature",
      "properties": {
        "cellId": "s1-change-15-13",
        "category": "possible_change",
        "beforeProbability": 0.556,
        "duringProbability": 0.512,
        "recoveryProbability": 0,
        "deltaDuringBefore": -0.044,
        "deltaRecoveryDuring": -0.512,
        "method": "sentinel1-window-change-v1"
      },
      "geometry": {
        "type": "Polygon",
        "coordinates": [
          [
            [
              37.2483125,
              -2.647761904761905
            ],
            [
              37.249875,
              -2.647761904761905
            ],
            [
              37.249875,
              -2.646214285714286
            ],
            [
              37.2483125,
              -2.646214285714286
            ],
            [
              37.2483125,
              -2.647761904761905
            ]
          ]
        ]
      }
    },
    {
      "type": "Feature",
      "properties": {
        "cellId": "s1-change-15-14",
        "category": "possible_change",
        "beforeProbability": 0.479,
        "duringProbability": 0.451,
        "recoveryProbability": 0,
        "deltaDuringBefore": -0.028,
        "deltaRecoveryDuring": -0.451,
        "method": "sentinel1-window-change-v1"
      },
      "geometry": {
        "type": "Polygon",
        "coordinates": [
          [
            [
              37.249875,
              -2.647761904761905
            ],
            [
              37.2514375,
              -2.647761904761905
            ],
            [
              37.2514375,
              -2.646214285714286
            ],
            [
              37.249875,
              -2.646214285714286
            ],
            [
              37.249875,
              -2.647761904761905
            ]
          ]
        ]
      }
    },
    {
      "type": "Feature",
      "properties": {
        "cellId": "s1-change-15-15",
        "category": "possible_change",
        "beforeProbability": 0,
        "duringProbability": 0.512,
        "recoveryProbability": 0,
        "deltaDuringBefore": 0.512,
        "deltaRecoveryDuring": -0.512,
        "method": "sentinel1-window-change-v1"
      },
      "geometry": {
        "type": "Polygon",
        "coordinates": [
          [
            [
              37.2514375,
              -2.647761904761905
            ],
            [
              37.253,
              -2.647761904761905
            ],
            [
              37.253,
              -2.646214285714286
            ],
            [
              37.2514375,
              -2.646214285714286
            ],
            [
              37.2514375,
              -2.647761904761905
            ]
          ]
        ]
      }
    },
    {
      "type": "Feature",
      "properties": {
        "cellId": "s1-change-15-17",
        "category": "possible_change",
        "beforeProbability": 0.587,
        "duringProbability": 0,
        "recoveryProbability": 0,
        "deltaDuringBefore": -0.587,
        "deltaRecoveryDuring": 0,
        "method": "sentinel1-window-change-v1"
      },
      "geometry": {
        "type": "Polygon",
        "coordinates": [
          [
            [
              37.2545625,
              -2.647761904761905
            ],
            [
              37.256125,
              -2.647761904761905
            ],
            [
              37.256125,
              -2.646214285714286
            ],
            [
              37.2545625,
              -2.646214285714286
            ],
            [
              37.2545625,
              -2.647761904761905
            ]
          ]
        ]
      }
    },
    {
      "type": "Feature",
      "properties": {
        "cellId": "s1-change-15-18",
        "category": "possible_change",
        "beforeProbability": 0.456,
        "duringProbability": 0,
        "recoveryProbability": 0,
        "deltaDuringBefore": -0.456,
        "deltaRecoveryDuring": 0,
        "method": "sentinel1-window-change-v1"
      },
      "geometry": {
        "type": "Polygon",
        "coordinates": [
          [
            [
              37.256125,
              -2.647761904761905
            ],
            [
              37.2576875,
              -2.647761904761905
            ],
            [
              37.2576875,
              -2.646214285714286
            ],
            [
              37.256125,
              -2.646214285714286
            ],
            [
              37.256125,
              -2.647761904761905
            ]
          ]
        ]
      }
    },
    {
      "type": "Feature",
      "properties": {
        "cellId": "s1-change-15-24",
        "category": "possible_change",
        "beforeProbability": 0,
        "duringProbability": 0.537,
        "recoveryProbability": 0,
        "deltaDuringBefore": 0.537,
        "deltaRecoveryDuring": -0.537,
        "method": "sentinel1-window-change-v1"
      },
      "geometry": {
        "type": "Polygon",
        "coordinates": [
          [
            [
              37.2655,
              -2.647761904761905
            ],
            [
              37.2670625,
              -2.647761904761905
            ],
            [
              37.2670625,
              -2.646214285714286
            ],
            [
              37.2655,
              -2.646214285714286
            ],
            [
              37.2655,
              -2.647761904761905
            ]
          ]
        ]
      }
    },
    {
      "type": "Feature",
      "properties": {
        "cellId": "s1-change-15-25",
        "category": "possible_change",
        "beforeProbability": 0,
        "duringProbability": 0.451,
        "recoveryProbability": 0,
        "deltaDuringBefore": 0.451,
        "deltaRecoveryDuring": -0.451,
        "method": "sentinel1-window-change-v1"
      },
      "geometry": {
        "type": "Polygon",
        "coordinates": [
          [
            [
              37.2670625,
              -2.647761904761905
            ],
            [
              37.268625,
              -2.647761904761905
            ],
            [
              37.268625,
              -2.646214285714286
            ],
            [
              37.2670625,
              -2.646214285714286
            ],
            [
              37.2670625,
              -2.647761904761905
            ]
          ]
        ]
      }
    },
    {
      "type": "Feature",
      "properties": {
        "cellId": "s1-change-15-26",
        "category": "possible_change",
        "beforeProbability": 0,
        "duringProbability": 0.454,
        "recoveryProbability": 0,
        "deltaDuringBefore": 0.454,
        "deltaRecoveryDuring": -0.454,
        "method": "sentinel1-window-change-v1"
      },
      "geometry": {
        "type": "Polygon",
        "coordinates": [
          [
            [
              37.268625,
              -2.647761904761905
            ],
            [
              37.2701875,
              -2.647761904761905
            ],
            [
              37.2701875,
              -2.646214285714286
            ],
            [
              37.268625,
              -2.646214285714286
            ],
            [
              37.268625,
              -2.647761904761905
            ]
          ]
        ]
      }
    },
    {
      "type": "Feature",
      "properties": {
        "cellId": "s1-change-15-35",
        "category": "possible_change",
        "beforeProbability": 0,
        "duringProbability": 0.508,
        "recoveryProbability": 0,
        "deltaDuringBefore": 0.508,
        "deltaRecoveryDuring": -0.508,
        "method": "sentinel1-window-change-v1"
      },
      "geometry": {
        "type": "Polygon",
        "coordinates": [
          [
            [
              37.2826875,
              -2.647761904761905
            ],
            [
              37.28425,
              -2.647761904761905
            ],
            [
              37.28425,
              -2.646214285714286
            ],
            [
              37.2826875,
              -2.646214285714286
            ],
            [
              37.2826875,
              -2.647761904761905
            ]
          ]
        ]
      }
    },
    {
      "type": "Feature",
      "properties": {
        "cellId": "s1-change-15-36",
        "category": "possible_change",
        "beforeProbability": 0,
        "duringProbability": 0.466,
        "recoveryProbability": 0.488,
        "deltaDuringBefore": 0.466,
        "deltaRecoveryDuring": 0.022,
        "method": "sentinel1-window-change-v1"
      },
      "geometry": {
        "type": "Polygon",
        "coordinates": [
          [
            [
              37.28425,
              -2.647761904761905
            ],
            [
              37.2858125,
              -2.647761904761905
            ],
            [
              37.2858125,
              -2.646214285714286
            ],
            [
              37.28425,
              -2.646214285714286
            ],
            [
              37.28425,
              -2.647761904761905
            ]
          ]
        ]
      }
    },
    {
      "type": "Feature",
      "properties": {
        "cellId": "s1-change-15-38",
        "category": "possible_change",
        "beforeProbability": 0,
        "duringProbability": 0.455,
        "recoveryProbability": 0,
        "deltaDuringBefore": 0.455,
        "deltaRecoveryDuring": -0.455,
        "method": "sentinel1-window-change-v1"
      },
      "geometry": {
        "type": "Polygon",
        "coordinates": [
          [
            [
              37.287375,
              -2.647761904761905
            ],
            [
              37.288937499999996,
              -2.647761904761905
            ],
            [
              37.288937499999996,
              -2.646214285714286
            ],
            [
              37.287375,
              -2.646214285714286
            ],
            [
              37.287375,
              -2.647761904761905
            ]
          ]
        ]
      }
    },
    {
      "type": "Feature",
      "properties": {
        "cellId": "s1-change-15-40",
        "category": "possible_change",
        "beforeProbability": 0.452,
        "duringProbability": 0.531,
        "recoveryProbability": 0.492,
        "deltaDuringBefore": 0.079,
        "deltaRecoveryDuring": -0.039,
        "method": "sentinel1-window-change-v1"
      },
      "geometry": {
        "type": "Polygon",
        "coordinates": [
          [
            [
              37.290499999999994,
              -2.647761904761905
            ],
            [
              37.2920625,
              -2.647761904761905
            ],
            [
              37.2920625,
              -2.646214285714286
            ],
            [
              37.290499999999994,
              -2.646214285714286
            ],
            [
              37.290499999999994,
              -2.647761904761905
            ]
          ]
        ]
      }
    },
    {
      "type": "Feature",
      "properties": {
        "cellId": "s1-change-16-0",
        "category": "persistent_water",
        "beforeProbability": 0.636,
        "duringProbability": 0.643,
        "recoveryProbability": 0.513,
        "deltaDuringBefore": 0.007,
        "deltaRecoveryDuring": -0.13,
        "method": "sentinel1-window-change-v1"
      },
      "geometry": {
        "type": "Polygon",
        "coordinates": [
          [
            [
              37.228,
              -2.649309523809524
            ],
            [
              37.2295625,
              -2.649309523809524
            ],
            [
              37.2295625,
              -2.647761904761905
            ],
            [
              37.228,
              -2.647761904761905
            ],
            [
              37.228,
              -2.649309523809524
            ]
          ]
        ]
      }
    },
    {
      "type": "Feature",
      "properties": {
        "cellId": "s1-change-16-12",
        "category": "possible_change",
        "beforeProbability": 0.551,
        "duringProbability": 0.55,
        "recoveryProbability": 0.527,
        "deltaDuringBefore": -0.001,
        "deltaRecoveryDuring": -0.023,
        "method": "sentinel1-window-change-v1"
      },
      "geometry": {
        "type": "Polygon",
        "coordinates": [
          [
            [
              37.24675,
              -2.649309523809524
            ],
            [
              37.2483125,
              -2.649309523809524
            ],
            [
              37.2483125,
              -2.647761904761905
            ],
            [
              37.24675,
              -2.647761904761905
            ],
            [
              37.24675,
              -2.649309523809524
            ]
          ]
        ]
      }
    },
    {
      "type": "Feature",
      "properties": {
        "cellId": "s1-change-16-13",
        "category": "possible_change",
        "beforeProbability": 0.635,
        "duringProbability": 0.552,
        "recoveryProbability": 0.468,
        "deltaDuringBefore": -0.083,
        "deltaRecoveryDuring": -0.084,
        "method": "sentinel1-window-change-v1"
      },
      "geometry": {
        "type": "Polygon",
        "coordinates": [
          [
            [
              37.2483125,
              -2.649309523809524
            ],
            [
              37.249875,
              -2.649309523809524
            ],
            [
              37.249875,
              -2.647761904761905
            ],
            [
              37.2483125,
              -2.647761904761905
            ],
            [
              37.2483125,
              -2.649309523809524
            ]
          ]
        ]
      }
    },
    {
      "type": "Feature",
      "properties": {
        "cellId": "s1-change-16-14",
        "category": "possible_change",
        "beforeProbability": 0.553,
        "duringProbability": 0.547,
        "recoveryProbability": 0.592,
        "deltaDuringBefore": -0.006,
        "deltaRecoveryDuring": 0.045,
        "method": "sentinel1-window-change-v1"
      },
      "geometry": {
        "type": "Polygon",
        "coordinates": [
          [
            [
              37.249875,
              -2.649309523809524
            ],
            [
              37.2514375,
              -2.649309523809524
            ],
            [
              37.2514375,
              -2.647761904761905
            ],
            [
              37.249875,
              -2.647761904761905
            ],
            [
              37.249875,
              -2.649309523809524
            ]
          ]
        ]
      }
    },
    {
      "type": "Feature",
      "properties": {
        "cellId": "s1-change-16-15",
        "category": "possible_change",
        "beforeProbability": 0.476,
        "duringProbability": 0.467,
        "recoveryProbability": 0,
        "deltaDuringBefore": -0.009,
        "deltaRecoveryDuring": -0.467,
        "method": "sentinel1-window-change-v1"
      },
      "geometry": {
        "type": "Polygon",
        "coordinates": [
          [
            [
              37.2514375,
              -2.649309523809524
            ],
            [
              37.253,
              -2.649309523809524
            ],
            [
              37.253,
              -2.647761904761905
            ],
            [
              37.2514375,
              -2.647761904761905
            ],
            [
              37.2514375,
              -2.649309523809524
            ]
          ]
        ]
      }
    },
    {
      "type": "Feature",
      "properties": {
        "cellId": "s1-change-16-16",
        "category": "possible_change",
        "beforeProbability": 0.497,
        "duringProbability": 0,
        "recoveryProbability": 0,
        "deltaDuringBefore": -0.497,
        "deltaRecoveryDuring": 0,
        "method": "sentinel1-window-change-v1"
      },
      "geometry": {
        "type": "Polygon",
        "coordinates": [
          [
            [
              37.253,
              -2.649309523809524
            ],
            [
              37.2545625,
              -2.649309523809524
            ],
            [
              37.2545625,
              -2.647761904761905
            ],
            [
              37.253,
              -2.647761904761905
            ],
            [
              37.253,
              -2.649309523809524
            ]
          ]
        ]
      }
    },
    {
      "type": "Feature",
      "properties": {
        "cellId": "s1-change-16-17",
        "category": "possible_change",
        "beforeProbability": 0.538,
        "duringProbability": 0,
        "recoveryProbability": 0,
        "deltaDuringBefore": -0.538,
        "deltaRecoveryDuring": 0,
        "method": "sentinel1-window-change-v1"
      },
      "geometry": {
        "type": "Polygon",
        "coordinates": [
          [
            [
              37.2545625,
              -2.649309523809524
            ],
            [
              37.256125,
              -2.649309523809524
            ],
            [
              37.256125,
              -2.647761904761905
            ],
            [
              37.2545625,
              -2.647761904761905
            ],
            [
              37.2545625,
              -2.649309523809524
            ]
          ]
        ]
      }
    },
    {
      "type": "Feature",
      "properties": {
        "cellId": "s1-change-16-18",
        "category": "possible_change",
        "beforeProbability": 0.466,
        "duringProbability": 0,
        "recoveryProbability": 0,
        "deltaDuringBefore": -0.466,
        "deltaRecoveryDuring": 0,
        "method": "sentinel1-window-change-v1"
      },
      "geometry": {
        "type": "Polygon",
        "coordinates": [
          [
            [
              37.256125,
              -2.649309523809524
            ],
            [
              37.2576875,
              -2.649309523809524
            ],
            [
              37.2576875,
              -2.647761904761905
            ],
            [
              37.256125,
              -2.647761904761905
            ],
            [
              37.256125,
              -2.649309523809524
            ]
          ]
        ]
      }
    },
    {
      "type": "Feature",
      "properties": {
        "cellId": "s1-change-16-20",
        "category": "possible_change",
        "beforeProbability": 0.505,
        "duringProbability": 0,
        "recoveryProbability": 0,
        "deltaDuringBefore": -0.505,
        "deltaRecoveryDuring": 0,
        "method": "sentinel1-window-change-v1"
      },
      "geometry": {
        "type": "Polygon",
        "coordinates": [
          [
            [
              37.25925,
              -2.649309523809524
            ],
            [
              37.2608125,
              -2.649309523809524
            ],
            [
              37.2608125,
              -2.647761904761905
            ],
            [
              37.25925,
              -2.647761904761905
            ],
            [
              37.25925,
              -2.649309523809524
            ]
          ]
        ]
      }
    },
    {
      "type": "Feature",
      "properties": {
        "cellId": "s1-change-16-21",
        "category": "possible_change",
        "beforeProbability": 0.489,
        "duringProbability": 0,
        "recoveryProbability": 0,
        "deltaDuringBefore": -0.489,
        "deltaRecoveryDuring": 0,
        "method": "sentinel1-window-change-v1"
      },
      "geometry": {
        "type": "Polygon",
        "coordinates": [
          [
            [
              37.2608125,
              -2.649309523809524
            ],
            [
              37.262375,
              -2.649309523809524
            ],
            [
              37.262375,
              -2.647761904761905
            ],
            [
              37.2608125,
              -2.647761904761905
            ],
            [
              37.2608125,
              -2.649309523809524
            ]
          ]
        ]
      }
    },
    {
      "type": "Feature",
      "properties": {
        "cellId": "s1-change-16-3",
        "category": "possible_change",
        "beforeProbability": 0.479,
        "duringProbability": 0,
        "recoveryProbability": 0,
        "deltaDuringBefore": -0.479,
        "deltaRecoveryDuring": 0,
        "method": "sentinel1-window-change-v1"
      },
      "geometry": {
        "type": "Polygon",
        "coordinates": [
          [
            [
              37.232687500000004,
              -2.649309523809524
            ],
            [
              37.23425,
              -2.649309523809524
            ],
            [
              37.23425,
              -2.647761904761905
            ],
            [
              37.232687500000004,
              -2.647761904761905
            ],
            [
              37.232687500000004,
              -2.649309523809524
            ]
          ]
        ]
      }
    },
    {
      "type": "Feature",
      "properties": {
        "cellId": "s1-change-16-41",
        "category": "possible_change",
        "beforeProbability": 0.463,
        "duringProbability": 0.479,
        "recoveryProbability": 0,
        "deltaDuringBefore": 0.016,
        "deltaRecoveryDuring": -0.479,
        "method": "sentinel1-window-change-v1"
      },
      "geometry": {
        "type": "Polygon",
        "coordinates": [
          [
            [
              37.2920625,
              -2.649309523809524
            ],
            [
              37.293625,
              -2.649309523809524
            ],
            [
              37.293625,
              -2.647761904761905
            ],
            [
              37.2920625,
              -2.647761904761905
            ],
            [
              37.2920625,
              -2.649309523809524
            ]
          ]
        ]
      }
    },
    {
      "type": "Feature",
      "properties": {
        "cellId": "s1-change-17-0",
        "category": "possible_change",
        "beforeProbability": 0.545,
        "duringProbability": 0.576,
        "recoveryProbability": 0,
        "deltaDuringBefore": 0.031,
        "deltaRecoveryDuring": -0.576,
        "method": "sentinel1-window-change-v1"
      },
      "geometry": {
        "type": "Polygon",
        "coordinates": [
          [
            [
              37.228,
              -2.6508571428571432
            ],
            [
              37.2295625,
              -2.6508571428571432
            ],
            [
              37.2295625,
              -2.649309523809524
            ],
            [
              37.228,
              -2.649309523809524
            ],
            [
              37.228,
              -2.6508571428571432
            ]
          ]
        ]
      }
    },
    {
      "type": "Feature",
      "properties": {
        "cellId": "s1-change-17-1",
        "category": "possible_change",
        "beforeProbability": 0.51,
        "duringProbability": 0,
        "recoveryProbability": 0,
        "deltaDuringBefore": -0.51,
        "deltaRecoveryDuring": 0,
        "method": "sentinel1-window-change-v1"
      },
      "geometry": {
        "type": "Polygon",
        "coordinates": [
          [
            [
              37.2295625,
              -2.6508571428571432
            ],
            [
              37.231125,
              -2.6508571428571432
            ],
            [
              37.231125,
              -2.649309523809524
            ],
            [
              37.2295625,
              -2.649309523809524
            ],
            [
              37.2295625,
              -2.6508571428571432
            ]
          ]
        ]
      }
    },
    {
      "type": "Feature",
      "properties": {
        "cellId": "s1-change-17-12",
        "category": "possible_change",
        "beforeProbability": 0.486,
        "duringProbability": 0,
        "recoveryProbability": 0.453,
        "deltaDuringBefore": -0.486,
        "deltaRecoveryDuring": 0.453,
        "method": "sentinel1-window-change-v1"
      },
      "geometry": {
        "type": "Polygon",
        "coordinates": [
          [
            [
              37.24675,
              -2.6508571428571432
            ],
            [
              37.2483125,
              -2.6508571428571432
            ],
            [
              37.2483125,
              -2.649309523809524
            ],
            [
              37.24675,
              -2.649309523809524
            ],
            [
              37.24675,
              -2.6508571428571432
            ]
          ]
        ]
      }
    },
    {
      "type": "Feature",
      "properties": {
        "cellId": "s1-change-17-13",
        "category": "possible_change",
        "beforeProbability": 0.622,
        "duringProbability": 0.565,
        "recoveryProbability": 0.49,
        "deltaDuringBefore": -0.057,
        "deltaRecoveryDuring": -0.075,
        "method": "sentinel1-window-change-v1"
      },
      "geometry": {
        "type": "Polygon",
        "coordinates": [
          [
            [
              37.2483125,
              -2.6508571428571432
            ],
            [
              37.249875,
              -2.6508571428571432
            ],
            [
              37.249875,
              -2.649309523809524
            ],
            [
              37.2483125,
              -2.649309523809524
            ],
            [
              37.2483125,
              -2.6508571428571432
            ]
          ]
        ]
      }
    },
    {
      "type": "Feature",
      "properties": {
        "cellId": "s1-change-17-14",
        "category": "possible_change",
        "beforeProbability": 0.669,
        "duringProbability": 0.562,
        "recoveryProbability": 0.613,
        "deltaDuringBefore": -0.107,
        "deltaRecoveryDuring": 0.051,
        "method": "sentinel1-window-change-v1"
      },
      "geometry": {
        "type": "Polygon",
        "coordinates": [
          [
            [
              37.249875,
              -2.6508571428571432
            ],
            [
              37.2514375,
              -2.6508571428571432
            ],
            [
              37.2514375,
              -2.649309523809524
            ],
            [
              37.249875,
              -2.649309523809524
            ],
            [
              37.249875,
              -2.6508571428571432
            ]
          ]
        ]
      }
    },
    {
      "type": "Feature",
      "properties": {
        "cellId": "s1-change-17-15",
        "category": "possible_change",
        "beforeProbability": 0.582,
        "duringProbability": 0.595,
        "recoveryProbability": 0.472,
        "deltaDuringBefore": 0.013,
        "deltaRecoveryDuring": -0.123,
        "method": "sentinel1-window-change-v1"
      },
      "geometry": {
        "type": "Polygon",
        "coordinates": [
          [
            [
              37.2514375,
              -2.6508571428571432
            ],
            [
              37.253,
              -2.6508571428571432
            ],
            [
              37.253,
              -2.649309523809524
            ],
            [
              37.2514375,
              -2.649309523809524
            ],
            [
              37.2514375,
              -2.6508571428571432
            ]
          ]
        ]
      }
    },
    {
      "type": "Feature",
      "properties": {
        "cellId": "s1-change-17-16",
        "category": "possible_change",
        "beforeProbability": 0.509,
        "duringProbability": 0,
        "recoveryProbability": 0,
        "deltaDuringBefore": -0.509,
        "deltaRecoveryDuring": 0,
        "method": "sentinel1-window-change-v1"
      },
      "geometry": {
        "type": "Polygon",
        "coordinates": [
          [
            [
              37.253,
              -2.6508571428571432
            ],
            [
              37.2545625,
              -2.6508571428571432
            ],
            [
              37.2545625,
              -2.649309523809524
            ],
            [
              37.253,
              -2.649309523809524
            ],
            [
              37.253,
              -2.6508571428571432
            ]
          ]
        ]
      }
    },
    {
      "type": "Feature",
      "properties": {
        "cellId": "s1-change-17-17",
        "category": "possible_change",
        "beforeProbability": 0.496,
        "duringProbability": 0,
        "recoveryProbability": 0,
        "deltaDuringBefore": -0.496,
        "deltaRecoveryDuring": 0,
        "method": "sentinel1-window-change-v1"
      },
      "geometry": {
        "type": "Polygon",
        "coordinates": [
          [
            [
              37.2545625,
              -2.6508571428571432
            ],
            [
              37.256125,
              -2.6508571428571432
            ],
            [
              37.256125,
              -2.649309523809524
            ],
            [
              37.2545625,
              -2.649309523809524
            ],
            [
              37.2545625,
              -2.6508571428571432
            ]
          ]
        ]
      }
    },
    {
      "type": "Feature",
      "properties": {
        "cellId": "s1-change-17-18",
        "category": "possible_change",
        "beforeProbability": 0.507,
        "duringProbability": 0,
        "recoveryProbability": 0,
        "deltaDuringBefore": -0.507,
        "deltaRecoveryDuring": 0,
        "method": "sentinel1-window-change-v1"
      },
      "geometry": {
        "type": "Polygon",
        "coordinates": [
          [
            [
              37.256125,
              -2.6508571428571432
            ],
            [
              37.2576875,
              -2.6508571428571432
            ],
            [
              37.2576875,
              -2.649309523809524
            ],
            [
              37.256125,
              -2.649309523809524
            ],
            [
              37.256125,
              -2.6508571428571432
            ]
          ]
        ]
      }
    },
    {
      "type": "Feature",
      "properties": {
        "cellId": "s1-change-17-20",
        "category": "possible_change",
        "beforeProbability": 0.45,
        "duringProbability": 0,
        "recoveryProbability": 0,
        "deltaDuringBefore": -0.45,
        "deltaRecoveryDuring": 0,
        "method": "sentinel1-window-change-v1"
      },
      "geometry": {
        "type": "Polygon",
        "coordinates": [
          [
            [
              37.25925,
              -2.6508571428571432
            ],
            [
              37.2608125,
              -2.6508571428571432
            ],
            [
              37.2608125,
              -2.649309523809524
            ],
            [
              37.25925,
              -2.649309523809524
            ],
            [
              37.25925,
              -2.6508571428571432
            ]
          ]
        ]
      }
    },
    {
      "type": "Feature",
      "properties": {
        "cellId": "s1-change-17-21",
        "category": "possible_change",
        "beforeProbability": 0.459,
        "duringProbability": 0,
        "recoveryProbability": 0,
        "deltaDuringBefore": -0.459,
        "deltaRecoveryDuring": 0,
        "method": "sentinel1-window-change-v1"
      },
      "geometry": {
        "type": "Polygon",
        "coordinates": [
          [
            [
              37.2608125,
              -2.6508571428571432
            ],
            [
              37.262375,
              -2.6508571428571432
            ],
            [
              37.262375,
              -2.649309523809524
            ],
            [
              37.2608125,
              -2.649309523809524
            ],
            [
              37.2608125,
              -2.6508571428571432
            ]
          ]
        ]
      }
    },
    {
      "type": "Feature",
      "properties": {
        "cellId": "s1-change-17-34",
        "category": "possible_change",
        "beforeProbability": 0,
        "duringProbability": 0.477,
        "recoveryProbability": 0.472,
        "deltaDuringBefore": 0.477,
        "deltaRecoveryDuring": -0.005,
        "method": "sentinel1-window-change-v1"
      },
      "geometry": {
        "type": "Polygon",
        "coordinates": [
          [
            [
              37.281124999999996,
              -2.6508571428571432
            ],
            [
              37.2826875,
              -2.6508571428571432
            ],
            [
              37.2826875,
              -2.649309523809524
            ],
            [
              37.281124999999996,
              -2.649309523809524
            ],
            [
              37.281124999999996,
              -2.6508571428571432
            ]
          ]
        ]
      }
    },
    {
      "type": "Feature",
      "properties": {
        "cellId": "s1-change-17-47",
        "category": "possible_change",
        "beforeProbability": 0,
        "duringProbability": 0.45,
        "recoveryProbability": 0,
        "deltaDuringBefore": 0.45,
        "deltaRecoveryDuring": -0.45,
        "method": "sentinel1-window-change-v1"
      },
      "geometry": {
        "type": "Polygon",
        "coordinates": [
          [
            [
              37.3014375,
              -2.6508571428571432
            ],
            [
              37.303,
              -2.6508571428571432
            ],
            [
              37.303,
              -2.649309523809524
            ],
            [
              37.3014375,
              -2.649309523809524
            ],
            [
              37.3014375,
              -2.6508571428571432
            ]
          ]
        ]
      }
    },
    {
      "type": "Feature",
      "properties": {
        "cellId": "s1-change-18-0",
        "category": "persistent_water",
        "beforeProbability": 0.672,
        "duringProbability": 0.622,
        "recoveryProbability": 0,
        "deltaDuringBefore": -0.05,
        "deltaRecoveryDuring": -0.622,
        "method": "sentinel1-window-change-v1"
      },
      "geometry": {
        "type": "Polygon",
        "coordinates": [
          [
            [
              37.228,
              -2.652404761904762
            ],
            [
              37.2295625,
              -2.652404761904762
            ],
            [
              37.2295625,
              -2.6508571428571432
            ],
            [
              37.228,
              -2.6508571428571432
            ],
            [
              37.228,
              -2.652404761904762
            ]
          ]
        ]
      }
    },
    {
      "type": "Feature",
      "properties": {
        "cellId": "s1-change-18-13",
        "category": "possible_change",
        "beforeProbability": 0.492,
        "duringProbability": 0.451,
        "recoveryProbability": 0,
        "deltaDuringBefore": -0.041,
        "deltaRecoveryDuring": -0.451,
        "method": "sentinel1-window-change-v1"
      },
      "geometry": {
        "type": "Polygon",
        "coordinates": [
          [
            [
              37.2483125,
              -2.652404761904762
            ],
            [
              37.249875,
              -2.652404761904762
            ],
            [
              37.249875,
              -2.6508571428571432
            ],
            [
              37.2483125,
              -2.6508571428571432
            ],
            [
              37.2483125,
              -2.652404761904762
            ]
          ]
        ]
      }
    },
    {
      "type": "Feature",
      "properties": {
        "cellId": "s1-change-18-14",
        "category": "possible_change",
        "beforeProbability": 0.605,
        "duringProbability": 0.553,
        "recoveryProbability": 0.502,
        "deltaDuringBefore": -0.052,
        "deltaRecoveryDuring": -0.051,
        "method": "sentinel1-window-change-v1"
      },
      "geometry": {
        "type": "Polygon",
        "coordinates": [
          [
            [
              37.249875,
              -2.652404761904762
            ],
            [
              37.2514375,
              -2.652404761904762
            ],
            [
              37.2514375,
              -2.6508571428571432
            ],
            [
              37.249875,
              -2.6508571428571432
            ],
            [
              37.249875,
              -2.652404761904762
            ]
          ]
        ]
      }
    },
    {
      "type": "Feature",
      "properties": {
        "cellId": "s1-change-18-15",
        "category": "possible_change",
        "beforeProbability": 0.462,
        "duringProbability": 0.537,
        "recoveryProbability": 0.481,
        "deltaDuringBefore": 0.075,
        "deltaRecoveryDuring": -0.056,
        "method": "sentinel1-window-change-v1"
      },
      "geometry": {
        "type": "Polygon",
        "coordinates": [
          [
            [
              37.2514375,
              -2.652404761904762
            ],
            [
              37.253,
              -2.652404761904762
            ],
            [
              37.253,
              -2.6508571428571432
            ],
            [
              37.2514375,
              -2.6508571428571432
            ],
            [
              37.2514375,
              -2.652404761904762
            ]
          ]
        ]
      }
    },
    {
      "type": "Feature",
      "properties": {
        "cellId": "s1-change-18-17",
        "category": "possible_change",
        "beforeProbability": 0.489,
        "duringProbability": 0.455,
        "recoveryProbability": 0,
        "deltaDuringBefore": -0.034,
        "deltaRecoveryDuring": -0.455,
        "method": "sentinel1-window-change-v1"
      },
      "geometry": {
        "type": "Polygon",
        "coordinates": [
          [
            [
              37.2545625,
              -2.652404761904762
            ],
            [
              37.256125,
              -2.652404761904762
            ],
            [
              37.256125,
              -2.6508571428571432
            ],
            [
              37.2545625,
              -2.6508571428571432
            ],
            [
              37.2545625,
              -2.652404761904762
            ]
          ]
        ]
      }
    },
    {
      "type": "Feature",
      "properties": {
        "cellId": "s1-change-18-19",
        "category": "possible_change",
        "beforeProbability": 0.55,
        "duringProbability": 0,
        "recoveryProbability": 0,
        "deltaDuringBefore": -0.55,
        "deltaRecoveryDuring": 0,
        "method": "sentinel1-window-change-v1"
      },
      "geometry": {
        "type": "Polygon",
        "coordinates": [
          [
            [
              37.2576875,
              -2.652404761904762
            ],
            [
              37.25925,
              -2.652404761904762
            ],
            [
              37.25925,
              -2.6508571428571432
            ],
            [
              37.2576875,
              -2.6508571428571432
            ],
            [
              37.2576875,
              -2.652404761904762
            ]
          ]
        ]
      }
    },
    {
      "type": "Feature",
      "properties": {
        "cellId": "s1-change-18-20",
        "category": "possible_change",
        "beforeProbability": 0.529,
        "duringProbability": 0,
        "recoveryProbability": 0,
        "deltaDuringBefore": -0.529,
        "deltaRecoveryDuring": 0,
        "method": "sentinel1-window-change-v1"
      },
      "geometry": {
        "type": "Polygon",
        "coordinates": [
          [
            [
              37.25925,
              -2.652404761904762
            ],
            [
              37.2608125,
              -2.652404761904762
            ],
            [
              37.2608125,
              -2.6508571428571432
            ],
            [
              37.25925,
              -2.6508571428571432
            ],
            [
              37.25925,
              -2.652404761904762
            ]
          ]
        ]
      }
    },
    {
      "type": "Feature",
      "properties": {
        "cellId": "s1-change-18-21",
        "category": "possible_change",
        "beforeProbability": 0,
        "duringProbability": 0.538,
        "recoveryProbability": 0,
        "deltaDuringBefore": 0.538,
        "deltaRecoveryDuring": -0.538,
        "method": "sentinel1-window-change-v1"
      },
      "geometry": {
        "type": "Polygon",
        "coordinates": [
          [
            [
              37.2608125,
              -2.652404761904762
            ],
            [
              37.262375,
              -2.652404761904762
            ],
            [
              37.262375,
              -2.6508571428571432
            ],
            [
              37.2608125,
              -2.6508571428571432
            ],
            [
              37.2608125,
              -2.652404761904762
            ]
          ]
        ]
      }
    },
    {
      "type": "Feature",
      "properties": {
        "cellId": "s1-change-18-34",
        "category": "possible_change",
        "beforeProbability": 0,
        "duringProbability": 0.474,
        "recoveryProbability": 0,
        "deltaDuringBefore": 0.474,
        "deltaRecoveryDuring": -0.474,
        "method": "sentinel1-window-change-v1"
      },
      "geometry": {
        "type": "Polygon",
        "coordinates": [
          [
            [
              37.281124999999996,
              -2.652404761904762
            ],
            [
              37.2826875,
              -2.652404761904762
            ],
            [
              37.2826875,
              -2.6508571428571432
            ],
            [
              37.281124999999996,
              -2.6508571428571432
            ],
            [
              37.281124999999996,
              -2.652404761904762
            ]
          ]
        ]
      }
    },
    {
      "type": "Feature",
      "properties": {
        "cellId": "s1-change-18-47",
        "category": "possible_change",
        "beforeProbability": 0,
        "duringProbability": 0.484,
        "recoveryProbability": 0.457,
        "deltaDuringBefore": 0.484,
        "deltaRecoveryDuring": -0.027,
        "method": "sentinel1-window-change-v1"
      },
      "geometry": {
        "type": "Polygon",
        "coordinates": [
          [
            [
              37.3014375,
              -2.652404761904762
            ],
            [
              37.303,
              -2.652404761904762
            ],
            [
              37.303,
              -2.6508571428571432
            ],
            [
              37.3014375,
              -2.6508571428571432
            ],
            [
              37.3014375,
              -2.652404761904762
            ]
          ]
        ]
      }
    },
    {
      "type": "Feature",
      "properties": {
        "cellId": "s1-change-19-0",
        "category": "possible_change",
        "beforeProbability": 0.626,
        "duringProbability": 0.554,
        "recoveryProbability": 0.502,
        "deltaDuringBefore": -0.072,
        "deltaRecoveryDuring": -0.052,
        "method": "sentinel1-window-change-v1"
      },
      "geometry": {
        "type": "Polygon",
        "coordinates": [
          [
            [
              37.228,
              -2.653952380952381
            ],
            [
              37.2295625,
              -2.653952380952381
            ],
            [
              37.2295625,
              -2.652404761904762
            ],
            [
              37.228,
              -2.652404761904762
            ],
            [
              37.228,
              -2.653952380952381
            ]
          ]
        ]
      }
    },
    {
      "type": "Feature",
      "properties": {
        "cellId": "s1-change-19-12",
        "category": "possible_change",
        "beforeProbability": 0.472,
        "duringProbability": 0,
        "recoveryProbability": 0,
        "deltaDuringBefore": -0.472,
        "deltaRecoveryDuring": 0,
        "method": "sentinel1-window-change-v1"
      },
      "geometry": {
        "type": "Polygon",
        "coordinates": [
          [
            [
              37.24675,
              -2.653952380952381
            ],
            [
              37.2483125,
              -2.653952380952381
            ],
            [
              37.2483125,
              -2.652404761904762
            ],
            [
              37.24675,
              -2.652404761904762
            ],
            [
              37.24675,
              -2.653952380952381
            ]
          ]
        ]
      }
    },
    {
      "type": "Feature",
      "properties": {
        "cellId": "s1-change-19-14",
        "category": "possible_change",
        "beforeProbability": 0.603,
        "duringProbability": 0.466,
        "recoveryProbability": 0,
        "deltaDuringBefore": -0.137,
        "deltaRecoveryDuring": -0.466,
        "method": "sentinel1-window-change-v1"
      },
      "geometry": {
        "type": "Polygon",
        "coordinates": [
          [
            [
              37.249875,
              -2.653952380952381
            ],
            [
              37.2514375,
              -2.653952380952381
            ],
            [
              37.2514375,
              -2.652404761904762
            ],
            [
              37.249875,
              -2.652404761904762
            ],
            [
              37.249875,
              -2.653952380952381
            ]
          ]
        ]
      }
    },
    {
      "type": "Feature",
      "properties": {
        "cellId": "s1-change-19-15",
        "category": "possible_change",
        "beforeProbability": 0.553,
        "duringProbability": 0.505,
        "recoveryProbability": 0,
        "deltaDuringBefore": -0.048,
        "deltaRecoveryDuring": -0.505,
        "method": "sentinel1-window-change-v1"
      },
      "geometry": {
        "type": "Polygon",
        "coordinates": [
          [
            [
              37.2514375,
              -2.653952380952381
            ],
            [
              37.253,
              -2.653952380952381
            ],
            [
              37.253,
              -2.652404761904762
            ],
            [
              37.2514375,
              -2.652404761904762
            ],
            [
              37.2514375,
              -2.653952380952381
            ]
          ]
        ]
      }
    },
    {
      "type": "Feature",
      "properties": {
        "cellId": "s1-change-19-18",
        "category": "possible_change",
        "beforeProbability": 0.476,
        "duringProbability": 0,
        "recoveryProbability": 0,
        "deltaDuringBefore": -0.476,
        "deltaRecoveryDuring": 0,
        "method": "sentinel1-window-change-v1"
      },
      "geometry": {
        "type": "Polygon",
        "coordinates": [
          [
            [
              37.256125,
              -2.653952380952381
            ],
            [
              37.2576875,
              -2.653952380952381
            ],
            [
              37.2576875,
              -2.652404761904762
            ],
            [
              37.256125,
              -2.652404761904762
            ],
            [
              37.256125,
              -2.653952380952381
            ]
          ]
        ]
      }
    },
    {
      "type": "Feature",
      "properties": {
        "cellId": "s1-change-19-19",
        "category": "possible_change",
        "beforeProbability": 0.573,
        "duringProbability": 0,
        "recoveryProbability": 0,
        "deltaDuringBefore": -0.573,
        "deltaRecoveryDuring": 0,
        "method": "sentinel1-window-change-v1"
      },
      "geometry": {
        "type": "Polygon",
        "coordinates": [
          [
            [
              37.2576875,
              -2.653952380952381
            ],
            [
              37.25925,
              -2.653952380952381
            ],
            [
              37.25925,
              -2.652404761904762
            ],
            [
              37.2576875,
              -2.652404761904762
            ],
            [
              37.2576875,
              -2.653952380952381
            ]
          ]
        ]
      }
    },
    {
      "type": "Feature",
      "properties": {
        "cellId": "s1-change-19-20",
        "category": "possible_change",
        "beforeProbability": 0.546,
        "duringProbability": 0,
        "recoveryProbability": 0,
        "deltaDuringBefore": -0.546,
        "deltaRecoveryDuring": 0,
        "method": "sentinel1-window-change-v1"
      },
      "geometry": {
        "type": "Polygon",
        "coordinates": [
          [
            [
              37.25925,
              -2.653952380952381
            ],
            [
              37.2608125,
              -2.653952380952381
            ],
            [
              37.2608125,
              -2.652404761904762
            ],
            [
              37.25925,
              -2.652404761904762
            ],
            [
              37.25925,
              -2.653952380952381
            ]
          ]
        ]
      }
    },
    {
      "type": "Feature",
      "properties": {
        "cellId": "s1-change-19-21",
        "category": "possible_change",
        "beforeProbability": 0.547,
        "duringProbability": 0.499,
        "recoveryProbability": 0,
        "deltaDuringBefore": -0.048,
        "deltaRecoveryDuring": -0.499,
        "method": "sentinel1-window-change-v1"
      },
      "geometry": {
        "type": "Polygon",
        "coordinates": [
          [
            [
              37.2608125,
              -2.653952380952381
            ],
            [
              37.262375,
              -2.653952380952381
            ],
            [
              37.262375,
              -2.652404761904762
            ],
            [
              37.2608125,
              -2.652404761904762
            ],
            [
              37.2608125,
              -2.653952380952381
            ]
          ]
        ]
      }
    },
    {
      "type": "Feature",
      "properties": {
        "cellId": "s1-change-19-30",
        "category": "possible_change",
        "beforeProbability": 0,
        "duringProbability": 0.508,
        "recoveryProbability": 0,
        "deltaDuringBefore": 0.508,
        "deltaRecoveryDuring": -0.508,
        "method": "sentinel1-window-change-v1"
      },
      "geometry": {
        "type": "Polygon",
        "coordinates": [
          [
            [
              37.274875,
              -2.653952380952381
            ],
            [
              37.2764375,
              -2.653952380952381
            ],
            [
              37.2764375,
              -2.652404761904762
            ],
            [
              37.274875,
              -2.652404761904762
            ],
            [
              37.274875,
              -2.653952380952381
            ]
          ]
        ]
      }
    },
    {
      "type": "Feature",
      "properties": {
        "cellId": "s1-change-2-21",
        "category": "possible_change",
        "beforeProbability": 0.474,
        "duringProbability": 0,
        "recoveryProbability": 0,
        "deltaDuringBefore": -0.474,
        "deltaRecoveryDuring": 0,
        "method": "sentinel1-window-change-v1"
      },
      "geometry": {
        "type": "Polygon",
        "coordinates": [
          [
            [
              37.2608125,
              -2.6276428571428574
            ],
            [
              37.262375,
              -2.6276428571428574
            ],
            [
              37.262375,
              -2.6260952380952385
            ],
            [
              37.2608125,
              -2.6260952380952385
            ],
            [
              37.2608125,
              -2.6276428571428574
            ]
          ]
        ]
      }
    },
    {
      "type": "Feature",
      "properties": {
        "cellId": "s1-change-20-0",
        "category": "possible_change",
        "beforeProbability": 0,
        "duringProbability": 0.565,
        "recoveryProbability": 0.542,
        "deltaDuringBefore": 0.565,
        "deltaRecoveryDuring": -0.023,
        "method": "sentinel1-window-change-v1"
      },
      "geometry": {
        "type": "Polygon",
        "coordinates": [
          [
            [
              37.228,
              -2.6555
            ],
            [
              37.2295625,
              -2.6555
            ],
            [
              37.2295625,
              -2.653952380952381
            ],
            [
              37.228,
              -2.653952380952381
            ],
            [
              37.228,
              -2.6555
            ]
          ]
        ]
      }
    },
    {
      "type": "Feature",
      "properties": {
        "cellId": "s1-change-20-12",
        "category": "possible_change",
        "beforeProbability": 0.509,
        "duringProbability": 0,
        "recoveryProbability": 0,
        "deltaDuringBefore": -0.509,
        "deltaRecoveryDuring": 0,
        "method": "sentinel1-window-change-v1"
      },
      "geometry": {
        "type": "Polygon",
        "coordinates": [
          [
            [
              37.24675,
              -2.6555
            ],
            [
              37.2483125,
              -2.6555
            ],
            [
              37.2483125,
              -2.653952380952381
            ],
            [
              37.24675,
              -2.653952380952381
            ],
            [
              37.24675,
              -2.6555
            ]
          ]
        ]
      }
    },
    {
      "type": "Feature",
      "properties": {
        "cellId": "s1-change-20-13",
        "category": "possible_change",
        "beforeProbability": 0.521,
        "duringProbability": 0,
        "recoveryProbability": 0,
        "deltaDuringBefore": -0.521,
        "deltaRecoveryDuring": 0,
        "method": "sentinel1-window-change-v1"
      },
      "geometry": {
        "type": "Polygon",
        "coordinates": [
          [
            [
              37.2483125,
              -2.6555
            ],
            [
              37.249875,
              -2.6555
            ],
            [
              37.249875,
              -2.653952380952381
            ],
            [
              37.2483125,
              -2.653952380952381
            ],
            [
              37.2483125,
              -2.6555
            ]
          ]
        ]
      }
    },
    {
      "type": "Feature",
      "properties": {
        "cellId": "s1-change-20-14",
        "category": "possible_change",
        "beforeProbability": 0.608,
        "duringProbability": 0.505,
        "recoveryProbability": 0.482,
        "deltaDuringBefore": -0.103,
        "deltaRecoveryDuring": -0.023,
        "method": "sentinel1-window-change-v1"
      },
      "geometry": {
        "type": "Polygon",
        "coordinates": [
          [
            [
              37.249875,
              -2.6555
            ],
            [
              37.2514375,
              -2.6555
            ],
            [
              37.2514375,
              -2.653952380952381
            ],
            [
              37.249875,
              -2.653952380952381
            ],
            [
              37.249875,
              -2.6555
            ]
          ]
        ]
      }
    },
    {
      "type": "Feature",
      "properties": {
        "cellId": "s1-change-20-15",
        "category": "possible_change",
        "beforeProbability": 0.606,
        "duringProbability": 0.503,
        "recoveryProbability": 0,
        "deltaDuringBefore": -0.103,
        "deltaRecoveryDuring": -0.503,
        "method": "sentinel1-window-change-v1"
      },
      "geometry": {
        "type": "Polygon",
        "coordinates": [
          [
            [
              37.2514375,
              -2.6555
            ],
            [
              37.253,
              -2.6555
            ],
            [
              37.253,
              -2.653952380952381
            ],
            [
              37.2514375,
              -2.653952380952381
            ],
            [
              37.2514375,
              -2.6555
            ]
          ]
        ]
      }
    },
    {
      "type": "Feature",
      "properties": {
        "cellId": "s1-change-20-16",
        "category": "possible_change",
        "beforeProbability": 0.496,
        "duringProbability": 0.457,
        "recoveryProbability": 0,
        "deltaDuringBefore": -0.039,
        "deltaRecoveryDuring": -0.457,
        "method": "sentinel1-window-change-v1"
      },
      "geometry": {
        "type": "Polygon",
        "coordinates": [
          [
            [
              37.253,
              -2.6555
            ],
            [
              37.2545625,
              -2.6555
            ],
            [
              37.2545625,
              -2.653952380952381
            ],
            [
              37.253,
              -2.653952380952381
            ],
            [
              37.253,
              -2.6555
            ]
          ]
        ]
      }
    },
    {
      "type": "Feature",
      "properties": {
        "cellId": "s1-change-20-17",
        "category": "possible_change",
        "beforeProbability": 0.503,
        "duringProbability": 0,
        "recoveryProbability": 0,
        "deltaDuringBefore": -0.503,
        "deltaRecoveryDuring": 0,
        "method": "sentinel1-window-change-v1"
      },
      "geometry": {
        "type": "Polygon",
        "coordinates": [
          [
            [
              37.2545625,
              -2.6555
            ],
            [
              37.256125,
              -2.6555
            ],
            [
              37.256125,
              -2.653952380952381
            ],
            [
              37.2545625,
              -2.653952380952381
            ],
            [
              37.2545625,
              -2.6555
            ]
          ]
        ]
      }
    },
    {
      "type": "Feature",
      "properties": {
        "cellId": "s1-change-20-18",
        "category": "possible_change",
        "beforeProbability": 0.66,
        "duringProbability": 0,
        "recoveryProbability": 0,
        "deltaDuringBefore": -0.66,
        "deltaRecoveryDuring": 0,
        "method": "sentinel1-window-change-v1"
      },
      "geometry": {
        "type": "Polygon",
        "coordinates": [
          [
            [
              37.256125,
              -2.6555
            ],
            [
              37.2576875,
              -2.6555
            ],
            [
              37.2576875,
              -2.653952380952381
            ],
            [
              37.256125,
              -2.653952380952381
            ],
            [
              37.256125,
              -2.6555
            ]
          ]
        ]
      }
    },
    {
      "type": "Feature",
      "properties": {
        "cellId": "s1-change-20-19",
        "category": "possible_change",
        "beforeProbability": 0.582,
        "duringProbability": 0,
        "recoveryProbability": 0,
        "deltaDuringBefore": -0.582,
        "deltaRecoveryDuring": 0,
        "method": "sentinel1-window-change-v1"
      },
      "geometry": {
        "type": "Polygon",
        "coordinates": [
          [
            [
              37.2576875,
              -2.6555
            ],
            [
              37.25925,
              -2.6555
            ],
            [
              37.25925,
              -2.653952380952381
            ],
            [
              37.2576875,
              -2.653952380952381
            ],
            [
              37.2576875,
              -2.6555
            ]
          ]
        ]
      }
    },
    {
      "type": "Feature",
      "properties": {
        "cellId": "s1-change-20-20",
        "category": "possible_change",
        "beforeProbability": 0.458,
        "duringProbability": 0,
        "recoveryProbability": 0.471,
        "deltaDuringBefore": -0.458,
        "deltaRecoveryDuring": 0.471,
        "method": "sentinel1-window-change-v1"
      },
      "geometry": {
        "type": "Polygon",
        "coordinates": [
          [
            [
              37.25925,
              -2.6555
            ],
            [
              37.2608125,
              -2.6555
            ],
            [
              37.2608125,
              -2.653952380952381
            ],
            [
              37.25925,
              -2.653952380952381
            ],
            [
              37.25925,
              -2.6555
            ]
          ]
        ]
      }
    },
    {
      "type": "Feature",
      "properties": {
        "cellId": "s1-change-20-21",
        "category": "possible_change",
        "beforeProbability": 0.54,
        "duringProbability": 0,
        "recoveryProbability": 0,
        "deltaDuringBefore": -0.54,
        "deltaRecoveryDuring": 0,
        "method": "sentinel1-window-change-v1"
      },
      "geometry": {
        "type": "Polygon",
        "coordinates": [
          [
            [
              37.2608125,
              -2.6555
            ],
            [
              37.262375,
              -2.6555
            ],
            [
              37.262375,
              -2.653952380952381
            ],
            [
              37.2608125,
              -2.653952380952381
            ],
            [
              37.2608125,
              -2.6555
            ]
          ]
        ]
      }
    },
    {
      "type": "Feature",
      "properties": {
        "cellId": "s1-change-20-22",
        "category": "possible_change",
        "beforeProbability": 0.552,
        "duringProbability": 0,
        "recoveryProbability": 0,
        "deltaDuringBefore": -0.552,
        "deltaRecoveryDuring": 0,
        "method": "sentinel1-window-change-v1"
      },
      "geometry": {
        "type": "Polygon",
        "coordinates": [
          [
            [
              37.262375,
              -2.6555
            ],
            [
              37.2639375,
              -2.6555
            ],
            [
              37.2639375,
              -2.653952380952381
            ],
            [
              37.262375,
              -2.653952380952381
            ],
            [
              37.262375,
              -2.6555
            ]
          ]
        ]
      }
    },
    {
      "type": "Feature",
      "properties": {
        "cellId": "s1-change-20-23",
        "category": "possible_change",
        "beforeProbability": 0.545,
        "duringProbability": 0,
        "recoveryProbability": 0,
        "deltaDuringBefore": -0.545,
        "deltaRecoveryDuring": 0,
        "method": "sentinel1-window-change-v1"
      },
      "geometry": {
        "type": "Polygon",
        "coordinates": [
          [
            [
              37.2639375,
              -2.6555
            ],
            [
              37.2655,
              -2.6555
            ],
            [
              37.2655,
              -2.653952380952381
            ],
            [
              37.2639375,
              -2.653952380952381
            ],
            [
              37.2639375,
              -2.6555
            ]
          ]
        ]
      }
    },
    {
      "type": "Feature",
      "properties": {
        "cellId": "s1-change-20-24",
        "category": "possible_change",
        "beforeProbability": 0.49,
        "duringProbability": 0,
        "recoveryProbability": 0,
        "deltaDuringBefore": -0.49,
        "deltaRecoveryDuring": 0,
        "method": "sentinel1-window-change-v1"
      },
      "geometry": {
        "type": "Polygon",
        "coordinates": [
          [
            [
              37.2655,
              -2.6555
            ],
            [
              37.2670625,
              -2.6555
            ],
            [
              37.2670625,
              -2.653952380952381
            ],
            [
              37.2655,
              -2.653952380952381
            ],
            [
              37.2655,
              -2.6555
            ]
          ]
        ]
      }
    },
    {
      "type": "Feature",
      "properties": {
        "cellId": "s1-change-20-25",
        "category": "possible_change",
        "beforeProbability": 0.495,
        "duringProbability": 0,
        "recoveryProbability": 0,
        "deltaDuringBefore": -0.495,
        "deltaRecoveryDuring": 0,
        "method": "sentinel1-window-change-v1"
      },
      "geometry": {
        "type": "Polygon",
        "coordinates": [
          [
            [
              37.2670625,
              -2.6555
            ],
            [
              37.268625,
              -2.6555
            ],
            [
              37.268625,
              -2.653952380952381
            ],
            [
              37.2670625,
              -2.653952380952381
            ],
            [
              37.2670625,
              -2.6555
            ]
          ]
        ]
      }
    },
    {
      "type": "Feature",
      "properties": {
        "cellId": "s1-change-20-33",
        "category": "possible_change",
        "beforeProbability": 0,
        "duringProbability": 0,
        "recoveryProbability": 0.485,
        "deltaDuringBefore": 0,
        "deltaRecoveryDuring": 0.485,
        "method": "sentinel1-window-change-v1"
      },
      "geometry": {
        "type": "Polygon",
        "coordinates": [
          [
            [
              37.2795625,
              -2.6555
            ],
            [
              37.281124999999996,
              -2.6555
            ],
            [
              37.281124999999996,
              -2.653952380952381
            ],
            [
              37.2795625,
              -2.653952380952381
            ],
            [
              37.2795625,
              -2.6555
            ]
          ]
        ]
      }
    },
    {
      "type": "Feature",
      "properties": {
        "cellId": "s1-change-20-38",
        "category": "possible_change",
        "beforeProbability": 0,
        "duringProbability": 0.474,
        "recoveryProbability": 0.459,
        "deltaDuringBefore": 0.474,
        "deltaRecoveryDuring": -0.015,
        "method": "sentinel1-window-change-v1"
      },
      "geometry": {
        "type": "Polygon",
        "coordinates": [
          [
            [
              37.287375,
              -2.6555
            ],
            [
              37.288937499999996,
              -2.6555
            ],
            [
              37.288937499999996,
              -2.653952380952381
            ],
            [
              37.287375,
              -2.653952380952381
            ],
            [
              37.287375,
              -2.6555
            ]
          ]
        ]
      }
    },
    {
      "type": "Feature",
      "properties": {
        "cellId": "s1-change-21-0",
        "category": "possible_change",
        "beforeProbability": 0.484,
        "duringProbability": 0,
        "recoveryProbability": 0,
        "deltaDuringBefore": -0.484,
        "deltaRecoveryDuring": 0,
        "method": "sentinel1-window-change-v1"
      },
      "geometry": {
        "type": "Polygon",
        "coordinates": [
          [
            [
              37.228,
              -2.6570476190476193
            ],
            [
              37.2295625,
              -2.6570476190476193
            ],
            [
              37.2295625,
              -2.6555
            ],
            [
              37.228,
              -2.6555
            ],
            [
              37.228,
              -2.6570476190476193
            ]
          ]
        ]
      }
    },
    {
      "type": "Feature",
      "properties": {
        "cellId": "s1-change-21-11",
        "category": "possible_change",
        "beforeProbability": 0.543,
        "duringProbability": 0,
        "recoveryProbability": 0,
        "deltaDuringBefore": -0.543,
        "deltaRecoveryDuring": 0,
        "method": "sentinel1-window-change-v1"
      },
      "geometry": {
        "type": "Polygon",
        "coordinates": [
          [
            [
              37.2451875,
              -2.6570476190476193
            ],
            [
              37.24675,
              -2.6570476190476193
            ],
            [
              37.24675,
              -2.6555
            ],
            [
              37.2451875,
              -2.6555
            ],
            [
              37.2451875,
              -2.6570476190476193
            ]
          ]
        ]
      }
    },
    {
      "type": "Feature",
      "properties": {
        "cellId": "s1-change-21-12",
        "category": "possible_change",
        "beforeProbability": 0.644,
        "duringProbability": 0.453,
        "recoveryProbability": 0,
        "deltaDuringBefore": -0.191,
        "deltaRecoveryDuring": -0.453,
        "method": "sentinel1-window-change-v1"
      },
      "geometry": {
        "type": "Polygon",
        "coordinates": [
          [
            [
              37.24675,
              -2.6570476190476193
            ],
            [
              37.2483125,
              -2.6570476190476193
            ],
            [
              37.2483125,
              -2.6555
            ],
            [
              37.24675,
              -2.6555
            ],
            [
              37.24675,
              -2.6570476190476193
            ]
          ]
        ]
      }
    },
    {
      "type": "Feature",
      "properties": {
        "cellId": "s1-change-21-13",
        "category": "possible_change",
        "beforeProbability": 0.54,
        "duringProbability": 0,
        "recoveryProbability": 0,
        "deltaDuringBefore": -0.54,
        "deltaRecoveryDuring": 0,
        "method": "sentinel1-window-change-v1"
      },
      "geometry": {
        "type": "Polygon",
        "coordinates": [
          [
            [
              37.2483125,
              -2.6570476190476193
            ],
            [
              37.249875,
              -2.6570476190476193
            ],
            [
              37.249875,
              -2.6555
            ],
            [
              37.2483125,
              -2.6555
            ],
            [
              37.2483125,
              -2.6570476190476193
            ]
          ]
        ]
      }
    },
    {
      "type": "Feature",
      "properties": {
        "cellId": "s1-change-21-14",
        "category": "possible_change",
        "beforeProbability": 0.644,
        "duringProbability": 0,
        "recoveryProbability": 0,
        "deltaDuringBefore": -0.644,
        "deltaRecoveryDuring": 0,
        "method": "sentinel1-window-change-v1"
      },
      "geometry": {
        "type": "Polygon",
        "coordinates": [
          [
            [
              37.249875,
              -2.6570476190476193
            ],
            [
              37.2514375,
              -2.6570476190476193
            ],
            [
              37.2514375,
              -2.6555
            ],
            [
              37.249875,
              -2.6555
            ],
            [
              37.249875,
              -2.6570476190476193
            ]
          ]
        ]
      }
    },
    {
      "type": "Feature",
      "properties": {
        "cellId": "s1-change-21-15",
        "category": "possible_change",
        "beforeProbability": 0.505,
        "duringProbability": 0,
        "recoveryProbability": 0,
        "deltaDuringBefore": -0.505,
        "deltaRecoveryDuring": 0,
        "method": "sentinel1-window-change-v1"
      },
      "geometry": {
        "type": "Polygon",
        "coordinates": [
          [
            [
              37.2514375,
              -2.6570476190476193
            ],
            [
              37.253,
              -2.6570476190476193
            ],
            [
              37.253,
              -2.6555
            ],
            [
              37.2514375,
              -2.6555
            ],
            [
              37.2514375,
              -2.6570476190476193
            ]
          ]
        ]
      }
    },
    {
      "type": "Feature",
      "properties": {
        "cellId": "s1-change-21-16",
        "category": "possible_change",
        "beforeProbability": 0.476,
        "duringProbability": 0,
        "recoveryProbability": 0.483,
        "deltaDuringBefore": -0.476,
        "deltaRecoveryDuring": 0.483,
        "method": "sentinel1-window-change-v1"
      },
      "geometry": {
        "type": "Polygon",
        "coordinates": [
          [
            [
              37.253,
              -2.6570476190476193
            ],
            [
              37.2545625,
              -2.6570476190476193
            ],
            [
              37.2545625,
              -2.6555
            ],
            [
              37.253,
              -2.6555
            ],
            [
              37.253,
              -2.6570476190476193
            ]
          ]
        ]
      }
    },
    {
      "type": "Feature",
      "properties": {
        "cellId": "s1-change-21-17",
        "category": "possible_change",
        "beforeProbability": 0.603,
        "duringProbability": 0,
        "recoveryProbability": 0,
        "deltaDuringBefore": -0.603,
        "deltaRecoveryDuring": 0,
        "method": "sentinel1-window-change-v1"
      },
      "geometry": {
        "type": "Polygon",
        "coordinates": [
          [
            [
              37.2545625,
              -2.6570476190476193
            ],
            [
              37.256125,
              -2.6570476190476193
            ],
            [
              37.256125,
              -2.6555
            ],
            [
              37.2545625,
              -2.6555
            ],
            [
              37.2545625,
              -2.6570476190476193
            ]
          ]
        ]
      }
    },
    {
      "type": "Feature",
      "properties": {
        "cellId": "s1-change-21-18",
        "category": "possible_change",
        "beforeProbability": 0.68,
        "duringProbability": 0,
        "recoveryProbability": 0.494,
        "deltaDuringBefore": -0.68,
        "deltaRecoveryDuring": 0.494,
        "method": "sentinel1-window-change-v1"
      },
      "geometry": {
        "type": "Polygon",
        "coordinates": [
          [
            [
              37.256125,
              -2.6570476190476193
            ],
            [
              37.2576875,
              -2.6570476190476193
            ],
            [
              37.2576875,
              -2.6555
            ],
            [
              37.256125,
              -2.6555
            ],
            [
              37.256125,
              -2.6570476190476193
            ]
          ]
        ]
      }
    },
    {
      "type": "Feature",
      "properties": {
        "cellId": "s1-change-21-19",
        "category": "possible_change",
        "beforeProbability": 0.608,
        "duringProbability": 0,
        "recoveryProbability": 0,
        "deltaDuringBefore": -0.608,
        "deltaRecoveryDuring": 0,
        "method": "sentinel1-window-change-v1"
      },
      "geometry": {
        "type": "Polygon",
        "coordinates": [
          [
            [
              37.2576875,
              -2.6570476190476193
            ],
            [
              37.25925,
              -2.6570476190476193
            ],
            [
              37.25925,
              -2.6555
            ],
            [
              37.2576875,
              -2.6555
            ],
            [
              37.2576875,
              -2.6570476190476193
            ]
          ]
        ]
      }
    },
    {
      "type": "Feature",
      "properties": {
        "cellId": "s1-change-21-2",
        "category": "possible_change",
        "beforeProbability": 0.599,
        "duringProbability": 0.506,
        "recoveryProbability": 0,
        "deltaDuringBefore": -0.093,
        "deltaRecoveryDuring": -0.506,
        "method": "sentinel1-window-change-v1"
      },
      "geometry": {
        "type": "Polygon",
        "coordinates": [
          [
            [
              37.231125,
              -2.6570476190476193
            ],
            [
              37.232687500000004,
              -2.6570476190476193
            ],
            [
              37.232687500000004,
              -2.6555
            ],
            [
              37.231125,
              -2.6555
            ],
            [
              37.231125,
              -2.6570476190476193
            ]
          ]
        ]
      }
    },
    {
      "type": "Feature",
      "properties": {
        "cellId": "s1-change-21-20",
        "category": "possible_change",
        "beforeProbability": 0.584,
        "duringProbability": 0,
        "recoveryProbability": 0,
        "deltaDuringBefore": -0.584,
        "deltaRecoveryDuring": 0,
        "method": "sentinel1-window-change-v1"
      },
      "geometry": {
        "type": "Polygon",
        "coordinates": [
          [
            [
              37.25925,
              -2.6570476190476193
            ],
            [
              37.2608125,
              -2.6570476190476193
            ],
            [
              37.2608125,
              -2.6555
            ],
            [
              37.25925,
              -2.6555
            ],
            [
              37.25925,
              -2.6570476190476193
            ]
          ]
        ]
      }
    },
    {
      "type": "Feature",
      "properties": {
        "cellId": "s1-change-21-21",
        "category": "possible_change",
        "beforeProbability": 0.554,
        "duringProbability": 0.473,
        "recoveryProbability": 0,
        "deltaDuringBefore": -0.081,
        "deltaRecoveryDuring": -0.473,
        "method": "sentinel1-window-change-v1"
      },
      "geometry": {
        "type": "Polygon",
        "coordinates": [
          [
            [
              37.2608125,
              -2.6570476190476193
            ],
            [
              37.262375,
              -2.6570476190476193
            ],
            [
              37.262375,
              -2.6555
            ],
            [
              37.2608125,
              -2.6555
            ],
            [
              37.2608125,
              -2.6570476190476193
            ]
          ]
        ]
      }
    },
    {
      "type": "Feature",
      "properties": {
        "cellId": "s1-change-21-22",
        "category": "possible_change",
        "beforeProbability": 0.545,
        "duringProbability": 0,
        "recoveryProbability": 0,
        "deltaDuringBefore": -0.545,
        "deltaRecoveryDuring": 0,
        "method": "sentinel1-window-change-v1"
      },
      "geometry": {
        "type": "Polygon",
        "coordinates": [
          [
            [
              37.262375,
              -2.6570476190476193
            ],
            [
              37.2639375,
              -2.6570476190476193
            ],
            [
              37.2639375,
              -2.6555
            ],
            [
              37.262375,
              -2.6555
            ],
            [
              37.262375,
              -2.6570476190476193
            ]
          ]
        ]
      }
    },
    {
      "type": "Feature",
      "properties": {
        "cellId": "s1-change-21-24",
        "category": "possible_change",
        "beforeProbability": 0.483,
        "duringProbability": 0,
        "recoveryProbability": 0,
        "deltaDuringBefore": -0.483,
        "deltaRecoveryDuring": 0,
        "method": "sentinel1-window-change-v1"
      },
      "geometry": {
        "type": "Polygon",
        "coordinates": [
          [
            [
              37.2655,
              -2.6570476190476193
            ],
            [
              37.2670625,
              -2.6570476190476193
            ],
            [
              37.2670625,
              -2.6555
            ],
            [
              37.2655,
              -2.6555
            ],
            [
              37.2655,
              -2.6570476190476193
            ]
          ]
        ]
      }
    },
    {
      "type": "Feature",
      "properties": {
        "cellId": "s1-change-21-25",
        "category": "possible_change",
        "beforeProbability": 0.515,
        "duringProbability": 0.552,
        "recoveryProbability": 0.483,
        "deltaDuringBefore": 0.037,
        "deltaRecoveryDuring": -0.069,
        "method": "sentinel1-window-change-v1"
      },
      "geometry": {
        "type": "Polygon",
        "coordinates": [
          [
            [
              37.2670625,
              -2.6570476190476193
            ],
            [
              37.268625,
              -2.6570476190476193
            ],
            [
              37.268625,
              -2.6555
            ],
            [
              37.2670625,
              -2.6555
            ],
            [
              37.2670625,
              -2.6570476190476193
            ]
          ]
        ]
      }
    },
    {
      "type": "Feature",
      "properties": {
        "cellId": "s1-change-21-3",
        "category": "possible_change",
        "beforeProbability": 0.489,
        "duringProbability": 0.48,
        "recoveryProbability": 0,
        "deltaDuringBefore": -0.009,
        "deltaRecoveryDuring": -0.48,
        "method": "sentinel1-window-change-v1"
      },
      "geometry": {
        "type": "Polygon",
        "coordinates": [
          [
            [
              37.232687500000004,
              -2.6570476190476193
            ],
            [
              37.23425,
              -2.6570476190476193
            ],
            [
              37.23425,
              -2.6555
            ],
            [
              37.232687500000004,
              -2.6555
            ],
            [
              37.232687500000004,
              -2.6570476190476193
            ]
          ]
        ]
      }
    },
    {
      "type": "Feature",
      "properties": {
        "cellId": "s1-change-21-4",
        "category": "possible_change",
        "beforeProbability": 0.554,
        "duringProbability": 0,
        "recoveryProbability": 0,
        "deltaDuringBefore": -0.554,
        "deltaRecoveryDuring": 0,
        "method": "sentinel1-window-change-v1"
      },
      "geometry": {
        "type": "Polygon",
        "coordinates": [
          [
            [
              37.23425,
              -2.6570476190476193
            ],
            [
              37.2358125,
              -2.6570476190476193
            ],
            [
              37.2358125,
              -2.6555
            ],
            [
              37.23425,
              -2.6555
            ],
            [
              37.23425,
              -2.6570476190476193
            ]
          ]
        ]
      }
    },
    {
      "type": "Feature",
      "properties": {
        "cellId": "s1-change-21-5",
        "category": "possible_change",
        "beforeProbability": 0.551,
        "duringProbability": 0,
        "recoveryProbability": 0,
        "deltaDuringBefore": -0.551,
        "deltaRecoveryDuring": 0,
        "method": "sentinel1-window-change-v1"
      },
      "geometry": {
        "type": "Polygon",
        "coordinates": [
          [
            [
              37.2358125,
              -2.6570476190476193
            ],
            [
              37.237375,
              -2.6570476190476193
            ],
            [
              37.237375,
              -2.6555
            ],
            [
              37.2358125,
              -2.6555
            ],
            [
              37.2358125,
              -2.6570476190476193
            ]
          ]
        ]
      }
    },
    {
      "type": "Feature",
      "properties": {
        "cellId": "s1-change-21-6",
        "category": "possible_change",
        "beforeProbability": 0.632,
        "duringProbability": 0,
        "recoveryProbability": 0,
        "deltaDuringBefore": -0.632,
        "deltaRecoveryDuring": 0,
        "method": "sentinel1-window-change-v1"
      },
      "geometry": {
        "type": "Polygon",
        "coordinates": [
          [
            [
              37.237375,
              -2.6570476190476193
            ],
            [
              37.2389375,
              -2.6570476190476193
            ],
            [
              37.2389375,
              -2.6555
            ],
            [
              37.237375,
              -2.6555
            ],
            [
              37.237375,
              -2.6570476190476193
            ]
          ]
        ]
      }
    },
    {
      "type": "Feature",
      "properties": {
        "cellId": "s1-change-21-7",
        "category": "possible_change",
        "beforeProbability": 0.559,
        "duringProbability": 0,
        "recoveryProbability": 0,
        "deltaDuringBefore": -0.559,
        "deltaRecoveryDuring": 0,
        "method": "sentinel1-window-change-v1"
      },
      "geometry": {
        "type": "Polygon",
        "coordinates": [
          [
            [
              37.2389375,
              -2.6570476190476193
            ],
            [
              37.2405,
              -2.6570476190476193
            ],
            [
              37.2405,
              -2.6555
            ],
            [
              37.2389375,
              -2.6555
            ],
            [
              37.2389375,
              -2.6570476190476193
            ]
          ]
        ]
      }
    },
    {
      "type": "Feature",
      "properties": {
        "cellId": "s1-change-21-8",
        "category": "possible_change",
        "beforeProbability": 0.604,
        "duringProbability": 0.479,
        "recoveryProbability": 0,
        "deltaDuringBefore": -0.125,
        "deltaRecoveryDuring": -0.479,
        "method": "sentinel1-window-change-v1"
      },
      "geometry": {
        "type": "Polygon",
        "coordinates": [
          [
            [
              37.2405,
              -2.6570476190476193
            ],
            [
              37.2420625,
              -2.6570476190476193
            ],
            [
              37.2420625,
              -2.6555
            ],
            [
              37.2405,
              -2.6555
            ],
            [
              37.2405,
              -2.6570476190476193
            ]
          ]
        ]
      }
    },
    {
      "type": "Feature",
      "properties": {
        "cellId": "s1-change-21-9",
        "category": "possible_change",
        "beforeProbability": 0.477,
        "duringProbability": 0,
        "recoveryProbability": 0,
        "deltaDuringBefore": -0.477,
        "deltaRecoveryDuring": 0,
        "method": "sentinel1-window-change-v1"
      },
      "geometry": {
        "type": "Polygon",
        "coordinates": [
          [
            [
              37.2420625,
              -2.6570476190476193
            ],
            [
              37.243625,
              -2.6570476190476193
            ],
            [
              37.243625,
              -2.6555
            ],
            [
              37.2420625,
              -2.6555
            ],
            [
              37.2420625,
              -2.6570476190476193
            ]
          ]
        ]
      }
    },
    {
      "type": "Feature",
      "properties": {
        "cellId": "s1-change-22-0",
        "category": "possible_change",
        "beforeProbability": 0.473,
        "duringProbability": 0,
        "recoveryProbability": 0,
        "deltaDuringBefore": -0.473,
        "deltaRecoveryDuring": 0,
        "method": "sentinel1-window-change-v1"
      },
      "geometry": {
        "type": "Polygon",
        "coordinates": [
          [
            [
              37.228,
              -2.6585952380952382
            ],
            [
              37.2295625,
              -2.6585952380952382
            ],
            [
              37.2295625,
              -2.6570476190476193
            ],
            [
              37.228,
              -2.6570476190476193
            ],
            [
              37.228,
              -2.6585952380952382
            ]
          ]
        ]
      }
    },
    {
      "type": "Feature",
      "properties": {
        "cellId": "s1-change-22-1",
        "category": "possible_change",
        "beforeProbability": 0.471,
        "duringProbability": 0,
        "recoveryProbability": 0,
        "deltaDuringBefore": -0.471,
        "deltaRecoveryDuring": 0,
        "method": "sentinel1-window-change-v1"
      },
      "geometry": {
        "type": "Polygon",
        "coordinates": [
          [
            [
              37.2295625,
              -2.6585952380952382
            ],
            [
              37.231125,
              -2.6585952380952382
            ],
            [
              37.231125,
              -2.6570476190476193
            ],
            [
              37.2295625,
              -2.6570476190476193
            ],
            [
              37.2295625,
              -2.6585952380952382
            ]
          ]
        ]
      }
    },
    {
      "type": "Feature",
      "properties": {
        "cellId": "s1-change-22-10",
        "category": "possible_change",
        "beforeProbability": 0.53,
        "duringProbability": 0,
        "recoveryProbability": 0,
        "deltaDuringBefore": -0.53,
        "deltaRecoveryDuring": 0,
        "method": "sentinel1-window-change-v1"
      },
      "geometry": {
        "type": "Polygon",
        "coordinates": [
          [
            [
              37.243625,
              -2.6585952380952382
            ],
            [
              37.2451875,
              -2.6585952380952382
            ],
            [
              37.2451875,
              -2.6570476190476193
            ],
            [
              37.243625,
              -2.6570476190476193
            ],
            [
              37.243625,
              -2.6585952380952382
            ]
          ]
        ]
      }
    },
    {
      "type": "Feature",
      "properties": {
        "cellId": "s1-change-22-11",
        "category": "possible_change",
        "beforeProbability": 0.53,
        "duringProbability": 0,
        "recoveryProbability": 0,
        "deltaDuringBefore": -0.53,
        "deltaRecoveryDuring": 0,
        "method": "sentinel1-window-change-v1"
      },
      "geometry": {
        "type": "Polygon",
        "coordinates": [
          [
            [
              37.2451875,
              -2.6585952380952382
            ],
            [
              37.24675,
              -2.6585952380952382
            ],
            [
              37.24675,
              -2.6570476190476193
            ],
            [
              37.2451875,
              -2.6570476190476193
            ],
            [
              37.2451875,
              -2.6585952380952382
            ]
          ]
        ]
      }
    },
    {
      "type": "Feature",
      "properties": {
        "cellId": "s1-change-22-12",
        "category": "possible_change",
        "beforeProbability": 0.553,
        "duringProbability": 0,
        "recoveryProbability": 0,
        "deltaDuringBefore": -0.553,
        "deltaRecoveryDuring": 0,
        "method": "sentinel1-window-change-v1"
      },
      "geometry": {
        "type": "Polygon",
        "coordinates": [
          [
            [
              37.24675,
              -2.6585952380952382
            ],
            [
              37.2483125,
              -2.6585952380952382
            ],
            [
              37.2483125,
              -2.6570476190476193
            ],
            [
              37.24675,
              -2.6570476190476193
            ],
            [
              37.24675,
              -2.6585952380952382
            ]
          ]
        ]
      }
    },
    {
      "type": "Feature",
      "properties": {
        "cellId": "s1-change-22-13",
        "category": "possible_change",
        "beforeProbability": 0.613,
        "duringProbability": 0.488,
        "recoveryProbability": 0,
        "deltaDuringBefore": -0.125,
        "deltaRecoveryDuring": -0.488,
        "method": "sentinel1-window-change-v1"
      },
      "geometry": {
        "type": "Polygon",
        "coordinates": [
          [
            [
              37.2483125,
              -2.6585952380952382
            ],
            [
              37.249875,
              -2.6585952380952382
            ],
            [
              37.249875,
              -2.6570476190476193
            ],
            [
              37.2483125,
              -2.6570476190476193
            ],
            [
              37.2483125,
              -2.6585952380952382
            ]
          ]
        ]
      }
    },
    {
      "type": "Feature",
      "properties": {
        "cellId": "s1-change-22-14",
        "category": "possible_change",
        "beforeProbability": 0.676,
        "duringProbability": 0.563,
        "recoveryProbability": 0,
        "deltaDuringBefore": -0.113,
        "deltaRecoveryDuring": -0.563,
        "method": "sentinel1-window-change-v1"
      },
      "geometry": {
        "type": "Polygon",
        "coordinates": [
          [
            [
              37.249875,
              -2.6585952380952382
            ],
            [
              37.2514375,
              -2.6585952380952382
            ],
            [
              37.2514375,
              -2.6570476190476193
            ],
            [
              37.249875,
              -2.6570476190476193
            ],
            [
              37.249875,
              -2.6585952380952382
            ]
          ]
        ]
      }
    },
    {
      "type": "Feature",
      "properties": {
        "cellId": "s1-change-22-15",
        "category": "possible_change",
        "beforeProbability": 0.601,
        "duringProbability": 0.489,
        "recoveryProbability": 0,
        "deltaDuringBefore": -0.112,
        "deltaRecoveryDuring": -0.489,
        "method": "sentinel1-window-change-v1"
      },
      "geometry": {
        "type": "Polygon",
        "coordinates": [
          [
            [
              37.2514375,
              -2.6585952380952382
            ],
            [
              37.253,
              -2.6585952380952382
            ],
            [
              37.253,
              -2.6570476190476193
            ],
            [
              37.2514375,
              -2.6570476190476193
            ],
            [
              37.2514375,
              -2.6585952380952382
            ]
          ]
        ]
      }
    },
    {
      "type": "Feature",
      "properties": {
        "cellId": "s1-change-22-16",
        "category": "possible_change",
        "beforeProbability": 0.603,
        "duringProbability": 0,
        "recoveryProbability": 0,
        "deltaDuringBefore": -0.603,
        "deltaRecoveryDuring": 0,
        "method": "sentinel1-window-change-v1"
      },
      "geometry": {
        "type": "Polygon",
        "coordinates": [
          [
            [
              37.253,
              -2.6585952380952382
            ],
            [
              37.2545625,
              -2.6585952380952382
            ],
            [
              37.2545625,
              -2.6570476190476193
            ],
            [
              37.253,
              -2.6570476190476193
            ],
            [
              37.253,
              -2.6585952380952382
            ]
          ]
        ]
      }
    },
    {
      "type": "Feature",
      "properties": {
        "cellId": "s1-change-22-17",
        "category": "possible_change",
        "beforeProbability": 0.515,
        "duringProbability": 0,
        "recoveryProbability": 0,
        "deltaDuringBefore": -0.515,
        "deltaRecoveryDuring": 0,
        "method": "sentinel1-window-change-v1"
      },
      "geometry": {
        "type": "Polygon",
        "coordinates": [
          [
            [
              37.2545625,
              -2.6585952380952382
            ],
            [
              37.256125,
              -2.6585952380952382
            ],
            [
              37.256125,
              -2.6570476190476193
            ],
            [
              37.2545625,
              -2.6570476190476193
            ],
            [
              37.2545625,
              -2.6585952380952382
            ]
          ]
        ]
      }
    },
    {
      "type": "Feature",
      "properties": {
        "cellId": "s1-change-22-18",
        "category": "possible_change",
        "beforeProbability": 0.595,
        "duringProbability": 0,
        "recoveryProbability": 0.478,
        "deltaDuringBefore": -0.595,
        "deltaRecoveryDuring": 0.478,
        "method": "sentinel1-window-change-v1"
      },
      "geometry": {
        "type": "Polygon",
        "coordinates": [
          [
            [
              37.256125,
              -2.6585952380952382
            ],
            [
              37.2576875,
              -2.6585952380952382
            ],
            [
              37.2576875,
              -2.6570476190476193
            ],
            [
              37.256125,
              -2.6570476190476193
            ],
            [
              37.256125,
              -2.6585952380952382
            ]
          ]
        ]
      }
    },
    {
      "type": "Feature",
      "properties": {
        "cellId": "s1-change-22-19",
        "category": "possible_change",
        "beforeProbability": 0.602,
        "duringProbability": 0,
        "recoveryProbability": 0.491,
        "deltaDuringBefore": -0.602,
        "deltaRecoveryDuring": 0.491,
        "method": "sentinel1-window-change-v1"
      },
      "geometry": {
        "type": "Polygon",
        "coordinates": [
          [
            [
              37.2576875,
              -2.6585952380952382
            ],
            [
              37.25925,
              -2.6585952380952382
            ],
            [
              37.25925,
              -2.6570476190476193
            ],
            [
              37.2576875,
              -2.6570476190476193
            ],
            [
              37.2576875,
              -2.6585952380952382
            ]
          ]
        ]
      }
    },
    {
      "type": "Feature",
      "properties": {
        "cellId": "s1-change-22-2",
        "category": "possible_change",
        "beforeProbability": 0.556,
        "duringProbability": 0.47,
        "recoveryProbability": 0,
        "deltaDuringBefore": -0.086,
        "deltaRecoveryDuring": -0.47,
        "method": "sentinel1-window-change-v1"
      },
      "geometry": {
        "type": "Polygon",
        "coordinates": [
          [
            [
              37.231125,
              -2.6585952380952382
            ],
            [
              37.232687500000004,
              -2.6585952380952382
            ],
            [
              37.232687500000004,
              -2.6570476190476193
            ],
            [
              37.231125,
              -2.6570476190476193
            ],
            [
              37.231125,
              -2.6585952380952382
            ]
          ]
        ]
      }
    },
    {
      "type": "Feature",
      "properties": {
        "cellId": "s1-change-22-20",
        "category": "possible_change",
        "beforeProbability": 0.538,
        "duringProbability": 0,
        "recoveryProbability": 0,
        "deltaDuringBefore": -0.538,
        "deltaRecoveryDuring": 0,
        "method": "sentinel1-window-change-v1"
      },
      "geometry": {
        "type": "Polygon",
        "coordinates": [
          [
            [
              37.25925,
              -2.6585952380952382
            ],
            [
              37.2608125,
              -2.6585952380952382
            ],
            [
              37.2608125,
              -2.6570476190476193
            ],
            [
              37.25925,
              -2.6570476190476193
            ],
            [
              37.25925,
              -2.6585952380952382
            ]
          ]
        ]
      }
    },
    {
      "type": "Feature",
      "properties": {
        "cellId": "s1-change-22-24",
        "category": "possible_change",
        "beforeProbability": 0.473,
        "duringProbability": 0.512,
        "recoveryProbability": 0.458,
        "deltaDuringBefore": 0.039,
        "deltaRecoveryDuring": -0.054,
        "method": "sentinel1-window-change-v1"
      },
      "geometry": {
        "type": "Polygon",
        "coordinates": [
          [
            [
              37.2655,
              -2.6585952380952382
            ],
            [
              37.2670625,
              -2.6585952380952382
            ],
            [
              37.2670625,
              -2.6570476190476193
            ],
            [
              37.2655,
              -2.6570476190476193
            ],
            [
              37.2655,
              -2.6585952380952382
            ]
          ]
        ]
      }
    },
    {
      "type": "Feature",
      "properties": {
        "cellId": "s1-change-22-25",
        "category": "possible_change",
        "beforeProbability": 0.593,
        "duringProbability": 0.545,
        "recoveryProbability": 0.472,
        "deltaDuringBefore": -0.048,
        "deltaRecoveryDuring": -0.073,
        "method": "sentinel1-window-change-v1"
      },
      "geometry": {
        "type": "Polygon",
        "coordinates": [
          [
            [
              37.2670625,
              -2.6585952380952382
            ],
            [
              37.268625,
              -2.6585952380952382
            ],
            [
              37.268625,
              -2.6570476190476193
            ],
            [
              37.2670625,
              -2.6570476190476193
            ],
            [
              37.2670625,
              -2.6585952380952382
            ]
          ]
        ]
      }
    },
    {
      "type": "Feature",
      "properties": {
        "cellId": "s1-change-22-26",
        "category": "possible_change",
        "beforeProbability": 0.456,
        "duringProbability": 0,
        "recoveryProbability": 0,
        "deltaDuringBefore": -0.456,
        "deltaRecoveryDuring": 0,
        "method": "sentinel1-window-change-v1"
      },
      "geometry": {
        "type": "Polygon",
        "coordinates": [
          [
            [
              37.268625,
              -2.6585952380952382
            ],
            [
              37.2701875,
              -2.6585952380952382
            ],
            [
              37.2701875,
              -2.6570476190476193
            ],
            [
              37.268625,
              -2.6570476190476193
            ],
            [
              37.268625,
              -2.6585952380952382
            ]
          ]
        ]
      }
    },
    {
      "type": "Feature",
      "properties": {
        "cellId": "s1-change-22-3",
        "category": "possible_change",
        "beforeProbability": 0.608,
        "duringProbability": 0.472,
        "recoveryProbability": 0,
        "deltaDuringBefore": -0.136,
        "deltaRecoveryDuring": -0.472,
        "method": "sentinel1-window-change-v1"
      },
      "geometry": {
        "type": "Polygon",
        "coordinates": [
          [
            [
              37.232687500000004,
              -2.6585952380952382
            ],
            [
              37.23425,
              -2.6585952380952382
            ],
            [
              37.23425,
              -2.6570476190476193
            ],
            [
              37.232687500000004,
              -2.6570476190476193
            ],
            [
              37.232687500000004,
              -2.6585952380952382
            ]
          ]
        ]
      }
    },
    {
      "type": "Feature",
      "properties": {
        "cellId": "s1-change-22-4",
        "category": "possible_change",
        "beforeProbability": 0.596,
        "duringProbability": 0,
        "recoveryProbability": 0,
        "deltaDuringBefore": -0.596,
        "deltaRecoveryDuring": 0,
        "method": "sentinel1-window-change-v1"
      },
      "geometry": {
        "type": "Polygon",
        "coordinates": [
          [
            [
              37.23425,
              -2.6585952380952382
            ],
            [
              37.2358125,
              -2.6585952380952382
            ],
            [
              37.2358125,
              -2.6570476190476193
            ],
            [
              37.23425,
              -2.6570476190476193
            ],
            [
              37.23425,
              -2.6585952380952382
            ]
          ]
        ]
      }
    },
    {
      "type": "Feature",
      "properties": {
        "cellId": "s1-change-22-5",
        "category": "possible_change",
        "beforeProbability": 0.465,
        "duringProbability": 0,
        "recoveryProbability": 0,
        "deltaDuringBefore": -0.465,
        "deltaRecoveryDuring": 0,
        "method": "sentinel1-window-change-v1"
      },
      "geometry": {
        "type": "Polygon",
        "coordinates": [
          [
            [
              37.2358125,
              -2.6585952380952382
            ],
            [
              37.237375,
              -2.6585952380952382
            ],
            [
              37.237375,
              -2.6570476190476193
            ],
            [
              37.2358125,
              -2.6570476190476193
            ],
            [
              37.2358125,
              -2.6585952380952382
            ]
          ]
        ]
      }
    },
    {
      "type": "Feature",
      "properties": {
        "cellId": "s1-change-22-6",
        "category": "possible_change",
        "beforeProbability": 0.533,
        "duringProbability": 0,
        "recoveryProbability": 0,
        "deltaDuringBefore": -0.533,
        "deltaRecoveryDuring": 0,
        "method": "sentinel1-window-change-v1"
      },
      "geometry": {
        "type": "Polygon",
        "coordinates": [
          [
            [
              37.237375,
              -2.6585952380952382
            ],
            [
              37.2389375,
              -2.6585952380952382
            ],
            [
              37.2389375,
              -2.6570476190476193
            ],
            [
              37.237375,
              -2.6570476190476193
            ],
            [
              37.237375,
              -2.6585952380952382
            ]
          ]
        ]
      }
    },
    {
      "type": "Feature",
      "properties": {
        "cellId": "s1-change-22-7",
        "category": "possible_change",
        "beforeProbability": 0.607,
        "duringProbability": 0,
        "recoveryProbability": 0,
        "deltaDuringBefore": -0.607,
        "deltaRecoveryDuring": 0,
        "method": "sentinel1-window-change-v1"
      },
      "geometry": {
        "type": "Polygon",
        "coordinates": [
          [
            [
              37.2389375,
              -2.6585952380952382
            ],
            [
              37.2405,
              -2.6585952380952382
            ],
            [
              37.2405,
              -2.6570476190476193
            ],
            [
              37.2389375,
              -2.6570476190476193
            ],
            [
              37.2389375,
              -2.6585952380952382
            ]
          ]
        ]
      }
    },
    {
      "type": "Feature",
      "properties": {
        "cellId": "s1-change-22-8",
        "category": "possible_change",
        "beforeProbability": 0.58,
        "duringProbability": 0,
        "recoveryProbability": 0,
        "deltaDuringBefore": -0.58,
        "deltaRecoveryDuring": 0,
        "method": "sentinel1-window-change-v1"
      },
      "geometry": {
        "type": "Polygon",
        "coordinates": [
          [
            [
              37.2405,
              -2.6585952380952382
            ],
            [
              37.2420625,
              -2.6585952380952382
            ],
            [
              37.2420625,
              -2.6570476190476193
            ],
            [
              37.2405,
              -2.6570476190476193
            ],
            [
              37.2405,
              -2.6585952380952382
            ]
          ]
        ]
      }
    },
    {
      "type": "Feature",
      "properties": {
        "cellId": "s1-change-22-9",
        "category": "possible_change",
        "beforeProbability": 0.485,
        "duringProbability": 0,
        "recoveryProbability": 0,
        "deltaDuringBefore": -0.485,
        "deltaRecoveryDuring": 0,
        "method": "sentinel1-window-change-v1"
      },
      "geometry": {
        "type": "Polygon",
        "coordinates": [
          [
            [
              37.2420625,
              -2.6585952380952382
            ],
            [
              37.243625,
              -2.6585952380952382
            ],
            [
              37.243625,
              -2.6570476190476193
            ],
            [
              37.2420625,
              -2.6570476190476193
            ],
            [
              37.2420625,
              -2.6585952380952382
            ]
          ]
        ]
      }
    },
    {
      "type": "Feature",
      "properties": {
        "cellId": "s1-change-23-0",
        "category": "possible_change",
        "beforeProbability": 0.535,
        "duringProbability": 0,
        "recoveryProbability": 0,
        "deltaDuringBefore": -0.535,
        "deltaRecoveryDuring": 0,
        "method": "sentinel1-window-change-v1"
      },
      "geometry": {
        "type": "Polygon",
        "coordinates": [
          [
            [
              37.228,
              -2.660142857142857
            ],
            [
              37.2295625,
              -2.660142857142857
            ],
            [
              37.2295625,
              -2.6585952380952382
            ],
            [
              37.228,
              -2.6585952380952382
            ],
            [
              37.228,
              -2.660142857142857
            ]
          ]
        ]
      }
    },
    {
      "type": "Feature",
      "properties": {
        "cellId": "s1-change-23-1",
        "category": "possible_change",
        "beforeProbability": 0.527,
        "duringProbability": 0,
        "recoveryProbability": 0,
        "deltaDuringBefore": -0.527,
        "deltaRecoveryDuring": 0,
        "method": "sentinel1-window-change-v1"
      },
      "geometry": {
        "type": "Polygon",
        "coordinates": [
          [
            [
              37.2295625,
              -2.660142857142857
            ],
            [
              37.231125,
              -2.660142857142857
            ],
            [
              37.231125,
              -2.6585952380952382
            ],
            [
              37.2295625,
              -2.6585952380952382
            ],
            [
              37.2295625,
              -2.660142857142857
            ]
          ]
        ]
      }
    },
    {
      "type": "Feature",
      "properties": {
        "cellId": "s1-change-23-10",
        "category": "possible_change",
        "beforeProbability": 0.458,
        "duringProbability": 0,
        "recoveryProbability": 0,
        "deltaDuringBefore": -0.458,
        "deltaRecoveryDuring": 0,
        "method": "sentinel1-window-change-v1"
      },
      "geometry": {
        "type": "Polygon",
        "coordinates": [
          [
            [
              37.243625,
              -2.660142857142857
            ],
            [
              37.2451875,
              -2.660142857142857
            ],
            [
              37.2451875,
              -2.6585952380952382
            ],
            [
              37.243625,
              -2.6585952380952382
            ],
            [
              37.243625,
              -2.660142857142857
            ]
          ]
        ]
      }
    },
    {
      "type": "Feature",
      "properties": {
        "cellId": "s1-change-23-11",
        "category": "possible_change",
        "beforeProbability": 0.628,
        "duringProbability": 0,
        "recoveryProbability": 0,
        "deltaDuringBefore": -0.628,
        "deltaRecoveryDuring": 0,
        "method": "sentinel1-window-change-v1"
      },
      "geometry": {
        "type": "Polygon",
        "coordinates": [
          [
            [
              37.2451875,
              -2.660142857142857
            ],
            [
              37.24675,
              -2.660142857142857
            ],
            [
              37.24675,
              -2.6585952380952382
            ],
            [
              37.2451875,
              -2.6585952380952382
            ],
            [
              37.2451875,
              -2.660142857142857
            ]
          ]
        ]
      }
    },
    {
      "type": "Feature",
      "properties": {
        "cellId": "s1-change-23-12",
        "category": "possible_change",
        "beforeProbability": 0.62,
        "duringProbability": 0,
        "recoveryProbability": 0,
        "deltaDuringBefore": -0.62,
        "deltaRecoveryDuring": 0,
        "method": "sentinel1-window-change-v1"
      },
      "geometry": {
        "type": "Polygon",
        "coordinates": [
          [
            [
              37.24675,
              -2.660142857142857
            ],
            [
              37.2483125,
              -2.660142857142857
            ],
            [
              37.2483125,
              -2.6585952380952382
            ],
            [
              37.24675,
              -2.6585952380952382
            ],
            [
              37.24675,
              -2.660142857142857
            ]
          ]
        ]
      }
    },
    {
      "type": "Feature",
      "properties": {
        "cellId": "s1-change-23-13",
        "category": "possible_change",
        "beforeProbability": 0.631,
        "duringProbability": 0,
        "recoveryProbability": 0,
        "deltaDuringBefore": -0.631,
        "deltaRecoveryDuring": 0,
        "method": "sentinel1-window-change-v1"
      },
      "geometry": {
        "type": "Polygon",
        "coordinates": [
          [
            [
              37.2483125,
              -2.660142857142857
            ],
            [
              37.249875,
              -2.660142857142857
            ],
            [
              37.249875,
              -2.6585952380952382
            ],
            [
              37.2483125,
              -2.6585952380952382
            ],
            [
              37.2483125,
              -2.660142857142857
            ]
          ]
        ]
      }
    },
    {
      "type": "Feature",
      "properties": {
        "cellId": "s1-change-23-14",
        "category": "possible_change",
        "beforeProbability": 0.558,
        "duringProbability": 0,
        "recoveryProbability": 0,
        "deltaDuringBefore": -0.558,
        "deltaRecoveryDuring": 0,
        "method": "sentinel1-window-change-v1"
      },
      "geometry": {
        "type": "Polygon",
        "coordinates": [
          [
            [
              37.249875,
              -2.660142857142857
            ],
            [
              37.2514375,
              -2.660142857142857
            ],
            [
              37.2514375,
              -2.6585952380952382
            ],
            [
              37.249875,
              -2.6585952380952382
            ],
            [
              37.249875,
              -2.660142857142857
            ]
          ]
        ]
      }
    },
    {
      "type": "Feature",
      "properties": {
        "cellId": "s1-change-23-15",
        "category": "possible_change",
        "beforeProbability": 0.483,
        "duringProbability": 0,
        "recoveryProbability": 0,
        "deltaDuringBefore": -0.483,
        "deltaRecoveryDuring": 0,
        "method": "sentinel1-window-change-v1"
      },
      "geometry": {
        "type": "Polygon",
        "coordinates": [
          [
            [
              37.2514375,
              -2.660142857142857
            ],
            [
              37.253,
              -2.660142857142857
            ],
            [
              37.253,
              -2.6585952380952382
            ],
            [
              37.2514375,
              -2.6585952380952382
            ],
            [
              37.2514375,
              -2.660142857142857
            ]
          ]
        ]
      }
    },
    {
      "type": "Feature",
      "properties": {
        "cellId": "s1-change-23-16",
        "category": "possible_change",
        "beforeProbability": 0.584,
        "duringProbability": 0,
        "recoveryProbability": 0.486,
        "deltaDuringBefore": -0.584,
        "deltaRecoveryDuring": 0.486,
        "method": "sentinel1-window-change-v1"
      },
      "geometry": {
        "type": "Polygon",
        "coordinates": [
          [
            [
              37.253,
              -2.660142857142857
            ],
            [
              37.2545625,
              -2.660142857142857
            ],
            [
              37.2545625,
              -2.6585952380952382
            ],
            [
              37.253,
              -2.6585952380952382
            ],
            [
              37.253,
              -2.660142857142857
            ]
          ]
        ]
      }
    },
    {
      "type": "Feature",
      "properties": {
        "cellId": "s1-change-23-17",
        "category": "possible_change",
        "beforeProbability": 0.589,
        "duringProbability": 0,
        "recoveryProbability": 0.494,
        "deltaDuringBefore": -0.589,
        "deltaRecoveryDuring": 0.494,
        "method": "sentinel1-window-change-v1"
      },
      "geometry": {
        "type": "Polygon",
        "coordinates": [
          [
            [
              37.2545625,
              -2.660142857142857
            ],
            [
              37.256125,
              -2.660142857142857
            ],
            [
              37.256125,
              -2.6585952380952382
            ],
            [
              37.2545625,
              -2.6585952380952382
            ],
            [
              37.2545625,
              -2.660142857142857
            ]
          ]
        ]
      }
    },
    {
      "type": "Feature",
      "properties": {
        "cellId": "s1-change-23-18",
        "category": "possible_change",
        "beforeProbability": 0.506,
        "duringProbability": 0,
        "recoveryProbability": 0,
        "deltaDuringBefore": -0.506,
        "deltaRecoveryDuring": 0,
        "method": "sentinel1-window-change-v1"
      },
      "geometry": {
        "type": "Polygon",
        "coordinates": [
          [
            [
              37.256125,
              -2.660142857142857
            ],
            [
              37.2576875,
              -2.660142857142857
            ],
            [
              37.2576875,
              -2.6585952380952382
            ],
            [
              37.256125,
              -2.6585952380952382
            ],
            [
              37.256125,
              -2.660142857142857
            ]
          ]
        ]
      }
    },
    {
      "type": "Feature",
      "properties": {
        "cellId": "s1-change-23-19",
        "category": "possible_change",
        "beforeProbability": 0.49,
        "duringProbability": 0.483,
        "recoveryProbability": 0,
        "deltaDuringBefore": -0.007,
        "deltaRecoveryDuring": -0.483,
        "method": "sentinel1-window-change-v1"
      },
      "geometry": {
        "type": "Polygon",
        "coordinates": [
          [
            [
              37.2576875,
              -2.660142857142857
            ],
            [
              37.25925,
              -2.660142857142857
            ],
            [
              37.25925,
              -2.6585952380952382
            ],
            [
              37.2576875,
              -2.6585952380952382
            ],
            [
              37.2576875,
              -2.660142857142857
            ]
          ]
        ]
      }
    },
    {
      "type": "Feature",
      "properties": {
        "cellId": "s1-change-23-2",
        "category": "possible_change",
        "beforeProbability": 0.616,
        "duringProbability": 0,
        "recoveryProbability": 0,
        "deltaDuringBefore": -0.616,
        "deltaRecoveryDuring": 0,
        "method": "sentinel1-window-change-v1"
      },
      "geometry": {
        "type": "Polygon",
        "coordinates": [
          [
            [
              37.231125,
              -2.660142857142857
            ],
            [
              37.232687500000004,
              -2.660142857142857
            ],
            [
              37.232687500000004,
              -2.6585952380952382
            ],
            [
              37.231125,
              -2.6585952380952382
            ],
            [
              37.231125,
              -2.660142857142857
            ]
          ]
        ]
      }
    },
    {
      "type": "Feature",
      "properties": {
        "cellId": "s1-change-23-20",
        "category": "possible_change",
        "beforeProbability": 0.471,
        "duringProbability": 0.476,
        "recoveryProbability": 0,
        "deltaDuringBefore": 0.005,
        "deltaRecoveryDuring": -0.476,
        "method": "sentinel1-window-change-v1"
      },
      "geometry": {
        "type": "Polygon",
        "coordinates": [
          [
            [
              37.25925,
              -2.660142857142857
            ],
            [
              37.2608125,
              -2.660142857142857
            ],
            [
              37.2608125,
              -2.6585952380952382
            ],
            [
              37.25925,
              -2.6585952380952382
            ],
            [
              37.25925,
              -2.660142857142857
            ]
          ]
        ]
      }
    },
    {
      "type": "Feature",
      "properties": {
        "cellId": "s1-change-23-21",
        "category": "possible_change",
        "beforeProbability": 0.536,
        "duringProbability": 0,
        "recoveryProbability": 0,
        "deltaDuringBefore": -0.536,
        "deltaRecoveryDuring": 0,
        "method": "sentinel1-window-change-v1"
      },
      "geometry": {
        "type": "Polygon",
        "coordinates": [
          [
            [
              37.2608125,
              -2.660142857142857
            ],
            [
              37.262375,
              -2.660142857142857
            ],
            [
              37.262375,
              -2.6585952380952382
            ],
            [
              37.2608125,
              -2.6585952380952382
            ],
            [
              37.2608125,
              -2.660142857142857
            ]
          ]
        ]
      }
    },
    {
      "type": "Feature",
      "properties": {
        "cellId": "s1-change-23-22",
        "category": "possible_change",
        "beforeProbability": 0.488,
        "duringProbability": 0,
        "recoveryProbability": 0,
        "deltaDuringBefore": -0.488,
        "deltaRecoveryDuring": 0,
        "method": "sentinel1-window-change-v1"
      },
      "geometry": {
        "type": "Polygon",
        "coordinates": [
          [
            [
              37.262375,
              -2.660142857142857
            ],
            [
              37.2639375,
              -2.660142857142857
            ],
            [
              37.2639375,
              -2.6585952380952382
            ],
            [
              37.262375,
              -2.6585952380952382
            ],
            [
              37.262375,
              -2.660142857142857
            ]
          ]
        ]
      }
    },
    {
      "type": "Feature",
      "properties": {
        "cellId": "s1-change-23-23",
        "category": "possible_change",
        "beforeProbability": 0,
        "duringProbability": 0,
        "recoveryProbability": 0.462,
        "deltaDuringBefore": 0,
        "deltaRecoveryDuring": 0.462,
        "method": "sentinel1-window-change-v1"
      },
      "geometry": {
        "type": "Polygon",
        "coordinates": [
          [
            [
              37.2639375,
              -2.660142857142857
            ],
            [
              37.2655,
              -2.660142857142857
            ],
            [
              37.2655,
              -2.6585952380952382
            ],
            [
              37.2639375,
              -2.6585952380952382
            ],
            [
              37.2639375,
              -2.660142857142857
            ]
          ]
        ]
      }
    },
    {
      "type": "Feature",
      "properties": {
        "cellId": "s1-change-23-24",
        "category": "possible_change",
        "beforeProbability": 0.562,
        "duringProbability": 0.594,
        "recoveryProbability": 0.544,
        "deltaDuringBefore": 0.032,
        "deltaRecoveryDuring": -0.05,
        "method": "sentinel1-window-change-v1"
      },
      "geometry": {
        "type": "Polygon",
        "coordinates": [
          [
            [
              37.2655,
              -2.660142857142857
            ],
            [
              37.2670625,
              -2.660142857142857
            ],
            [
              37.2670625,
              -2.6585952380952382
            ],
            [
              37.2655,
              -2.6585952380952382
            ],
            [
              37.2655,
              -2.660142857142857
            ]
          ]
        ]
      }
    },
    {
      "type": "Feature",
      "properties": {
        "cellId": "s1-change-23-25",
        "category": "possible_change",
        "beforeProbability": 0.47,
        "duringProbability": 0.522,
        "recoveryProbability": 0.555,
        "deltaDuringBefore": 0.052,
        "deltaRecoveryDuring": 0.033,
        "method": "sentinel1-window-change-v1"
      },
      "geometry": {
        "type": "Polygon",
        "coordinates": [
          [
            [
              37.2670625,
              -2.660142857142857
            ],
            [
              37.268625,
              -2.660142857142857
            ],
            [
              37.268625,
              -2.6585952380952382
            ],
            [
              37.2670625,
              -2.6585952380952382
            ],
            [
              37.2670625,
              -2.660142857142857
            ]
          ]
        ]
      }
    },
    {
      "type": "Feature",
      "properties": {
        "cellId": "s1-change-23-3",
        "category": "possible_change",
        "beforeProbability": 0.649,
        "duringProbability": 0,
        "recoveryProbability": 0,
        "deltaDuringBefore": -0.649,
        "deltaRecoveryDuring": 0,
        "method": "sentinel1-window-change-v1"
      },
      "geometry": {
        "type": "Polygon",
        "coordinates": [
          [
            [
              37.232687500000004,
              -2.660142857142857
            ],
            [
              37.23425,
              -2.660142857142857
            ],
            [
              37.23425,
              -2.6585952380952382
            ],
            [
              37.232687500000004,
              -2.6585952380952382
            ],
            [
              37.232687500000004,
              -2.660142857142857
            ]
          ]
        ]
      }
    },
    {
      "type": "Feature",
      "properties": {
        "cellId": "s1-change-23-30",
        "category": "possible_change",
        "beforeProbability": 0.45,
        "duringProbability": 0,
        "recoveryProbability": 0,
        "deltaDuringBefore": -0.45,
        "deltaRecoveryDuring": 0,
        "method": "sentinel1-window-change-v1"
      },
      "geometry": {
        "type": "Polygon",
        "coordinates": [
          [
            [
              37.274875,
              -2.660142857142857
            ],
            [
              37.2764375,
              -2.660142857142857
            ],
            [
              37.2764375,
              -2.6585952380952382
            ],
            [
              37.274875,
              -2.6585952380952382
            ],
            [
              37.274875,
              -2.660142857142857
            ]
          ]
        ]
      }
    },
    {
      "type": "Feature",
      "properties": {
        "cellId": "s1-change-23-4",
        "category": "possible_change",
        "beforeProbability": 0.642,
        "duringProbability": 0,
        "recoveryProbability": 0,
        "deltaDuringBefore": -0.642,
        "deltaRecoveryDuring": 0,
        "method": "sentinel1-window-change-v1"
      },
      "geometry": {
        "type": "Polygon",
        "coordinates": [
          [
            [
              37.23425,
              -2.660142857142857
            ],
            [
              37.2358125,
              -2.660142857142857
            ],
            [
              37.2358125,
              -2.6585952380952382
            ],
            [
              37.23425,
              -2.6585952380952382
            ],
            [
              37.23425,
              -2.660142857142857
            ]
          ]
        ]
      }
    },
    {
      "type": "Feature",
      "properties": {
        "cellId": "s1-change-23-5",
        "category": "possible_change",
        "beforeProbability": 0.575,
        "duringProbability": 0,
        "recoveryProbability": 0,
        "deltaDuringBefore": -0.575,
        "deltaRecoveryDuring": 0,
        "method": "sentinel1-window-change-v1"
      },
      "geometry": {
        "type": "Polygon",
        "coordinates": [
          [
            [
              37.2358125,
              -2.660142857142857
            ],
            [
              37.237375,
              -2.660142857142857
            ],
            [
              37.237375,
              -2.6585952380952382
            ],
            [
              37.2358125,
              -2.6585952380952382
            ],
            [
              37.2358125,
              -2.660142857142857
            ]
          ]
        ]
      }
    },
    {
      "type": "Feature",
      "properties": {
        "cellId": "s1-change-23-6",
        "category": "possible_change",
        "beforeProbability": 0.518,
        "duringProbability": 0,
        "recoveryProbability": 0,
        "deltaDuringBefore": -0.518,
        "deltaRecoveryDuring": 0,
        "method": "sentinel1-window-change-v1"
      },
      "geometry": {
        "type": "Polygon",
        "coordinates": [
          [
            [
              37.237375,
              -2.660142857142857
            ],
            [
              37.2389375,
              -2.660142857142857
            ],
            [
              37.2389375,
              -2.6585952380952382
            ],
            [
              37.237375,
              -2.6585952380952382
            ],
            [
              37.237375,
              -2.660142857142857
            ]
          ]
        ]
      }
    },
    {
      "type": "Feature",
      "properties": {
        "cellId": "s1-change-23-7",
        "category": "possible_change",
        "beforeProbability": 0.55,
        "duringProbability": 0,
        "recoveryProbability": 0,
        "deltaDuringBefore": -0.55,
        "deltaRecoveryDuring": 0,
        "method": "sentinel1-window-change-v1"
      },
      "geometry": {
        "type": "Polygon",
        "coordinates": [
          [
            [
              37.2389375,
              -2.660142857142857
            ],
            [
              37.2405,
              -2.660142857142857
            ],
            [
              37.2405,
              -2.6585952380952382
            ],
            [
              37.2389375,
              -2.6585952380952382
            ],
            [
              37.2389375,
              -2.660142857142857
            ]
          ]
        ]
      }
    },
    {
      "type": "Feature",
      "properties": {
        "cellId": "s1-change-23-8",
        "category": "possible_change",
        "beforeProbability": 0.544,
        "duringProbability": 0,
        "recoveryProbability": 0,
        "deltaDuringBefore": -0.544,
        "deltaRecoveryDuring": 0,
        "method": "sentinel1-window-change-v1"
      },
      "geometry": {
        "type": "Polygon",
        "coordinates": [
          [
            [
              37.2405,
              -2.660142857142857
            ],
            [
              37.2420625,
              -2.660142857142857
            ],
            [
              37.2420625,
              -2.6585952380952382
            ],
            [
              37.2405,
              -2.6585952380952382
            ],
            [
              37.2405,
              -2.660142857142857
            ]
          ]
        ]
      }
    },
    {
      "type": "Feature",
      "properties": {
        "cellId": "s1-change-23-9",
        "category": "possible_change",
        "beforeProbability": 0.467,
        "duringProbability": 0,
        "recoveryProbability": 0,
        "deltaDuringBefore": -0.467,
        "deltaRecoveryDuring": 0,
        "method": "sentinel1-window-change-v1"
      },
      "geometry": {
        "type": "Polygon",
        "coordinates": [
          [
            [
              37.2420625,
              -2.660142857142857
            ],
            [
              37.243625,
              -2.660142857142857
            ],
            [
              37.243625,
              -2.6585952380952382
            ],
            [
              37.2420625,
              -2.6585952380952382
            ],
            [
              37.2420625,
              -2.660142857142857
            ]
          ]
        ]
      }
    },
    {
      "type": "Feature",
      "properties": {
        "cellId": "s1-change-24-0",
        "category": "possible_change",
        "beforeProbability": 0.496,
        "duringProbability": 0.495,
        "recoveryProbability": 0.46,
        "deltaDuringBefore": -0.001,
        "deltaRecoveryDuring": -0.035,
        "method": "sentinel1-window-change-v1"
      },
      "geometry": {
        "type": "Polygon",
        "coordinates": [
          [
            [
              37.228,
              -2.6616904761904765
            ],
            [
              37.2295625,
              -2.6616904761904765
            ],
            [
              37.2295625,
              -2.660142857142857
            ],
            [
              37.228,
              -2.660142857142857
            ],
            [
              37.228,
              -2.6616904761904765
            ]
          ]
        ]
      }
    },
    {
      "type": "Feature",
      "properties": {
        "cellId": "s1-change-24-1",
        "category": "possible_change",
        "beforeProbability": 0.481,
        "duringProbability": 0,
        "recoveryProbability": 0,
        "deltaDuringBefore": -0.481,
        "deltaRecoveryDuring": 0,
        "method": "sentinel1-window-change-v1"
      },
      "geometry": {
        "type": "Polygon",
        "coordinates": [
          [
            [
              37.2295625,
              -2.6616904761904765
            ],
            [
              37.231125,
              -2.6616904761904765
            ],
            [
              37.231125,
              -2.660142857142857
            ],
            [
              37.2295625,
              -2.660142857142857
            ],
            [
              37.2295625,
              -2.6616904761904765
            ]
          ]
        ]
      }
    },
    {
      "type": "Feature",
      "properties": {
        "cellId": "s1-change-24-10",
        "category": "possible_change",
        "beforeProbability": 0.526,
        "duringProbability": 0,
        "recoveryProbability": 0,
        "deltaDuringBefore": -0.526,
        "deltaRecoveryDuring": 0,
        "method": "sentinel1-window-change-v1"
      },
      "geometry": {
        "type": "Polygon",
        "coordinates": [
          [
            [
              37.243625,
              -2.6616904761904765
            ],
            [
              37.2451875,
              -2.6616904761904765
            ],
            [
              37.2451875,
              -2.660142857142857
            ],
            [
              37.243625,
              -2.660142857142857
            ],
            [
              37.243625,
              -2.6616904761904765
            ]
          ]
        ]
      }
    },
    {
      "type": "Feature",
      "properties": {
        "cellId": "s1-change-24-11",
        "category": "possible_change",
        "beforeProbability": 0.549,
        "duringProbability": 0,
        "recoveryProbability": 0,
        "deltaDuringBefore": -0.549,
        "deltaRecoveryDuring": 0,
        "method": "sentinel1-window-change-v1"
      },
      "geometry": {
        "type": "Polygon",
        "coordinates": [
          [
            [
              37.2451875,
              -2.6616904761904765
            ],
            [
              37.24675,
              -2.6616904761904765
            ],
            [
              37.24675,
              -2.660142857142857
            ],
            [
              37.2451875,
              -2.660142857142857
            ],
            [
              37.2451875,
              -2.6616904761904765
            ]
          ]
        ]
      }
    },
    {
      "type": "Feature",
      "properties": {
        "cellId": "s1-change-24-12",
        "category": "possible_change",
        "beforeProbability": 0.694,
        "duringProbability": 0,
        "recoveryProbability": 0,
        "deltaDuringBefore": -0.694,
        "deltaRecoveryDuring": 0,
        "method": "sentinel1-window-change-v1"
      },
      "geometry": {
        "type": "Polygon",
        "coordinates": [
          [
            [
              37.24675,
              -2.6616904761904765
            ],
            [
              37.2483125,
              -2.6616904761904765
            ],
            [
              37.2483125,
              -2.660142857142857
            ],
            [
              37.24675,
              -2.660142857142857
            ],
            [
              37.24675,
              -2.6616904761904765
            ]
          ]
        ]
      }
    },
    {
      "type": "Feature",
      "properties": {
        "cellId": "s1-change-24-13",
        "category": "possible_change",
        "beforeProbability": 0.597,
        "duringProbability": 0,
        "recoveryProbability": 0,
        "deltaDuringBefore": -0.597,
        "deltaRecoveryDuring": 0,
        "method": "sentinel1-window-change-v1"
      },
      "geometry": {
        "type": "Polygon",
        "coordinates": [
          [
            [
              37.2483125,
              -2.6616904761904765
            ],
            [
              37.249875,
              -2.6616904761904765
            ],
            [
              37.249875,
              -2.660142857142857
            ],
            [
              37.2483125,
              -2.660142857142857
            ],
            [
              37.2483125,
              -2.6616904761904765
            ]
          ]
        ]
      }
    },
    {
      "type": "Feature",
      "properties": {
        "cellId": "s1-change-24-14",
        "category": "possible_change",
        "beforeProbability": 0.462,
        "duringProbability": 0,
        "recoveryProbability": 0,
        "deltaDuringBefore": -0.462,
        "deltaRecoveryDuring": 0,
        "method": "sentinel1-window-change-v1"
      },
      "geometry": {
        "type": "Polygon",
        "coordinates": [
          [
            [
              37.249875,
              -2.6616904761904765
            ],
            [
              37.2514375,
              -2.6616904761904765
            ],
            [
              37.2514375,
              -2.660142857142857
            ],
            [
              37.249875,
              -2.660142857142857
            ],
            [
              37.249875,
              -2.6616904761904765
            ]
          ]
        ]
      }
    },
    {
      "type": "Feature",
      "properties": {
        "cellId": "s1-change-24-17",
        "category": "possible_change",
        "beforeProbability": 0.467,
        "duringProbability": 0.452,
        "recoveryProbability": 0,
        "deltaDuringBefore": -0.015,
        "deltaRecoveryDuring": -0.452,
        "method": "sentinel1-window-change-v1"
      },
      "geometry": {
        "type": "Polygon",
        "coordinates": [
          [
            [
              37.2545625,
              -2.6616904761904765
            ],
            [
              37.256125,
              -2.6616904761904765
            ],
            [
              37.256125,
              -2.660142857142857
            ],
            [
              37.2545625,
              -2.660142857142857
            ],
            [
              37.2545625,
              -2.6616904761904765
            ]
          ]
        ]
      }
    },
    {
      "type": "Feature",
      "properties": {
        "cellId": "s1-change-24-18",
        "category": "possible_change",
        "beforeProbability": 0.481,
        "duringProbability": 0,
        "recoveryProbability": 0,
        "deltaDuringBefore": -0.481,
        "deltaRecoveryDuring": 0,
        "method": "sentinel1-window-change-v1"
      },
      "geometry": {
        "type": "Polygon",
        "coordinates": [
          [
            [
              37.256125,
              -2.6616904761904765
            ],
            [
              37.2576875,
              -2.6616904761904765
            ],
            [
              37.2576875,
              -2.660142857142857
            ],
            [
              37.256125,
              -2.660142857142857
            ],
            [
              37.256125,
              -2.6616904761904765
            ]
          ]
        ]
      }
    },
    {
      "type": "Feature",
      "properties": {
        "cellId": "s1-change-24-19",
        "category": "possible_change",
        "beforeProbability": 0,
        "duringProbability": 0.469,
        "recoveryProbability": 0,
        "deltaDuringBefore": 0.469,
        "deltaRecoveryDuring": -0.469,
        "method": "sentinel1-window-change-v1"
      },
      "geometry": {
        "type": "Polygon",
        "coordinates": [
          [
            [
              37.2576875,
              -2.6616904761904765
            ],
            [
              37.25925,
              -2.6616904761904765
            ],
            [
              37.25925,
              -2.660142857142857
            ],
            [
              37.2576875,
              -2.660142857142857
            ],
            [
              37.2576875,
              -2.6616904761904765
            ]
          ]
        ]
      }
    },
    {
      "type": "Feature",
      "properties": {
        "cellId": "s1-change-24-2",
        "category": "possible_change",
        "beforeProbability": 0.651,
        "duringProbability": 0.459,
        "recoveryProbability": 0,
        "deltaDuringBefore": -0.192,
        "deltaRecoveryDuring": -0.459,
        "method": "sentinel1-window-change-v1"
      },
      "geometry": {
        "type": "Polygon",
        "coordinates": [
          [
            [
              37.231125,
              -2.6616904761904765
            ],
            [
              37.232687500000004,
              -2.6616904761904765
            ],
            [
              37.232687500000004,
              -2.660142857142857
            ],
            [
              37.231125,
              -2.660142857142857
            ],
            [
              37.231125,
              -2.6616904761904765
            ]
          ]
        ]
      }
    },
    {
      "type": "Feature",
      "properties": {
        "cellId": "s1-change-24-20",
        "category": "possible_change",
        "beforeProbability": 0,
        "duringProbability": 0.544,
        "recoveryProbability": 0,
        "deltaDuringBefore": 0.544,
        "deltaRecoveryDuring": -0.544,
        "method": "sentinel1-window-change-v1"
      },
      "geometry": {
        "type": "Polygon",
        "coordinates": [
          [
            [
              37.25925,
              -2.6616904761904765
            ],
            [
              37.2608125,
              -2.6616904761904765
            ],
            [
              37.2608125,
              -2.660142857142857
            ],
            [
              37.25925,
              -2.660142857142857
            ],
            [
              37.25925,
              -2.6616904761904765
            ]
          ]
        ]
      }
    },
    {
      "type": "Feature",
      "properties": {
        "cellId": "s1-change-24-21",
        "category": "possible_change",
        "beforeProbability": 0.569,
        "duringProbability": 0.528,
        "recoveryProbability": 0,
        "deltaDuringBefore": -0.041,
        "deltaRecoveryDuring": -0.528,
        "method": "sentinel1-window-change-v1"
      },
      "geometry": {
        "type": "Polygon",
        "coordinates": [
          [
            [
              37.2608125,
              -2.6616904761904765
            ],
            [
              37.262375,
              -2.6616904761904765
            ],
            [
              37.262375,
              -2.660142857142857
            ],
            [
              37.2608125,
              -2.660142857142857
            ],
            [
              37.2608125,
              -2.6616904761904765
            ]
          ]
        ]
      }
    },
    {
      "type": "Feature",
      "properties": {
        "cellId": "s1-change-24-22",
        "category": "possible_change",
        "beforeProbability": 0.612,
        "duringProbability": 0.578,
        "recoveryProbability": 0,
        "deltaDuringBefore": -0.034,
        "deltaRecoveryDuring": -0.578,
        "method": "sentinel1-window-change-v1"
      },
      "geometry": {
        "type": "Polygon",
        "coordinates": [
          [
            [
              37.262375,
              -2.6616904761904765
            ],
            [
              37.2639375,
              -2.6616904761904765
            ],
            [
              37.2639375,
              -2.660142857142857
            ],
            [
              37.262375,
              -2.660142857142857
            ],
            [
              37.262375,
              -2.6616904761904765
            ]
          ]
        ]
      }
    },
    {
      "type": "Feature",
      "properties": {
        "cellId": "s1-change-24-23",
        "category": "possible_change",
        "beforeProbability": 0.475,
        "duringProbability": 0,
        "recoveryProbability": 0,
        "deltaDuringBefore": -0.475,
        "deltaRecoveryDuring": 0,
        "method": "sentinel1-window-change-v1"
      },
      "geometry": {
        "type": "Polygon",
        "coordinates": [
          [
            [
              37.2639375,
              -2.6616904761904765
            ],
            [
              37.2655,
              -2.6616904761904765
            ],
            [
              37.2655,
              -2.660142857142857
            ],
            [
              37.2639375,
              -2.660142857142857
            ],
            [
              37.2639375,
              -2.6616904761904765
            ]
          ]
        ]
      }
    },
    {
      "type": "Feature",
      "properties": {
        "cellId": "s1-change-24-24",
        "category": "possible_change",
        "beforeProbability": 0,
        "duringProbability": 0.472,
        "recoveryProbability": 0.527,
        "deltaDuringBefore": 0.472,
        "deltaRecoveryDuring": 0.055,
        "method": "sentinel1-window-change-v1"
      },
      "geometry": {
        "type": "Polygon",
        "coordinates": [
          [
            [
              37.2655,
              -2.6616904761904765
            ],
            [
              37.2670625,
              -2.6616904761904765
            ],
            [
              37.2670625,
              -2.660142857142857
            ],
            [
              37.2655,
              -2.660142857142857
            ],
            [
              37.2655,
              -2.6616904761904765
            ]
          ]
        ]
      }
    },
    {
      "type": "Feature",
      "properties": {
        "cellId": "s1-change-24-25",
        "category": "possible_change",
        "beforeProbability": 0,
        "duringProbability": 0.484,
        "recoveryProbability": 0.569,
        "deltaDuringBefore": 0.484,
        "deltaRecoveryDuring": 0.085,
        "method": "sentinel1-window-change-v1"
      },
      "geometry": {
        "type": "Polygon",
        "coordinates": [
          [
            [
              37.2670625,
              -2.6616904761904765
            ],
            [
              37.268625,
              -2.6616904761904765
            ],
            [
              37.268625,
              -2.660142857142857
            ],
            [
              37.2670625,
              -2.660142857142857
            ],
            [
              37.2670625,
              -2.6616904761904765
            ]
          ]
        ]
      }
    },
    {
      "type": "Feature",
      "properties": {
        "cellId": "s1-change-24-3",
        "category": "possible_change",
        "beforeProbability": 0.62,
        "duringProbability": 0,
        "recoveryProbability": 0,
        "deltaDuringBefore": -0.62,
        "deltaRecoveryDuring": 0,
        "method": "sentinel1-window-change-v1"
      },
      "geometry": {
        "type": "Polygon",
        "coordinates": [
          [
            [
              37.232687500000004,
              -2.6616904761904765
            ],
            [
              37.23425,
              -2.6616904761904765
            ],
            [
              37.23425,
              -2.660142857142857
            ],
            [
              37.232687500000004,
              -2.660142857142857
            ],
            [
              37.232687500000004,
              -2.6616904761904765
            ]
          ]
        ]
      }
    },
    {
      "type": "Feature",
      "properties": {
        "cellId": "s1-change-24-4",
        "category": "possible_change",
        "beforeProbability": 0.599,
        "duringProbability": 0,
        "recoveryProbability": 0,
        "deltaDuringBefore": -0.599,
        "deltaRecoveryDuring": 0,
        "method": "sentinel1-window-change-v1"
      },
      "geometry": {
        "type": "Polygon",
        "coordinates": [
          [
            [
              37.23425,
              -2.6616904761904765
            ],
            [
              37.2358125,
              -2.6616904761904765
            ],
            [
              37.2358125,
              -2.660142857142857
            ],
            [
              37.23425,
              -2.660142857142857
            ],
            [
              37.23425,
              -2.6616904761904765
            ]
          ]
        ]
      }
    },
    {
      "type": "Feature",
      "properties": {
        "cellId": "s1-change-24-5",
        "category": "possible_change",
        "beforeProbability": 0.64,
        "duringProbability": 0,
        "recoveryProbability": 0,
        "deltaDuringBefore": -0.64,
        "deltaRecoveryDuring": 0,
        "method": "sentinel1-window-change-v1"
      },
      "geometry": {
        "type": "Polygon",
        "coordinates": [
          [
            [
              37.2358125,
              -2.6616904761904765
            ],
            [
              37.237375,
              -2.6616904761904765
            ],
            [
              37.237375,
              -2.660142857142857
            ],
            [
              37.2358125,
              -2.660142857142857
            ],
            [
              37.2358125,
              -2.6616904761904765
            ]
          ]
        ]
      }
    },
    {
      "type": "Feature",
      "properties": {
        "cellId": "s1-change-24-6",
        "category": "possible_change",
        "beforeProbability": 0.626,
        "duringProbability": 0,
        "recoveryProbability": 0,
        "deltaDuringBefore": -0.626,
        "deltaRecoveryDuring": 0,
        "method": "sentinel1-window-change-v1"
      },
      "geometry": {
        "type": "Polygon",
        "coordinates": [
          [
            [
              37.237375,
              -2.6616904761904765
            ],
            [
              37.2389375,
              -2.6616904761904765
            ],
            [
              37.2389375,
              -2.660142857142857
            ],
            [
              37.237375,
              -2.660142857142857
            ],
            [
              37.237375,
              -2.6616904761904765
            ]
          ]
        ]
      }
    },
    {
      "type": "Feature",
      "properties": {
        "cellId": "s1-change-24-7",
        "category": "possible_change",
        "beforeProbability": 0.575,
        "duringProbability": 0,
        "recoveryProbability": 0,
        "deltaDuringBefore": -0.575,
        "deltaRecoveryDuring": 0,
        "method": "sentinel1-window-change-v1"
      },
      "geometry": {
        "type": "Polygon",
        "coordinates": [
          [
            [
              37.2389375,
              -2.6616904761904765
            ],
            [
              37.2405,
              -2.6616904761904765
            ],
            [
              37.2405,
              -2.660142857142857
            ],
            [
              37.2389375,
              -2.660142857142857
            ],
            [
              37.2389375,
              -2.6616904761904765
            ]
          ]
        ]
      }
    },
    {
      "type": "Feature",
      "properties": {
        "cellId": "s1-change-24-9",
        "category": "possible_change",
        "beforeProbability": 0.477,
        "duringProbability": 0,
        "recoveryProbability": 0,
        "deltaDuringBefore": -0.477,
        "deltaRecoveryDuring": 0,
        "method": "sentinel1-window-change-v1"
      },
      "geometry": {
        "type": "Polygon",
        "coordinates": [
          [
            [
              37.2420625,
              -2.6616904761904765
            ],
            [
              37.243625,
              -2.6616904761904765
            ],
            [
              37.243625,
              -2.660142857142857
            ],
            [
              37.2420625,
              -2.660142857142857
            ],
            [
              37.2420625,
              -2.6616904761904765
            ]
          ]
        ]
      }
    },
    {
      "type": "Feature",
      "properties": {
        "cellId": "s1-change-25-1",
        "category": "possible_change",
        "beforeProbability": 0.516,
        "duringProbability": 0,
        "recoveryProbability": 0,
        "deltaDuringBefore": -0.516,
        "deltaRecoveryDuring": 0,
        "method": "sentinel1-window-change-v1"
      },
      "geometry": {
        "type": "Polygon",
        "coordinates": [
          [
            [
              37.2295625,
              -2.6632380952380954
            ],
            [
              37.231125,
              -2.6632380952380954
            ],
            [
              37.231125,
              -2.6616904761904765
            ],
            [
              37.2295625,
              -2.6616904761904765
            ],
            [
              37.2295625,
              -2.6632380952380954
            ]
          ]
        ]
      }
    },
    {
      "type": "Feature",
      "properties": {
        "cellId": "s1-change-25-10",
        "category": "possible_change",
        "beforeProbability": 0.471,
        "duringProbability": 0,
        "recoveryProbability": 0,
        "deltaDuringBefore": -0.471,
        "deltaRecoveryDuring": 0,
        "method": "sentinel1-window-change-v1"
      },
      "geometry": {
        "type": "Polygon",
        "coordinates": [
          [
            [
              37.243625,
              -2.6632380952380954
            ],
            [
              37.2451875,
              -2.6632380952380954
            ],
            [
              37.2451875,
              -2.6616904761904765
            ],
            [
              37.243625,
              -2.6616904761904765
            ],
            [
              37.243625,
              -2.6632380952380954
            ]
          ]
        ]
      }
    },
    {
      "type": "Feature",
      "properties": {
        "cellId": "s1-change-25-12",
        "category": "possible_change",
        "beforeProbability": 0.525,
        "duringProbability": 0,
        "recoveryProbability": 0,
        "deltaDuringBefore": -0.525,
        "deltaRecoveryDuring": 0,
        "method": "sentinel1-window-change-v1"
      },
      "geometry": {
        "type": "Polygon",
        "coordinates": [
          [
            [
              37.24675,
              -2.6632380952380954
            ],
            [
              37.2483125,
              -2.6632380952380954
            ],
            [
              37.2483125,
              -2.6616904761904765
            ],
            [
              37.24675,
              -2.6616904761904765
            ],
            [
              37.24675,
              -2.6632380952380954
            ]
          ]
        ]
      }
    },
    {
      "type": "Feature",
      "properties": {
        "cellId": "s1-change-25-17",
        "category": "possible_change",
        "beforeProbability": 0.561,
        "duringProbability": 0,
        "recoveryProbability": 0,
        "deltaDuringBefore": -0.561,
        "deltaRecoveryDuring": 0,
        "method": "sentinel1-window-change-v1"
      },
      "geometry": {
        "type": "Polygon",
        "coordinates": [
          [
            [
              37.2545625,
              -2.6632380952380954
            ],
            [
              37.256125,
              -2.6632380952380954
            ],
            [
              37.256125,
              -2.6616904761904765
            ],
            [
              37.2545625,
              -2.6616904761904765
            ],
            [
              37.2545625,
              -2.6632380952380954
            ]
          ]
        ]
      }
    },
    {
      "type": "Feature",
      "properties": {
        "cellId": "s1-change-25-18",
        "category": "possible_change",
        "beforeProbability": 0.607,
        "duringProbability": 0,
        "recoveryProbability": 0,
        "deltaDuringBefore": -0.607,
        "deltaRecoveryDuring": 0,
        "method": "sentinel1-window-change-v1"
      },
      "geometry": {
        "type": "Polygon",
        "coordinates": [
          [
            [
              37.256125,
              -2.6632380952380954
            ],
            [
              37.2576875,
              -2.6632380952380954
            ],
            [
              37.2576875,
              -2.6616904761904765
            ],
            [
              37.256125,
              -2.6616904761904765
            ],
            [
              37.256125,
              -2.6632380952380954
            ]
          ]
        ]
      }
    },
    {
      "type": "Feature",
      "properties": {
        "cellId": "s1-change-25-19",
        "category": "possible_change",
        "beforeProbability": 0.46,
        "duringProbability": 0.504,
        "recoveryProbability": 0,
        "deltaDuringBefore": 0.044,
        "deltaRecoveryDuring": -0.504,
        "method": "sentinel1-window-change-v1"
      },
      "geometry": {
        "type": "Polygon",
        "coordinates": [
          [
            [
              37.2576875,
              -2.6632380952380954
            ],
            [
              37.25925,
              -2.6632380952380954
            ],
            [
              37.25925,
              -2.6616904761904765
            ],
            [
              37.2576875,
              -2.6616904761904765
            ],
            [
              37.2576875,
              -2.6632380952380954
            ]
          ]
        ]
      }
    },
    {
      "type": "Feature",
      "properties": {
        "cellId": "s1-change-25-2",
        "category": "possible_change",
        "beforeProbability": 0.618,
        "duringProbability": 0,
        "recoveryProbability": 0,
        "deltaDuringBefore": -0.618,
        "deltaRecoveryDuring": 0,
        "method": "sentinel1-window-change-v1"
      },
      "geometry": {
        "type": "Polygon",
        "coordinates": [
          [
            [
              37.231125,
              -2.6632380952380954
            ],
            [
              37.232687500000004,
              -2.6632380952380954
            ],
            [
              37.232687500000004,
              -2.6616904761904765
            ],
            [
              37.231125,
              -2.6616904761904765
            ],
            [
              37.231125,
              -2.6632380952380954
            ]
          ]
        ]
      }
    },
    {
      "type": "Feature",
      "properties": {
        "cellId": "s1-change-25-21",
        "category": "possible_change",
        "beforeProbability": 0,
        "duringProbability": 0.522,
        "recoveryProbability": 0.485,
        "deltaDuringBefore": 0.522,
        "deltaRecoveryDuring": -0.037,
        "method": "sentinel1-window-change-v1"
      },
      "geometry": {
        "type": "Polygon",
        "coordinates": [
          [
            [
              37.2608125,
              -2.6632380952380954
            ],
            [
              37.262375,
              -2.6632380952380954
            ],
            [
              37.262375,
              -2.6616904761904765
            ],
            [
              37.2608125,
              -2.6616904761904765
            ],
            [
              37.2608125,
              -2.6632380952380954
            ]
          ]
        ]
      }
    },
    {
      "type": "Feature",
      "properties": {
        "cellId": "s1-change-25-22",
        "category": "possible_change",
        "beforeProbability": 0.608,
        "duringProbability": 0.595,
        "recoveryProbability": 0.565,
        "deltaDuringBefore": -0.013,
        "deltaRecoveryDuring": -0.03,
        "method": "sentinel1-window-change-v1"
      },
      "geometry": {
        "type": "Polygon",
        "coordinates": [
          [
            [
              37.262375,
              -2.6632380952380954
            ],
            [
              37.2639375,
              -2.6632380952380954
            ],
            [
              37.2639375,
              -2.6616904761904765
            ],
            [
              37.262375,
              -2.6616904761904765
            ],
            [
              37.262375,
              -2.6632380952380954
            ]
          ]
        ]
      }
    },
    {
      "type": "Feature",
      "properties": {
        "cellId": "s1-change-25-23",
        "category": "possible_change",
        "beforeProbability": 0.499,
        "duringProbability": 0.469,
        "recoveryProbability": 0.551,
        "deltaDuringBefore": -0.03,
        "deltaRecoveryDuring": 0.082,
        "method": "sentinel1-window-change-v1"
      },
      "geometry": {
        "type": "Polygon",
        "coordinates": [
          [
            [
              37.2639375,
              -2.6632380952380954
            ],
            [
              37.2655,
              -2.6632380952380954
            ],
            [
              37.2655,
              -2.6616904761904765
            ],
            [
              37.2639375,
              -2.6616904761904765
            ],
            [
              37.2639375,
              -2.6632380952380954
            ]
          ]
        ]
      }
    },
    {
      "type": "Feature",
      "properties": {
        "cellId": "s1-change-25-27",
        "category": "possible_change",
        "beforeProbability": 0,
        "duringProbability": 0.452,
        "recoveryProbability": 0.455,
        "deltaDuringBefore": 0.452,
        "deltaRecoveryDuring": 0.003,
        "method": "sentinel1-window-change-v1"
      },
      "geometry": {
        "type": "Polygon",
        "coordinates": [
          [
            [
              37.2701875,
              -2.6632380952380954
            ],
            [
              37.27175,
              -2.6632380952380954
            ],
            [
              37.27175,
              -2.6616904761904765
            ],
            [
              37.2701875,
              -2.6616904761904765
            ],
            [
              37.2701875,
              -2.6632380952380954
            ]
          ]
        ]
      }
    },
    {
      "type": "Feature",
      "properties": {
        "cellId": "s1-change-25-3",
        "category": "possible_change",
        "beforeProbability": 0.487,
        "duringProbability": 0,
        "recoveryProbability": 0,
        "deltaDuringBefore": -0.487,
        "deltaRecoveryDuring": 0,
        "method": "sentinel1-window-change-v1"
      },
      "geometry": {
        "type": "Polygon",
        "coordinates": [
          [
            [
              37.232687500000004,
              -2.6632380952380954
            ],
            [
              37.23425,
              -2.6632380952380954
            ],
            [
              37.23425,
              -2.6616904761904765
            ],
            [
              37.232687500000004,
              -2.6616904761904765
            ],
            [
              37.232687500000004,
              -2.6632380952380954
            ]
          ]
        ]
      }
    },
    {
      "type": "Feature",
      "properties": {
        "cellId": "s1-change-25-4",
        "category": "possible_change",
        "beforeProbability": 0.565,
        "duringProbability": 0,
        "recoveryProbability": 0,
        "deltaDuringBefore": -0.565,
        "deltaRecoveryDuring": 0,
        "method": "sentinel1-window-change-v1"
      },
      "geometry": {
        "type": "Polygon",
        "coordinates": [
          [
            [
              37.23425,
              -2.6632380952380954
            ],
            [
              37.2358125,
              -2.6632380952380954
            ],
            [
              37.2358125,
              -2.6616904761904765
            ],
            [
              37.23425,
              -2.6616904761904765
            ],
            [
              37.23425,
              -2.6632380952380954
            ]
          ]
        ]
      }
    },
    {
      "type": "Feature",
      "properties": {
        "cellId": "s1-change-25-44",
        "category": "possible_change",
        "beforeProbability": 0,
        "duringProbability": 0.472,
        "recoveryProbability": 0.466,
        "deltaDuringBefore": 0.472,
        "deltaRecoveryDuring": -0.006,
        "method": "sentinel1-window-change-v1"
      },
      "geometry": {
        "type": "Polygon",
        "coordinates": [
          [
            [
              37.296749999999996,
              -2.6632380952380954
            ],
            [
              37.298312499999994,
              -2.6632380952380954
            ],
            [
              37.298312499999994,
              -2.6616904761904765
            ],
            [
              37.296749999999996,
              -2.6616904761904765
            ],
            [
              37.296749999999996,
              -2.6632380952380954
            ]
          ]
        ]
      }
    },
    {
      "type": "Feature",
      "properties": {
        "cellId": "s1-change-25-47",
        "category": "possible_change",
        "beforeProbability": 0,
        "duringProbability": 0,
        "recoveryProbability": 0.473,
        "deltaDuringBefore": 0,
        "deltaRecoveryDuring": 0.473,
        "method": "sentinel1-window-change-v1"
      },
      "geometry": {
        "type": "Polygon",
        "coordinates": [
          [
            [
              37.3014375,
              -2.6632380952380954
            ],
            [
              37.303,
              -2.6632380952380954
            ],
            [
              37.303,
              -2.6616904761904765
            ],
            [
              37.3014375,
              -2.6616904761904765
            ],
            [
              37.3014375,
              -2.6632380952380954
            ]
          ]
        ]
      }
    },
    {
      "type": "Feature",
      "properties": {
        "cellId": "s1-change-25-5",
        "category": "possible_change",
        "beforeProbability": 0.634,
        "duringProbability": 0,
        "recoveryProbability": 0,
        "deltaDuringBefore": -0.634,
        "deltaRecoveryDuring": 0,
        "method": "sentinel1-window-change-v1"
      },
      "geometry": {
        "type": "Polygon",
        "coordinates": [
          [
            [
              37.2358125,
              -2.6632380952380954
            ],
            [
              37.237375,
              -2.6632380952380954
            ],
            [
              37.237375,
              -2.6616904761904765
            ],
            [
              37.2358125,
              -2.6616904761904765
            ],
            [
              37.2358125,
              -2.6632380952380954
            ]
          ]
        ]
      }
    },
    {
      "type": "Feature",
      "properties": {
        "cellId": "s1-change-25-6",
        "category": "possible_change",
        "beforeProbability": 0.557,
        "duringProbability": 0,
        "recoveryProbability": 0,
        "deltaDuringBefore": -0.557,
        "deltaRecoveryDuring": 0,
        "method": "sentinel1-window-change-v1"
      },
      "geometry": {
        "type": "Polygon",
        "coordinates": [
          [
            [
              37.237375,
              -2.6632380952380954
            ],
            [
              37.2389375,
              -2.6632380952380954
            ],
            [
              37.2389375,
              -2.6616904761904765
            ],
            [
              37.237375,
              -2.6616904761904765
            ],
            [
              37.237375,
              -2.6632380952380954
            ]
          ]
        ]
      }
    },
    {
      "type": "Feature",
      "properties": {
        "cellId": "s1-change-25-7",
        "category": "possible_change",
        "beforeProbability": 0.524,
        "duringProbability": 0,
        "recoveryProbability": 0,
        "deltaDuringBefore": -0.524,
        "deltaRecoveryDuring": 0,
        "method": "sentinel1-window-change-v1"
      },
      "geometry": {
        "type": "Polygon",
        "coordinates": [
          [
            [
              37.2389375,
              -2.6632380952380954
            ],
            [
              37.2405,
              -2.6632380952380954
            ],
            [
              37.2405,
              -2.6616904761904765
            ],
            [
              37.2389375,
              -2.6616904761904765
            ],
            [
              37.2389375,
              -2.6632380952380954
            ]
          ]
        ]
      }
    },
    {
      "type": "Feature",
      "properties": {
        "cellId": "s1-change-26-1",
        "category": "possible_change",
        "beforeProbability": 0.531,
        "duringProbability": 0,
        "recoveryProbability": 0,
        "deltaDuringBefore": -0.531,
        "deltaRecoveryDuring": 0,
        "method": "sentinel1-window-change-v1"
      },
      "geometry": {
        "type": "Polygon",
        "coordinates": [
          [
            [
              37.2295625,
              -2.6647857142857143
            ],
            [
              37.231125,
              -2.6647857142857143
            ],
            [
              37.231125,
              -2.6632380952380954
            ],
            [
              37.2295625,
              -2.6632380952380954
            ],
            [
              37.2295625,
              -2.6647857142857143
            ]
          ]
        ]
      }
    },
    {
      "type": "Feature",
      "properties": {
        "cellId": "s1-change-26-11",
        "category": "possible_change",
        "beforeProbability": 0.473,
        "duringProbability": 0,
        "recoveryProbability": 0,
        "deltaDuringBefore": -0.473,
        "deltaRecoveryDuring": 0,
        "method": "sentinel1-window-change-v1"
      },
      "geometry": {
        "type": "Polygon",
        "coordinates": [
          [
            [
              37.2451875,
              -2.6647857142857143
            ],
            [
              37.24675,
              -2.6647857142857143
            ],
            [
              37.24675,
              -2.6632380952380954
            ],
            [
              37.2451875,
              -2.6632380952380954
            ],
            [
              37.2451875,
              -2.6647857142857143
            ]
          ]
        ]
      }
    },
    {
      "type": "Feature",
      "properties": {
        "cellId": "s1-change-26-14",
        "category": "possible_change",
        "beforeProbability": 0.468,
        "duringProbability": 0,
        "recoveryProbability": 0,
        "deltaDuringBefore": -0.468,
        "deltaRecoveryDuring": 0,
        "method": "sentinel1-window-change-v1"
      },
      "geometry": {
        "type": "Polygon",
        "coordinates": [
          [
            [
              37.249875,
              -2.6647857142857143
            ],
            [
              37.2514375,
              -2.6647857142857143
            ],
            [
              37.2514375,
              -2.6632380952380954
            ],
            [
              37.249875,
              -2.6632380952380954
            ],
            [
              37.249875,
              -2.6647857142857143
            ]
          ]
        ]
      }
    },
    {
      "type": "Feature",
      "properties": {
        "cellId": "s1-change-26-2",
        "category": "possible_change",
        "beforeProbability": 0.527,
        "duringProbability": 0,
        "recoveryProbability": 0,
        "deltaDuringBefore": -0.527,
        "deltaRecoveryDuring": 0,
        "method": "sentinel1-window-change-v1"
      },
      "geometry": {
        "type": "Polygon",
        "coordinates": [
          [
            [
              37.231125,
              -2.6647857142857143
            ],
            [
              37.232687500000004,
              -2.6647857142857143
            ],
            [
              37.232687500000004,
              -2.6632380952380954
            ],
            [
              37.231125,
              -2.6632380952380954
            ],
            [
              37.231125,
              -2.6647857142857143
            ]
          ]
        ]
      }
    },
    {
      "type": "Feature",
      "properties": {
        "cellId": "s1-change-26-21",
        "category": "possible_change",
        "beforeProbability": 0.468,
        "duringProbability": 0.482,
        "recoveryProbability": 0.453,
        "deltaDuringBefore": 0.014,
        "deltaRecoveryDuring": -0.029,
        "method": "sentinel1-window-change-v1"
      },
      "geometry": {
        "type": "Polygon",
        "coordinates": [
          [
            [
              37.2608125,
              -2.6647857142857143
            ],
            [
              37.262375,
              -2.6647857142857143
            ],
            [
              37.262375,
              -2.6632380952380954
            ],
            [
              37.2608125,
              -2.6632380952380954
            ],
            [
              37.2608125,
              -2.6647857142857143
            ]
          ]
        ]
      }
    },
    {
      "type": "Feature",
      "properties": {
        "cellId": "s1-change-26-22",
        "category": "possible_change",
        "beforeProbability": 0.512,
        "duringProbability": 0.555,
        "recoveryProbability": 0.558,
        "deltaDuringBefore": 0.043,
        "deltaRecoveryDuring": 0.003,
        "method": "sentinel1-window-change-v1"
      },
      "geometry": {
        "type": "Polygon",
        "coordinates": [
          [
            [
              37.262375,
              -2.6647857142857143
            ],
            [
              37.2639375,
              -2.6647857142857143
            ],
            [
              37.2639375,
              -2.6632380952380954
            ],
            [
              37.262375,
              -2.6632380952380954
            ],
            [
              37.262375,
              -2.6647857142857143
            ]
          ]
        ]
      }
    },
    {
      "type": "Feature",
      "properties": {
        "cellId": "s1-change-26-23",
        "category": "residual_or_later_water",
        "beforeProbability": 0.482,
        "duringProbability": 0.581,
        "recoveryProbability": 0.661,
        "deltaDuringBefore": 0.099,
        "deltaRecoveryDuring": 0.08,
        "method": "sentinel1-window-change-v1"
      },
      "geometry": {
        "type": "Polygon",
        "coordinates": [
          [
            [
              37.2639375,
              -2.6647857142857143
            ],
            [
              37.2655,
              -2.6647857142857143
            ],
            [
              37.2655,
              -2.6632380952380954
            ],
            [
              37.2639375,
              -2.6632380952380954
            ],
            [
              37.2639375,
              -2.6647857142857143
            ]
          ]
        ]
      }
    },
    {
      "type": "Feature",
      "properties": {
        "cellId": "s1-change-26-24",
        "category": "possible_change",
        "beforeProbability": 0,
        "duringProbability": 0,
        "recoveryProbability": 0.477,
        "deltaDuringBefore": 0,
        "deltaRecoveryDuring": 0.477,
        "method": "sentinel1-window-change-v1"
      },
      "geometry": {
        "type": "Polygon",
        "coordinates": [
          [
            [
              37.2655,
              -2.6647857142857143
            ],
            [
              37.2670625,
              -2.6647857142857143
            ],
            [
              37.2670625,
              -2.6632380952380954
            ],
            [
              37.2655,
              -2.6632380952380954
            ],
            [
              37.2655,
              -2.6647857142857143
            ]
          ]
        ]
      }
    },
    {
      "type": "Feature",
      "properties": {
        "cellId": "s1-change-26-28",
        "category": "possible_change",
        "beforeProbability": 0,
        "duringProbability": 0,
        "recoveryProbability": 0.455,
        "deltaDuringBefore": 0,
        "deltaRecoveryDuring": 0.455,
        "method": "sentinel1-window-change-v1"
      },
      "geometry": {
        "type": "Polygon",
        "coordinates": [
          [
            [
              37.27175,
              -2.6647857142857143
            ],
            [
              37.273312499999996,
              -2.6647857142857143
            ],
            [
              37.273312499999996,
              -2.6632380952380954
            ],
            [
              37.27175,
              -2.6632380952380954
            ],
            [
              37.27175,
              -2.6647857142857143
            ]
          ]
        ]
      }
    },
    {
      "type": "Feature",
      "properties": {
        "cellId": "s1-change-26-3",
        "category": "possible_change",
        "beforeProbability": 0.544,
        "duringProbability": 0,
        "recoveryProbability": 0,
        "deltaDuringBefore": -0.544,
        "deltaRecoveryDuring": 0,
        "method": "sentinel1-window-change-v1"
      },
      "geometry": {
        "type": "Polygon",
        "coordinates": [
          [
            [
              37.232687500000004,
              -2.6647857142857143
            ],
            [
              37.23425,
              -2.6647857142857143
            ],
            [
              37.23425,
              -2.6632380952380954
            ],
            [
              37.232687500000004,
              -2.6632380952380954
            ],
            [
              37.232687500000004,
              -2.6647857142857143
            ]
          ]
        ]
      }
    },
    {
      "type": "Feature",
      "properties": {
        "cellId": "s1-change-26-4",
        "category": "possible_change",
        "beforeProbability": 0.611,
        "duringProbability": 0,
        "recoveryProbability": 0,
        "deltaDuringBefore": -0.611,
        "deltaRecoveryDuring": 0,
        "method": "sentinel1-window-change-v1"
      },
      "geometry": {
        "type": "Polygon",
        "coordinates": [
          [
            [
              37.23425,
              -2.6647857142857143
            ],
            [
              37.2358125,
              -2.6647857142857143
            ],
            [
              37.2358125,
              -2.6632380952380954
            ],
            [
              37.23425,
              -2.6632380952380954
            ],
            [
              37.23425,
              -2.6647857142857143
            ]
          ]
        ]
      }
    },
    {
      "type": "Feature",
      "properties": {
        "cellId": "s1-change-26-47",
        "category": "possible_change",
        "beforeProbability": 0,
        "duringProbability": 0,
        "recoveryProbability": 0.475,
        "deltaDuringBefore": 0,
        "deltaRecoveryDuring": 0.475,
        "method": "sentinel1-window-change-v1"
      },
      "geometry": {
        "type": "Polygon",
        "coordinates": [
          [
            [
              37.3014375,
              -2.6647857142857143
            ],
            [
              37.303,
              -2.6647857142857143
            ],
            [
              37.303,
              -2.6632380952380954
            ],
            [
              37.3014375,
              -2.6632380952380954
            ],
            [
              37.3014375,
              -2.6647857142857143
            ]
          ]
        ]
      }
    },
    {
      "type": "Feature",
      "properties": {
        "cellId": "s1-change-26-5",
        "category": "possible_change",
        "beforeProbability": 0.524,
        "duringProbability": 0,
        "recoveryProbability": 0,
        "deltaDuringBefore": -0.524,
        "deltaRecoveryDuring": 0,
        "method": "sentinel1-window-change-v1"
      },
      "geometry": {
        "type": "Polygon",
        "coordinates": [
          [
            [
              37.2358125,
              -2.6647857142857143
            ],
            [
              37.237375,
              -2.6647857142857143
            ],
            [
              37.237375,
              -2.6632380952380954
            ],
            [
              37.2358125,
              -2.6632380952380954
            ],
            [
              37.2358125,
              -2.6647857142857143
            ]
          ]
        ]
      }
    },
    {
      "type": "Feature",
      "properties": {
        "cellId": "s1-change-26-8",
        "category": "possible_change",
        "beforeProbability": 0.524,
        "duringProbability": 0,
        "recoveryProbability": 0,
        "deltaDuringBefore": -0.524,
        "deltaRecoveryDuring": 0,
        "method": "sentinel1-window-change-v1"
      },
      "geometry": {
        "type": "Polygon",
        "coordinates": [
          [
            [
              37.2405,
              -2.6647857142857143
            ],
            [
              37.2420625,
              -2.6647857142857143
            ],
            [
              37.2420625,
              -2.6632380952380954
            ],
            [
              37.2405,
              -2.6632380952380954
            ],
            [
              37.2405,
              -2.6647857142857143
            ]
          ]
        ]
      }
    },
    {
      "type": "Feature",
      "properties": {
        "cellId": "s1-change-26-9",
        "category": "possible_change",
        "beforeProbability": 0.457,
        "duringProbability": 0,
        "recoveryProbability": 0,
        "deltaDuringBefore": -0.457,
        "deltaRecoveryDuring": 0,
        "method": "sentinel1-window-change-v1"
      },
      "geometry": {
        "type": "Polygon",
        "coordinates": [
          [
            [
              37.2420625,
              -2.6647857142857143
            ],
            [
              37.243625,
              -2.6647857142857143
            ],
            [
              37.243625,
              -2.6632380952380954
            ],
            [
              37.2420625,
              -2.6632380952380954
            ],
            [
              37.2420625,
              -2.6647857142857143
            ]
          ]
        ]
      }
    },
    {
      "type": "Feature",
      "properties": {
        "cellId": "s1-change-27-0",
        "category": "possible_change",
        "beforeProbability": 0,
        "duringProbability": 0.457,
        "recoveryProbability": 0,
        "deltaDuringBefore": 0.457,
        "deltaRecoveryDuring": -0.457,
        "method": "sentinel1-window-change-v1"
      },
      "geometry": {
        "type": "Polygon",
        "coordinates": [
          [
            [
              37.228,
              -2.6663333333333337
            ],
            [
              37.2295625,
              -2.6663333333333337
            ],
            [
              37.2295625,
              -2.6647857142857143
            ],
            [
              37.228,
              -2.6647857142857143
            ],
            [
              37.228,
              -2.6663333333333337
            ]
          ]
        ]
      }
    },
    {
      "type": "Feature",
      "properties": {
        "cellId": "s1-change-27-10",
        "category": "possible_change",
        "beforeProbability": 0.47,
        "duringProbability": 0,
        "recoveryProbability": 0,
        "deltaDuringBefore": -0.47,
        "deltaRecoveryDuring": 0,
        "method": "sentinel1-window-change-v1"
      },
      "geometry": {
        "type": "Polygon",
        "coordinates": [
          [
            [
              37.243625,
              -2.6663333333333337
            ],
            [
              37.2451875,
              -2.6663333333333337
            ],
            [
              37.2451875,
              -2.6647857142857143
            ],
            [
              37.243625,
              -2.6647857142857143
            ],
            [
              37.243625,
              -2.6663333333333337
            ]
          ]
        ]
      }
    },
    {
      "type": "Feature",
      "properties": {
        "cellId": "s1-change-27-2",
        "category": "possible_change",
        "beforeProbability": 0.475,
        "duringProbability": 0,
        "recoveryProbability": 0,
        "deltaDuringBefore": -0.475,
        "deltaRecoveryDuring": 0,
        "method": "sentinel1-window-change-v1"
      },
      "geometry": {
        "type": "Polygon",
        "coordinates": [
          [
            [
              37.231125,
              -2.6663333333333337
            ],
            [
              37.232687500000004,
              -2.6663333333333337
            ],
            [
              37.232687500000004,
              -2.6647857142857143
            ],
            [
              37.231125,
              -2.6647857142857143
            ],
            [
              37.231125,
              -2.6663333333333337
            ]
          ]
        ]
      }
    },
    {
      "type": "Feature",
      "properties": {
        "cellId": "s1-change-27-20",
        "category": "possible_change",
        "beforeProbability": 0.474,
        "duringProbability": 0.547,
        "recoveryProbability": 0,
        "deltaDuringBefore": 0.073,
        "deltaRecoveryDuring": -0.547,
        "method": "sentinel1-window-change-v1"
      },
      "geometry": {
        "type": "Polygon",
        "coordinates": [
          [
            [
              37.25925,
              -2.6663333333333337
            ],
            [
              37.2608125,
              -2.6663333333333337
            ],
            [
              37.2608125,
              -2.6647857142857143
            ],
            [
              37.25925,
              -2.6647857142857143
            ],
            [
              37.25925,
              -2.6663333333333337
            ]
          ]
        ]
      }
    },
    {
      "type": "Feature",
      "properties": {
        "cellId": "s1-change-27-21",
        "category": "possible_change",
        "beforeProbability": 0.495,
        "duringProbability": 0.515,
        "recoveryProbability": 0.587,
        "deltaDuringBefore": 0.02,
        "deltaRecoveryDuring": 0.072,
        "method": "sentinel1-window-change-v1"
      },
      "geometry": {
        "type": "Polygon",
        "coordinates": [
          [
            [
              37.2608125,
              -2.6663333333333337
            ],
            [
              37.262375,
              -2.6663333333333337
            ],
            [
              37.262375,
              -2.6647857142857143
            ],
            [
              37.2608125,
              -2.6647857142857143
            ],
            [
              37.2608125,
              -2.6663333333333337
            ]
          ]
        ]
      }
    },
    {
      "type": "Feature",
      "properties": {
        "cellId": "s1-change-27-22",
        "category": "possible_change",
        "beforeProbability": 0,
        "duringProbability": 0.564,
        "recoveryProbability": 0.588,
        "deltaDuringBefore": 0.564,
        "deltaRecoveryDuring": 0.024,
        "method": "sentinel1-window-change-v1"
      },
      "geometry": {
        "type": "Polygon",
        "coordinates": [
          [
            [
              37.262375,
              -2.6663333333333337
            ],
            [
              37.2639375,
              -2.6663333333333337
            ],
            [
              37.2639375,
              -2.6647857142857143
            ],
            [
              37.262375,
              -2.6647857142857143
            ],
            [
              37.262375,
              -2.6663333333333337
            ]
          ]
        ]
      }
    },
    {
      "type": "Feature",
      "properties": {
        "cellId": "s1-change-27-23",
        "category": "possible_change",
        "beforeProbability": 0.472,
        "duringProbability": 0.622,
        "recoveryProbability": 0.645,
        "deltaDuringBefore": 0.15,
        "deltaRecoveryDuring": 0.023,
        "method": "sentinel1-window-change-v1"
      },
      "geometry": {
        "type": "Polygon",
        "coordinates": [
          [
            [
              37.2639375,
              -2.6663333333333337
            ],
            [
              37.2655,
              -2.6663333333333337
            ],
            [
              37.2655,
              -2.6647857142857143
            ],
            [
              37.2639375,
              -2.6647857142857143
            ],
            [
              37.2639375,
              -2.6663333333333337
            ]
          ]
        ]
      }
    },
    {
      "type": "Feature",
      "properties": {
        "cellId": "s1-change-27-24",
        "category": "possible_change",
        "beforeProbability": 0.512,
        "duringProbability": 0.579,
        "recoveryProbability": 0.507,
        "deltaDuringBefore": 0.067,
        "deltaRecoveryDuring": -0.072,
        "method": "sentinel1-window-change-v1"
      },
      "geometry": {
        "type": "Polygon",
        "coordinates": [
          [
            [
              37.2655,
              -2.6663333333333337
            ],
            [
              37.2670625,
              -2.6663333333333337
            ],
            [
              37.2670625,
              -2.6647857142857143
            ],
            [
              37.2655,
              -2.6647857142857143
            ],
            [
              37.2655,
              -2.6663333333333337
            ]
          ]
        ]
      }
    },
    {
      "type": "Feature",
      "properties": {
        "cellId": "s1-change-27-27",
        "category": "possible_change",
        "beforeProbability": 0,
        "duringProbability": 0,
        "recoveryProbability": 0.509,
        "deltaDuringBefore": 0,
        "deltaRecoveryDuring": 0.509,
        "method": "sentinel1-window-change-v1"
      },
      "geometry": {
        "type": "Polygon",
        "coordinates": [
          [
            [
              37.2701875,
              -2.6663333333333337
            ],
            [
              37.27175,
              -2.6663333333333337
            ],
            [
              37.27175,
              -2.6647857142857143
            ],
            [
              37.2701875,
              -2.6647857142857143
            ],
            [
              37.2701875,
              -2.6663333333333337
            ]
          ]
        ]
      }
    },
    {
      "type": "Feature",
      "properties": {
        "cellId": "s1-change-27-28",
        "category": "possible_change",
        "beforeProbability": 0.463,
        "duringProbability": 0.468,
        "recoveryProbability": 0.482,
        "deltaDuringBefore": 0.005,
        "deltaRecoveryDuring": 0.014,
        "method": "sentinel1-window-change-v1"
      },
      "geometry": {
        "type": "Polygon",
        "coordinates": [
          [
            [
              37.27175,
              -2.6663333333333337
            ],
            [
              37.273312499999996,
              -2.6663333333333337
            ],
            [
              37.273312499999996,
              -2.6647857142857143
            ],
            [
              37.27175,
              -2.6647857142857143
            ],
            [
              37.27175,
              -2.6663333333333337
            ]
          ]
        ]
      }
    },
    {
      "type": "Feature",
      "properties": {
        "cellId": "s1-change-27-3",
        "category": "possible_change",
        "beforeProbability": 0.583,
        "duringProbability": 0,
        "recoveryProbability": 0,
        "deltaDuringBefore": -0.583,
        "deltaRecoveryDuring": 0,
        "method": "sentinel1-window-change-v1"
      },
      "geometry": {
        "type": "Polygon",
        "coordinates": [
          [
            [
              37.232687500000004,
              -2.6663333333333337
            ],
            [
              37.23425,
              -2.6663333333333337
            ],
            [
              37.23425,
              -2.6647857142857143
            ],
            [
              37.232687500000004,
              -2.6647857142857143
            ],
            [
              37.232687500000004,
              -2.6663333333333337
            ]
          ]
        ]
      }
    },
    {
      "type": "Feature",
      "properties": {
        "cellId": "s1-change-27-4",
        "category": "possible_change",
        "beforeProbability": 0.599,
        "duringProbability": 0,
        "recoveryProbability": 0,
        "deltaDuringBefore": -0.599,
        "deltaRecoveryDuring": 0,
        "method": "sentinel1-window-change-v1"
      },
      "geometry": {
        "type": "Polygon",
        "coordinates": [
          [
            [
              37.23425,
              -2.6663333333333337
            ],
            [
              37.2358125,
              -2.6663333333333337
            ],
            [
              37.2358125,
              -2.6647857142857143
            ],
            [
              37.23425,
              -2.6647857142857143
            ],
            [
              37.23425,
              -2.6663333333333337
            ]
          ]
        ]
      }
    },
    {
      "type": "Feature",
      "properties": {
        "cellId": "s1-change-27-5",
        "category": "possible_change",
        "beforeProbability": 0.572,
        "duringProbability": 0,
        "recoveryProbability": 0,
        "deltaDuringBefore": -0.572,
        "deltaRecoveryDuring": 0,
        "method": "sentinel1-window-change-v1"
      },
      "geometry": {
        "type": "Polygon",
        "coordinates": [
          [
            [
              37.2358125,
              -2.6663333333333337
            ],
            [
              37.237375,
              -2.6663333333333337
            ],
            [
              37.237375,
              -2.6647857142857143
            ],
            [
              37.2358125,
              -2.6647857142857143
            ],
            [
              37.2358125,
              -2.6663333333333337
            ]
          ]
        ]
      }
    },
    {
      "type": "Feature",
      "properties": {
        "cellId": "s1-change-27-7",
        "category": "possible_change",
        "beforeProbability": 0.47,
        "duringProbability": 0,
        "recoveryProbability": 0,
        "deltaDuringBefore": -0.47,
        "deltaRecoveryDuring": 0,
        "method": "sentinel1-window-change-v1"
      },
      "geometry": {
        "type": "Polygon",
        "coordinates": [
          [
            [
              37.2389375,
              -2.6663333333333337
            ],
            [
              37.2405,
              -2.6663333333333337
            ],
            [
              37.2405,
              -2.6647857142857143
            ],
            [
              37.2389375,
              -2.6647857142857143
            ],
            [
              37.2389375,
              -2.6663333333333337
            ]
          ]
        ]
      }
    },
    {
      "type": "Feature",
      "properties": {
        "cellId": "s1-change-27-8",
        "category": "possible_change",
        "beforeProbability": 0.544,
        "duringProbability": 0,
        "recoveryProbability": 0,
        "deltaDuringBefore": -0.544,
        "deltaRecoveryDuring": 0,
        "method": "sentinel1-window-change-v1"
      },
      "geometry": {
        "type": "Polygon",
        "coordinates": [
          [
            [
              37.2405,
              -2.6663333333333337
            ],
            [
              37.2420625,
              -2.6663333333333337
            ],
            [
              37.2420625,
              -2.6647857142857143
            ],
            [
              37.2405,
              -2.6647857142857143
            ],
            [
              37.2405,
              -2.6663333333333337
            ]
          ]
        ]
      }
    },
    {
      "type": "Feature",
      "properties": {
        "cellId": "s1-change-27-9",
        "category": "possible_change",
        "beforeProbability": 0.48,
        "duringProbability": 0,
        "recoveryProbability": 0,
        "deltaDuringBefore": -0.48,
        "deltaRecoveryDuring": 0,
        "method": "sentinel1-window-change-v1"
      },
      "geometry": {
        "type": "Polygon",
        "coordinates": [
          [
            [
              37.2420625,
              -2.6663333333333337
            ],
            [
              37.243625,
              -2.6663333333333337
            ],
            [
              37.243625,
              -2.6647857142857143
            ],
            [
              37.2420625,
              -2.6647857142857143
            ],
            [
              37.2420625,
              -2.6663333333333337
            ]
          ]
        ]
      }
    },
    {
      "type": "Feature",
      "properties": {
        "cellId": "s1-change-28-2",
        "category": "possible_change",
        "beforeProbability": 0.515,
        "duringProbability": 0,
        "recoveryProbability": 0,
        "deltaDuringBefore": -0.515,
        "deltaRecoveryDuring": 0,
        "method": "sentinel1-window-change-v1"
      },
      "geometry": {
        "type": "Polygon",
        "coordinates": [
          [
            [
              37.231125,
              -2.6678809523809526
            ],
            [
              37.232687500000004,
              -2.6678809523809526
            ],
            [
              37.232687500000004,
              -2.6663333333333337
            ],
            [
              37.231125,
              -2.6663333333333337
            ],
            [
              37.231125,
              -2.6678809523809526
            ]
          ]
        ]
      }
    },
    {
      "type": "Feature",
      "properties": {
        "cellId": "s1-change-28-20",
        "category": "possible_change",
        "beforeProbability": 0,
        "duringProbability": 0.457,
        "recoveryProbability": 0,
        "deltaDuringBefore": 0.457,
        "deltaRecoveryDuring": -0.457,
        "method": "sentinel1-window-change-v1"
      },
      "geometry": {
        "type": "Polygon",
        "coordinates": [
          [
            [
              37.25925,
              -2.6678809523809526
            ],
            [
              37.2608125,
              -2.6678809523809526
            ],
            [
              37.2608125,
              -2.6663333333333337
            ],
            [
              37.25925,
              -2.6663333333333337
            ],
            [
              37.25925,
              -2.6678809523809526
            ]
          ]
        ]
      }
    },
    {
      "type": "Feature",
      "properties": {
        "cellId": "s1-change-28-21",
        "category": "possible_change",
        "beforeProbability": 0.474,
        "duringProbability": 0.503,
        "recoveryProbability": 0.484,
        "deltaDuringBefore": 0.029,
        "deltaRecoveryDuring": -0.019,
        "method": "sentinel1-window-change-v1"
      },
      "geometry": {
        "type": "Polygon",
        "coordinates": [
          [
            [
              37.2608125,
              -2.6678809523809526
            ],
            [
              37.262375,
              -2.6678809523809526
            ],
            [
              37.262375,
              -2.6663333333333337
            ],
            [
              37.2608125,
              -2.6663333333333337
            ],
            [
              37.2608125,
              -2.6678809523809526
            ]
          ]
        ]
      }
    },
    {
      "type": "Feature",
      "properties": {
        "cellId": "s1-change-28-23",
        "category": "possible_change",
        "beforeProbability": 0,
        "duringProbability": 0,
        "recoveryProbability": 0.488,
        "deltaDuringBefore": 0,
        "deltaRecoveryDuring": 0.488,
        "method": "sentinel1-window-change-v1"
      },
      "geometry": {
        "type": "Polygon",
        "coordinates": [
          [
            [
              37.2639375,
              -2.6678809523809526
            ],
            [
              37.2655,
              -2.6678809523809526
            ],
            [
              37.2655,
              -2.6663333333333337
            ],
            [
              37.2639375,
              -2.6663333333333337
            ],
            [
              37.2639375,
              -2.6678809523809526
            ]
          ]
        ]
      }
    },
    {
      "type": "Feature",
      "properties": {
        "cellId": "s1-change-28-24",
        "category": "possible_change",
        "beforeProbability": 0.472,
        "duringProbability": 0,
        "recoveryProbability": 0.523,
        "deltaDuringBefore": -0.472,
        "deltaRecoveryDuring": 0.523,
        "method": "sentinel1-window-change-v1"
      },
      "geometry": {
        "type": "Polygon",
        "coordinates": [
          [
            [
              37.2655,
              -2.6678809523809526
            ],
            [
              37.2670625,
              -2.6678809523809526
            ],
            [
              37.2670625,
              -2.6663333333333337
            ],
            [
              37.2655,
              -2.6663333333333337
            ],
            [
              37.2655,
              -2.6678809523809526
            ]
          ]
        ]
      }
    },
    {
      "type": "Feature",
      "properties": {
        "cellId": "s1-change-28-25",
        "category": "possible_change",
        "beforeProbability": 0,
        "duringProbability": 0,
        "recoveryProbability": 0.467,
        "deltaDuringBefore": 0,
        "deltaRecoveryDuring": 0.467,
        "method": "sentinel1-window-change-v1"
      },
      "geometry": {
        "type": "Polygon",
        "coordinates": [
          [
            [
              37.2670625,
              -2.6678809523809526
            ],
            [
              37.268625,
              -2.6678809523809526
            ],
            [
              37.268625,
              -2.6663333333333337
            ],
            [
              37.2670625,
              -2.6663333333333337
            ],
            [
              37.2670625,
              -2.6678809523809526
            ]
          ]
        ]
      }
    },
    {
      "type": "Feature",
      "properties": {
        "cellId": "s1-change-28-3",
        "category": "possible_change",
        "beforeProbability": 0.618,
        "duringProbability": 0,
        "recoveryProbability": 0,
        "deltaDuringBefore": -0.618,
        "deltaRecoveryDuring": 0,
        "method": "sentinel1-window-change-v1"
      },
      "geometry": {
        "type": "Polygon",
        "coordinates": [
          [
            [
              37.232687500000004,
              -2.6678809523809526
            ],
            [
              37.23425,
              -2.6678809523809526
            ],
            [
              37.23425,
              -2.6663333333333337
            ],
            [
              37.232687500000004,
              -2.6663333333333337
            ],
            [
              37.232687500000004,
              -2.6678809523809526
            ]
          ]
        ]
      }
    },
    {
      "type": "Feature",
      "properties": {
        "cellId": "s1-change-28-4",
        "category": "possible_change",
        "beforeProbability": 0.579,
        "duringProbability": 0,
        "recoveryProbability": 0,
        "deltaDuringBefore": -0.579,
        "deltaRecoveryDuring": 0,
        "method": "sentinel1-window-change-v1"
      },
      "geometry": {
        "type": "Polygon",
        "coordinates": [
          [
            [
              37.23425,
              -2.6678809523809526
            ],
            [
              37.2358125,
              -2.6678809523809526
            ],
            [
              37.2358125,
              -2.6663333333333337
            ],
            [
              37.23425,
              -2.6663333333333337
            ],
            [
              37.23425,
              -2.6678809523809526
            ]
          ]
        ]
      }
    },
    {
      "type": "Feature",
      "properties": {
        "cellId": "s1-change-28-5",
        "category": "possible_change",
        "beforeProbability": 0.588,
        "duringProbability": 0,
        "recoveryProbability": 0,
        "deltaDuringBefore": -0.588,
        "deltaRecoveryDuring": 0,
        "method": "sentinel1-window-change-v1"
      },
      "geometry": {
        "type": "Polygon",
        "coordinates": [
          [
            [
              37.2358125,
              -2.6678809523809526
            ],
            [
              37.237375,
              -2.6678809523809526
            ],
            [
              37.237375,
              -2.6663333333333337
            ],
            [
              37.2358125,
              -2.6663333333333337
            ],
            [
              37.2358125,
              -2.6678809523809526
            ]
          ]
        ]
      }
    },
    {
      "type": "Feature",
      "properties": {
        "cellId": "s1-change-28-6",
        "category": "possible_change",
        "beforeProbability": 0.563,
        "duringProbability": 0,
        "recoveryProbability": 0,
        "deltaDuringBefore": -0.563,
        "deltaRecoveryDuring": 0,
        "method": "sentinel1-window-change-v1"
      },
      "geometry": {
        "type": "Polygon",
        "coordinates": [
          [
            [
              37.237375,
              -2.6678809523809526
            ],
            [
              37.2389375,
              -2.6678809523809526
            ],
            [
              37.2389375,
              -2.6663333333333337
            ],
            [
              37.237375,
              -2.6663333333333337
            ],
            [
              37.237375,
              -2.6678809523809526
            ]
          ]
        ]
      }
    },
    {
      "type": "Feature",
      "properties": {
        "cellId": "s1-change-28-7",
        "category": "possible_change",
        "beforeProbability": 0.492,
        "duringProbability": 0,
        "recoveryProbability": 0,
        "deltaDuringBefore": -0.492,
        "deltaRecoveryDuring": 0,
        "method": "sentinel1-window-change-v1"
      },
      "geometry": {
        "type": "Polygon",
        "coordinates": [
          [
            [
              37.2389375,
              -2.6678809523809526
            ],
            [
              37.2405,
              -2.6678809523809526
            ],
            [
              37.2405,
              -2.6663333333333337
            ],
            [
              37.2389375,
              -2.6663333333333337
            ],
            [
              37.2389375,
              -2.6678809523809526
            ]
          ]
        ]
      }
    },
    {
      "type": "Feature",
      "properties": {
        "cellId": "s1-change-28-8",
        "category": "possible_change",
        "beforeProbability": 0.482,
        "duringProbability": 0,
        "recoveryProbability": 0,
        "deltaDuringBefore": -0.482,
        "deltaRecoveryDuring": 0,
        "method": "sentinel1-window-change-v1"
      },
      "geometry": {
        "type": "Polygon",
        "coordinates": [
          [
            [
              37.2405,
              -2.6678809523809526
            ],
            [
              37.2420625,
              -2.6678809523809526
            ],
            [
              37.2420625,
              -2.6663333333333337
            ],
            [
              37.2405,
              -2.6663333333333337
            ],
            [
              37.2405,
              -2.6678809523809526
            ]
          ]
        ]
      }
    },
    {
      "type": "Feature",
      "properties": {
        "cellId": "s1-change-28-9",
        "category": "possible_change",
        "beforeProbability": 0.485,
        "duringProbability": 0,
        "recoveryProbability": 0,
        "deltaDuringBefore": -0.485,
        "deltaRecoveryDuring": 0,
        "method": "sentinel1-window-change-v1"
      },
      "geometry": {
        "type": "Polygon",
        "coordinates": [
          [
            [
              37.2420625,
              -2.6678809523809526
            ],
            [
              37.243625,
              -2.6678809523809526
            ],
            [
              37.243625,
              -2.6663333333333337
            ],
            [
              37.2420625,
              -2.6663333333333337
            ],
            [
              37.2420625,
              -2.6678809523809526
            ]
          ]
        ]
      }
    },
    {
      "type": "Feature",
      "properties": {
        "cellId": "s1-change-29-0",
        "category": "possible_change",
        "beforeProbability": 0.6,
        "duringProbability": 0.488,
        "recoveryProbability": 0,
        "deltaDuringBefore": -0.112,
        "deltaRecoveryDuring": -0.488,
        "method": "sentinel1-window-change-v1"
      },
      "geometry": {
        "type": "Polygon",
        "coordinates": [
          [
            [
              37.228,
              -2.6694285714285715
            ],
            [
              37.2295625,
              -2.6694285714285715
            ],
            [
              37.2295625,
              -2.6678809523809526
            ],
            [
              37.228,
              -2.6678809523809526
            ],
            [
              37.228,
              -2.6694285714285715
            ]
          ]
        ]
      }
    },
    {
      "type": "Feature",
      "properties": {
        "cellId": "s1-change-29-20",
        "category": "possible_change",
        "beforeProbability": 0,
        "duringProbability": 0.514,
        "recoveryProbability": 0,
        "deltaDuringBefore": 0.514,
        "deltaRecoveryDuring": -0.514,
        "method": "sentinel1-window-change-v1"
      },
      "geometry": {
        "type": "Polygon",
        "coordinates": [
          [
            [
              37.25925,
              -2.6694285714285715
            ],
            [
              37.2608125,
              -2.6694285714285715
            ],
            [
              37.2608125,
              -2.6678809523809526
            ],
            [
              37.25925,
              -2.6678809523809526
            ],
            [
              37.25925,
              -2.6694285714285715
            ]
          ]
        ]
      }
    },
    {
      "type": "Feature",
      "properties": {
        "cellId": "s1-change-29-21",
        "category": "possible_change",
        "beforeProbability": 0.546,
        "duringProbability": 0.655,
        "recoveryProbability": 0.562,
        "deltaDuringBefore": 0.109,
        "deltaRecoveryDuring": -0.093,
        "method": "sentinel1-window-change-v1"
      },
      "geometry": {
        "type": "Polygon",
        "coordinates": [
          [
            [
              37.2608125,
              -2.6694285714285715
            ],
            [
              37.262375,
              -2.6694285714285715
            ],
            [
              37.262375,
              -2.6678809523809526
            ],
            [
              37.2608125,
              -2.6678809523809526
            ],
            [
              37.2608125,
              -2.6694285714285715
            ]
          ]
        ]
      }
    },
    {
      "type": "Feature",
      "properties": {
        "cellId": "s1-change-29-22",
        "category": "possible_change",
        "beforeProbability": 0.532,
        "duringProbability": 0.505,
        "recoveryProbability": 0,
        "deltaDuringBefore": -0.027,
        "deltaRecoveryDuring": -0.505,
        "method": "sentinel1-window-change-v1"
      },
      "geometry": {
        "type": "Polygon",
        "coordinates": [
          [
            [
              37.262375,
              -2.6694285714285715
            ],
            [
              37.2639375,
              -2.6694285714285715
            ],
            [
              37.2639375,
              -2.6678809523809526
            ],
            [
              37.262375,
              -2.6678809523809526
            ],
            [
              37.262375,
              -2.6694285714285715
            ]
          ]
        ]
      }
    },
    {
      "type": "Feature",
      "properties": {
        "cellId": "s1-change-29-24",
        "category": "possible_change",
        "beforeProbability": 0.494,
        "duringProbability": 0,
        "recoveryProbability": 0,
        "deltaDuringBefore": -0.494,
        "deltaRecoveryDuring": 0,
        "method": "sentinel1-window-change-v1"
      },
      "geometry": {
        "type": "Polygon",
        "coordinates": [
          [
            [
              37.2655,
              -2.6694285714285715
            ],
            [
              37.2670625,
              -2.6694285714285715
            ],
            [
              37.2670625,
              -2.6678809523809526
            ],
            [
              37.2655,
              -2.6678809523809526
            ],
            [
              37.2655,
              -2.6694285714285715
            ]
          ]
        ]
      }
    },
    {
      "type": "Feature",
      "properties": {
        "cellId": "s1-change-29-25",
        "category": "possible_change",
        "beforeProbability": 0.486,
        "duringProbability": 0,
        "recoveryProbability": 0,
        "deltaDuringBefore": -0.486,
        "deltaRecoveryDuring": 0,
        "method": "sentinel1-window-change-v1"
      },
      "geometry": {
        "type": "Polygon",
        "coordinates": [
          [
            [
              37.2670625,
              -2.6694285714285715
            ],
            [
              37.268625,
              -2.6694285714285715
            ],
            [
              37.268625,
              -2.6678809523809526
            ],
            [
              37.2670625,
              -2.6678809523809526
            ],
            [
              37.2670625,
              -2.6694285714285715
            ]
          ]
        ]
      }
    },
    {
      "type": "Feature",
      "properties": {
        "cellId": "s1-change-29-26",
        "category": "possible_change",
        "beforeProbability": 0.465,
        "duringProbability": 0,
        "recoveryProbability": 0,
        "deltaDuringBefore": -0.465,
        "deltaRecoveryDuring": 0,
        "method": "sentinel1-window-change-v1"
      },
      "geometry": {
        "type": "Polygon",
        "coordinates": [
          [
            [
              37.268625,
              -2.6694285714285715
            ],
            [
              37.2701875,
              -2.6694285714285715
            ],
            [
              37.2701875,
              -2.6678809523809526
            ],
            [
              37.268625,
              -2.6678809523809526
            ],
            [
              37.268625,
              -2.6694285714285715
            ]
          ]
        ]
      }
    },
    {
      "type": "Feature",
      "properties": {
        "cellId": "s1-change-29-27",
        "category": "possible_change",
        "beforeProbability": 0.466,
        "duringProbability": 0,
        "recoveryProbability": 0,
        "deltaDuringBefore": -0.466,
        "deltaRecoveryDuring": 0,
        "method": "sentinel1-window-change-v1"
      },
      "geometry": {
        "type": "Polygon",
        "coordinates": [
          [
            [
              37.2701875,
              -2.6694285714285715
            ],
            [
              37.27175,
              -2.6694285714285715
            ],
            [
              37.27175,
              -2.6678809523809526
            ],
            [
              37.2701875,
              -2.6678809523809526
            ],
            [
              37.2701875,
              -2.6694285714285715
            ]
          ]
        ]
      }
    },
    {
      "type": "Feature",
      "properties": {
        "cellId": "s1-change-29-3",
        "category": "possible_change",
        "beforeProbability": 0.569,
        "duringProbability": 0,
        "recoveryProbability": 0,
        "deltaDuringBefore": -0.569,
        "deltaRecoveryDuring": 0,
        "method": "sentinel1-window-change-v1"
      },
      "geometry": {
        "type": "Polygon",
        "coordinates": [
          [
            [
              37.232687500000004,
              -2.6694285714285715
            ],
            [
              37.23425,
              -2.6694285714285715
            ],
            [
              37.23425,
              -2.6678809523809526
            ],
            [
              37.232687500000004,
              -2.6678809523809526
            ],
            [
              37.232687500000004,
              -2.6694285714285715
            ]
          ]
        ]
      }
    },
    {
      "type": "Feature",
      "properties": {
        "cellId": "s1-change-29-37",
        "category": "possible_change",
        "beforeProbability": 0.454,
        "duringProbability": 0,
        "recoveryProbability": 0,
        "deltaDuringBefore": -0.454,
        "deltaRecoveryDuring": 0,
        "method": "sentinel1-window-change-v1"
      },
      "geometry": {
        "type": "Polygon",
        "coordinates": [
          [
            [
              37.2858125,
              -2.6694285714285715
            ],
            [
              37.287375,
              -2.6694285714285715
            ],
            [
              37.287375,
              -2.6678809523809526
            ],
            [
              37.2858125,
              -2.6678809523809526
            ],
            [
              37.2858125,
              -2.6694285714285715
            ]
          ]
        ]
      }
    },
    {
      "type": "Feature",
      "properties": {
        "cellId": "s1-change-29-4",
        "category": "possible_change",
        "beforeProbability": 0.625,
        "duringProbability": 0,
        "recoveryProbability": 0,
        "deltaDuringBefore": -0.625,
        "deltaRecoveryDuring": 0,
        "method": "sentinel1-window-change-v1"
      },
      "geometry": {
        "type": "Polygon",
        "coordinates": [
          [
            [
              37.23425,
              -2.6694285714285715
            ],
            [
              37.2358125,
              -2.6694285714285715
            ],
            [
              37.2358125,
              -2.6678809523809526
            ],
            [
              37.23425,
              -2.6678809523809526
            ],
            [
              37.23425,
              -2.6694285714285715
            ]
          ]
        ]
      }
    },
    {
      "type": "Feature",
      "properties": {
        "cellId": "s1-change-29-43",
        "category": "possible_change",
        "beforeProbability": 0,
        "duringProbability": 0.468,
        "recoveryProbability": 0,
        "deltaDuringBefore": 0.468,
        "deltaRecoveryDuring": -0.468,
        "method": "sentinel1-window-change-v1"
      },
      "geometry": {
        "type": "Polygon",
        "coordinates": [
          [
            [
              37.2951875,
              -2.6694285714285715
            ],
            [
              37.296749999999996,
              -2.6694285714285715
            ],
            [
              37.296749999999996,
              -2.6678809523809526
            ],
            [
              37.2951875,
              -2.6678809523809526
            ],
            [
              37.2951875,
              -2.6694285714285715
            ]
          ]
        ]
      }
    },
    {
      "type": "Feature",
      "properties": {
        "cellId": "s1-change-29-5",
        "category": "possible_change",
        "beforeProbability": 0.529,
        "duringProbability": 0,
        "recoveryProbability": 0,
        "deltaDuringBefore": -0.529,
        "deltaRecoveryDuring": 0,
        "method": "sentinel1-window-change-v1"
      },
      "geometry": {
        "type": "Polygon",
        "coordinates": [
          [
            [
              37.2358125,
              -2.6694285714285715
            ],
            [
              37.237375,
              -2.6694285714285715
            ],
            [
              37.237375,
              -2.6678809523809526
            ],
            [
              37.2358125,
              -2.6678809523809526
            ],
            [
              37.2358125,
              -2.6694285714285715
            ]
          ]
        ]
      }
    },
    {
      "type": "Feature",
      "properties": {
        "cellId": "s1-change-29-7",
        "category": "possible_change",
        "beforeProbability": 0.482,
        "duringProbability": 0,
        "recoveryProbability": 0,
        "deltaDuringBefore": -0.482,
        "deltaRecoveryDuring": 0,
        "method": "sentinel1-window-change-v1"
      },
      "geometry": {
        "type": "Polygon",
        "coordinates": [
          [
            [
              37.2389375,
              -2.6694285714285715
            ],
            [
              37.2405,
              -2.6694285714285715
            ],
            [
              37.2405,
              -2.6678809523809526
            ],
            [
              37.2389375,
              -2.6678809523809526
            ],
            [
              37.2389375,
              -2.6694285714285715
            ]
          ]
        ]
      }
    },
    {
      "type": "Feature",
      "properties": {
        "cellId": "s1-change-29-8",
        "category": "possible_change",
        "beforeProbability": 0.504,
        "duringProbability": 0,
        "recoveryProbability": 0,
        "deltaDuringBefore": -0.504,
        "deltaRecoveryDuring": 0,
        "method": "sentinel1-window-change-v1"
      },
      "geometry": {
        "type": "Polygon",
        "coordinates": [
          [
            [
              37.2405,
              -2.6694285714285715
            ],
            [
              37.2420625,
              -2.6694285714285715
            ],
            [
              37.2420625,
              -2.6678809523809526
            ],
            [
              37.2405,
              -2.6678809523809526
            ],
            [
              37.2405,
              -2.6694285714285715
            ]
          ]
        ]
      }
    },
    {
      "type": "Feature",
      "properties": {
        "cellId": "s1-change-3-41",
        "category": "possible_change",
        "beforeProbability": 0.471,
        "duringProbability": 0.495,
        "recoveryProbability": 0,
        "deltaDuringBefore": 0.024,
        "deltaRecoveryDuring": -0.495,
        "method": "sentinel1-window-change-v1"
      },
      "geometry": {
        "type": "Polygon",
        "coordinates": [
          [
            [
              37.2920625,
              -2.6291904761904763
            ],
            [
              37.293625,
              -2.6291904761904763
            ],
            [
              37.293625,
              -2.6276428571428574
            ],
            [
              37.2920625,
              -2.6276428571428574
            ],
            [
              37.2920625,
              -2.6291904761904763
            ]
          ]
        ]
      }
    },
    {
      "type": "Feature",
      "properties": {
        "cellId": "s1-change-3-42",
        "category": "possible_change",
        "beforeProbability": 0.512,
        "duringProbability": 0,
        "recoveryProbability": 0,
        "deltaDuringBefore": -0.512,
        "deltaRecoveryDuring": 0,
        "method": "sentinel1-window-change-v1"
      },
      "geometry": {
        "type": "Polygon",
        "coordinates": [
          [
            [
              37.293625,
              -2.6291904761904763
            ],
            [
              37.2951875,
              -2.6291904761904763
            ],
            [
              37.2951875,
              -2.6276428571428574
            ],
            [
              37.293625,
              -2.6276428571428574
            ],
            [
              37.293625,
              -2.6291904761904763
            ]
          ]
        ]
      }
    },
    {
      "type": "Feature",
      "properties": {
        "cellId": "s1-change-3-46",
        "category": "possible_change",
        "beforeProbability": 0,
        "duringProbability": 0.502,
        "recoveryProbability": 0,
        "deltaDuringBefore": 0.502,
        "deltaRecoveryDuring": -0.502,
        "method": "sentinel1-window-change-v1"
      },
      "geometry": {
        "type": "Polygon",
        "coordinates": [
          [
            [
              37.299875,
              -2.6291904761904763
            ],
            [
              37.3014375,
              -2.6291904761904763
            ],
            [
              37.3014375,
              -2.6276428571428574
            ],
            [
              37.299875,
              -2.6276428571428574
            ],
            [
              37.299875,
              -2.6291904761904763
            ]
          ]
        ]
      }
    },
    {
      "type": "Feature",
      "properties": {
        "cellId": "s1-change-30-12",
        "category": "possible_change",
        "beforeProbability": 0,
        "duringProbability": 0,
        "recoveryProbability": 0.464,
        "deltaDuringBefore": 0,
        "deltaRecoveryDuring": 0.464,
        "method": "sentinel1-window-change-v1"
      },
      "geometry": {
        "type": "Polygon",
        "coordinates": [
          [
            [
              37.24675,
              -2.670976190476191
            ],
            [
              37.2483125,
              -2.670976190476191
            ],
            [
              37.2483125,
              -2.6694285714285715
            ],
            [
              37.24675,
              -2.6694285714285715
            ],
            [
              37.24675,
              -2.670976190476191
            ]
          ]
        ]
      }
    },
    {
      "type": "Feature",
      "properties": {
        "cellId": "s1-change-30-17",
        "category": "possible_change",
        "beforeProbability": 0.534,
        "duringProbability": 0.51,
        "recoveryProbability": 0,
        "deltaDuringBefore": -0.024,
        "deltaRecoveryDuring": -0.51,
        "method": "sentinel1-window-change-v1"
      },
      "geometry": {
        "type": "Polygon",
        "coordinates": [
          [
            [
              37.2545625,
              -2.670976190476191
            ],
            [
              37.256125,
              -2.670976190476191
            ],
            [
              37.256125,
              -2.6694285714285715
            ],
            [
              37.2545625,
              -2.6694285714285715
            ],
            [
              37.2545625,
              -2.670976190476191
            ]
          ]
        ]
      }
    },
    {
      "type": "Feature",
      "properties": {
        "cellId": "s1-change-30-2",
        "category": "possible_change",
        "beforeProbability": 0.453,
        "duringProbability": 0,
        "recoveryProbability": 0,
        "deltaDuringBefore": -0.453,
        "deltaRecoveryDuring": 0,
        "method": "sentinel1-window-change-v1"
      },
      "geometry": {
        "type": "Polygon",
        "coordinates": [
          [
            [
              37.231125,
              -2.670976190476191
            ],
            [
              37.232687500000004,
              -2.670976190476191
            ],
            [
              37.232687500000004,
              -2.6694285714285715
            ],
            [
              37.231125,
              -2.6694285714285715
            ],
            [
              37.231125,
              -2.670976190476191
            ]
          ]
        ]
      }
    },
    {
      "type": "Feature",
      "properties": {
        "cellId": "s1-change-30-20",
        "category": "possible_change",
        "beforeProbability": 0.597,
        "duringProbability": 0.624,
        "recoveryProbability": 0.572,
        "deltaDuringBefore": 0.027,
        "deltaRecoveryDuring": -0.052,
        "method": "sentinel1-window-change-v1"
      },
      "geometry": {
        "type": "Polygon",
        "coordinates": [
          [
            [
              37.25925,
              -2.670976190476191
            ],
            [
              37.2608125,
              -2.670976190476191
            ],
            [
              37.2608125,
              -2.6694285714285715
            ],
            [
              37.25925,
              -2.6694285714285715
            ],
            [
              37.25925,
              -2.670976190476191
            ]
          ]
        ]
      }
    },
    {
      "type": "Feature",
      "properties": {
        "cellId": "s1-change-30-21",
        "category": "persistent_water",
        "beforeProbability": 0.631,
        "duringProbability": 0.684,
        "recoveryProbability": 0.717,
        "deltaDuringBefore": 0.053,
        "deltaRecoveryDuring": 0.033,
        "method": "sentinel1-window-change-v1"
      },
      "geometry": {
        "type": "Polygon",
        "coordinates": [
          [
            [
              37.2608125,
              -2.670976190476191
            ],
            [
              37.262375,
              -2.670976190476191
            ],
            [
              37.262375,
              -2.6694285714285715
            ],
            [
              37.2608125,
              -2.6694285714285715
            ],
            [
              37.2608125,
              -2.670976190476191
            ]
          ]
        ]
      }
    },
    {
      "type": "Feature",
      "properties": {
        "cellId": "s1-change-30-22",
        "category": "possible_change",
        "beforeProbability": 0.459,
        "duringProbability": 0.506,
        "recoveryProbability": 0.54,
        "deltaDuringBefore": 0.047,
        "deltaRecoveryDuring": 0.034,
        "method": "sentinel1-window-change-v1"
      },
      "geometry": {
        "type": "Polygon",
        "coordinates": [
          [
            [
              37.262375,
              -2.670976190476191
            ],
            [
              37.2639375,
              -2.670976190476191
            ],
            [
              37.2639375,
              -2.6694285714285715
            ],
            [
              37.262375,
              -2.6694285714285715
            ],
            [
              37.262375,
              -2.670976190476191
            ]
          ]
        ]
      }
    },
    {
      "type": "Feature",
      "properties": {
        "cellId": "s1-change-30-23",
        "category": "possible_change",
        "beforeProbability": 0.458,
        "duringProbability": 0,
        "recoveryProbability": 0.475,
        "deltaDuringBefore": -0.458,
        "deltaRecoveryDuring": 0.475,
        "method": "sentinel1-window-change-v1"
      },
      "geometry": {
        "type": "Polygon",
        "coordinates": [
          [
            [
              37.2639375,
              -2.670976190476191
            ],
            [
              37.2655,
              -2.670976190476191
            ],
            [
              37.2655,
              -2.6694285714285715
            ],
            [
              37.2639375,
              -2.6694285714285715
            ],
            [
              37.2639375,
              -2.670976190476191
            ]
          ]
        ]
      }
    },
    {
      "type": "Feature",
      "properties": {
        "cellId": "s1-change-30-24",
        "category": "possible_change",
        "beforeProbability": 0.47,
        "duringProbability": 0.523,
        "recoveryProbability": 0,
        "deltaDuringBefore": 0.053,
        "deltaRecoveryDuring": -0.523,
        "method": "sentinel1-window-change-v1"
      },
      "geometry": {
        "type": "Polygon",
        "coordinates": [
          [
            [
              37.2655,
              -2.670976190476191
            ],
            [
              37.2670625,
              -2.670976190476191
            ],
            [
              37.2670625,
              -2.6694285714285715
            ],
            [
              37.2655,
              -2.6694285714285715
            ],
            [
              37.2655,
              -2.670976190476191
            ]
          ]
        ]
      }
    },
    {
      "type": "Feature",
      "properties": {
        "cellId": "s1-change-30-25",
        "category": "possible_change",
        "beforeProbability": 0.537,
        "duringProbability": 0.479,
        "recoveryProbability": 0,
        "deltaDuringBefore": -0.058,
        "deltaRecoveryDuring": -0.479,
        "method": "sentinel1-window-change-v1"
      },
      "geometry": {
        "type": "Polygon",
        "coordinates": [
          [
            [
              37.2670625,
              -2.670976190476191
            ],
            [
              37.268625,
              -2.670976190476191
            ],
            [
              37.268625,
              -2.6694285714285715
            ],
            [
              37.2670625,
              -2.6694285714285715
            ],
            [
              37.2670625,
              -2.670976190476191
            ]
          ]
        ]
      }
    },
    {
      "type": "Feature",
      "properties": {
        "cellId": "s1-change-30-26",
        "category": "possible_change",
        "beforeProbability": 0.538,
        "duringProbability": 0,
        "recoveryProbability": 0.457,
        "deltaDuringBefore": -0.538,
        "deltaRecoveryDuring": 0.457,
        "method": "sentinel1-window-change-v1"
      },
      "geometry": {
        "type": "Polygon",
        "coordinates": [
          [
            [
              37.268625,
              -2.670976190476191
            ],
            [
              37.2701875,
              -2.670976190476191
            ],
            [
              37.2701875,
              -2.6694285714285715
            ],
            [
              37.268625,
              -2.6694285714285715
            ],
            [
              37.268625,
              -2.670976190476191
            ]
          ]
        ]
      }
    },
    {
      "type": "Feature",
      "properties": {
        "cellId": "s1-change-30-27",
        "category": "possible_change",
        "beforeProbability": 0.469,
        "duringProbability": 0,
        "recoveryProbability": 0,
        "deltaDuringBefore": -0.469,
        "deltaRecoveryDuring": 0,
        "method": "sentinel1-window-change-v1"
      },
      "geometry": {
        "type": "Polygon",
        "coordinates": [
          [
            [
              37.2701875,
              -2.670976190476191
            ],
            [
              37.27175,
              -2.670976190476191
            ],
            [
              37.27175,
              -2.6694285714285715
            ],
            [
              37.2701875,
              -2.6694285714285715
            ],
            [
              37.2701875,
              -2.670976190476191
            ]
          ]
        ]
      }
    },
    {
      "type": "Feature",
      "properties": {
        "cellId": "s1-change-30-3",
        "category": "possible_change",
        "beforeProbability": 0.62,
        "duringProbability": 0,
        "recoveryProbability": 0,
        "deltaDuringBefore": -0.62,
        "deltaRecoveryDuring": 0,
        "method": "sentinel1-window-change-v1"
      },
      "geometry": {
        "type": "Polygon",
        "coordinates": [
          [
            [
              37.232687500000004,
              -2.670976190476191
            ],
            [
              37.23425,
              -2.670976190476191
            ],
            [
              37.23425,
              -2.6694285714285715
            ],
            [
              37.232687500000004,
              -2.6694285714285715
            ],
            [
              37.232687500000004,
              -2.670976190476191
            ]
          ]
        ]
      }
    },
    {
      "type": "Feature",
      "properties": {
        "cellId": "s1-change-30-34",
        "category": "possible_change",
        "beforeProbability": 0,
        "duringProbability": 0,
        "recoveryProbability": 0.523,
        "deltaDuringBefore": 0,
        "deltaRecoveryDuring": 0.523,
        "method": "sentinel1-window-change-v1"
      },
      "geometry": {
        "type": "Polygon",
        "coordinates": [
          [
            [
              37.281124999999996,
              -2.670976190476191
            ],
            [
              37.2826875,
              -2.670976190476191
            ],
            [
              37.2826875,
              -2.6694285714285715
            ],
            [
              37.281124999999996,
              -2.6694285714285715
            ],
            [
              37.281124999999996,
              -2.670976190476191
            ]
          ]
        ]
      }
    },
    {
      "type": "Feature",
      "properties": {
        "cellId": "s1-change-30-35",
        "category": "possible_change",
        "beforeProbability": 0,
        "duringProbability": 0,
        "recoveryProbability": 0.465,
        "deltaDuringBefore": 0,
        "deltaRecoveryDuring": 0.465,
        "method": "sentinel1-window-change-v1"
      },
      "geometry": {
        "type": "Polygon",
        "coordinates": [
          [
            [
              37.2826875,
              -2.670976190476191
            ],
            [
              37.28425,
              -2.670976190476191
            ],
            [
              37.28425,
              -2.6694285714285715
            ],
            [
              37.2826875,
              -2.6694285714285715
            ],
            [
              37.2826875,
              -2.670976190476191
            ]
          ]
        ]
      }
    },
    {
      "type": "Feature",
      "properties": {
        "cellId": "s1-change-30-36",
        "category": "possible_change",
        "beforeProbability": 0,
        "duringProbability": 0,
        "recoveryProbability": 0.455,
        "deltaDuringBefore": 0,
        "deltaRecoveryDuring": 0.455,
        "method": "sentinel1-window-change-v1"
      },
      "geometry": {
        "type": "Polygon",
        "coordinates": [
          [
            [
              37.28425,
              -2.670976190476191
            ],
            [
              37.2858125,
              -2.670976190476191
            ],
            [
              37.2858125,
              -2.6694285714285715
            ],
            [
              37.28425,
              -2.6694285714285715
            ],
            [
              37.28425,
              -2.670976190476191
            ]
          ]
        ]
      }
    },
    {
      "type": "Feature",
      "properties": {
        "cellId": "s1-change-30-4",
        "category": "possible_change",
        "beforeProbability": 0.631,
        "duringProbability": 0.531,
        "recoveryProbability": 0.466,
        "deltaDuringBefore": -0.1,
        "deltaRecoveryDuring": -0.065,
        "method": "sentinel1-window-change-v1"
      },
      "geometry": {
        "type": "Polygon",
        "coordinates": [
          [
            [
              37.23425,
              -2.670976190476191
            ],
            [
              37.2358125,
              -2.670976190476191
            ],
            [
              37.2358125,
              -2.6694285714285715
            ],
            [
              37.23425,
              -2.6694285714285715
            ],
            [
              37.23425,
              -2.670976190476191
            ]
          ]
        ]
      }
    },
    {
      "type": "Feature",
      "properties": {
        "cellId": "s1-change-30-5",
        "category": "possible_change",
        "beforeProbability": 0.515,
        "duringProbability": 0,
        "recoveryProbability": 0,
        "deltaDuringBefore": -0.515,
        "deltaRecoveryDuring": 0,
        "method": "sentinel1-window-change-v1"
      },
      "geometry": {
        "type": "Polygon",
        "coordinates": [
          [
            [
              37.2358125,
              -2.670976190476191
            ],
            [
              37.237375,
              -2.670976190476191
            ],
            [
              37.237375,
              -2.6694285714285715
            ],
            [
              37.2358125,
              -2.6694285714285715
            ],
            [
              37.2358125,
              -2.670976190476191
            ]
          ]
        ]
      }
    },
    {
      "type": "Feature",
      "properties": {
        "cellId": "s1-change-31-0",
        "category": "possible_change",
        "beforeProbability": 0.486,
        "duringProbability": 0,
        "recoveryProbability": 0,
        "deltaDuringBefore": -0.486,
        "deltaRecoveryDuring": 0,
        "method": "sentinel1-window-change-v1"
      },
      "geometry": {
        "type": "Polygon",
        "coordinates": [
          [
            [
              37.228,
              -2.6725238095238097
            ],
            [
              37.2295625,
              -2.6725238095238097
            ],
            [
              37.2295625,
              -2.670976190476191
            ],
            [
              37.228,
              -2.670976190476191
            ],
            [
              37.228,
              -2.6725238095238097
            ]
          ]
        ]
      }
    },
    {
      "type": "Feature",
      "properties": {
        "cellId": "s1-change-31-16",
        "category": "possible_change",
        "beforeProbability": 0,
        "duringProbability": 0,
        "recoveryProbability": 0.458,
        "deltaDuringBefore": 0,
        "deltaRecoveryDuring": 0.458,
        "method": "sentinel1-window-change-v1"
      },
      "geometry": {
        "type": "Polygon",
        "coordinates": [
          [
            [
              37.253,
              -2.6725238095238097
            ],
            [
              37.2545625,
              -2.6725238095238097
            ],
            [
              37.2545625,
              -2.670976190476191
            ],
            [
              37.253,
              -2.670976190476191
            ],
            [
              37.253,
              -2.6725238095238097
            ]
          ]
        ]
      }
    },
    {
      "type": "Feature",
      "properties": {
        "cellId": "s1-change-31-17",
        "category": "possible_change",
        "beforeProbability": 0.495,
        "duringProbability": 0,
        "recoveryProbability": 0.509,
        "deltaDuringBefore": -0.495,
        "deltaRecoveryDuring": 0.509,
        "method": "sentinel1-window-change-v1"
      },
      "geometry": {
        "type": "Polygon",
        "coordinates": [
          [
            [
              37.2545625,
              -2.6725238095238097
            ],
            [
              37.256125,
              -2.6725238095238097
            ],
            [
              37.256125,
              -2.670976190476191
            ],
            [
              37.2545625,
              -2.670976190476191
            ],
            [
              37.2545625,
              -2.6725238095238097
            ]
          ]
        ]
      }
    },
    {
      "type": "Feature",
      "properties": {
        "cellId": "s1-change-31-19",
        "category": "possible_change",
        "beforeProbability": 0.508,
        "duringProbability": 0,
        "recoveryProbability": 0,
        "deltaDuringBefore": -0.508,
        "deltaRecoveryDuring": 0,
        "method": "sentinel1-window-change-v1"
      },
      "geometry": {
        "type": "Polygon",
        "coordinates": [
          [
            [
              37.2576875,
              -2.6725238095238097
            ],
            [
              37.25925,
              -2.6725238095238097
            ],
            [
              37.25925,
              -2.670976190476191
            ],
            [
              37.2576875,
              -2.670976190476191
            ],
            [
              37.2576875,
              -2.6725238095238097
            ]
          ]
        ]
      }
    },
    {
      "type": "Feature",
      "properties": {
        "cellId": "s1-change-31-2",
        "category": "possible_change",
        "beforeProbability": 0.583,
        "duringProbability": 0.485,
        "recoveryProbability": 0,
        "deltaDuringBefore": -0.098,
        "deltaRecoveryDuring": -0.485,
        "method": "sentinel1-window-change-v1"
      },
      "geometry": {
        "type": "Polygon",
        "coordinates": [
          [
            [
              37.231125,
              -2.6725238095238097
            ],
            [
              37.232687500000004,
              -2.6725238095238097
            ],
            [
              37.232687500000004,
              -2.670976190476191
            ],
            [
              37.231125,
              -2.670976190476191
            ],
            [
              37.231125,
              -2.6725238095238097
            ]
          ]
        ]
      }
    },
    {
      "type": "Feature",
      "properties": {
        "cellId": "s1-change-31-20",
        "category": "persistent_water",
        "beforeProbability": 0.631,
        "duringProbability": 0.646,
        "recoveryProbability": 0.701,
        "deltaDuringBefore": 0.015,
        "deltaRecoveryDuring": 0.055,
        "method": "sentinel1-window-change-v1"
      },
      "geometry": {
        "type": "Polygon",
        "coordinates": [
          [
            [
              37.25925,
              -2.6725238095238097
            ],
            [
              37.2608125,
              -2.6725238095238097
            ],
            [
              37.2608125,
              -2.670976190476191
            ],
            [
              37.25925,
              -2.670976190476191
            ],
            [
              37.25925,
              -2.6725238095238097
            ]
          ]
        ]
      }
    },
    {
      "type": "Feature",
      "properties": {
        "cellId": "s1-change-31-21",
        "category": "persistent_water",
        "beforeProbability": 0.63,
        "duringProbability": 0.697,
        "recoveryProbability": 0.771,
        "deltaDuringBefore": 0.067,
        "deltaRecoveryDuring": 0.074,
        "method": "sentinel1-window-change-v1"
      },
      "geometry": {
        "type": "Polygon",
        "coordinates": [
          [
            [
              37.2608125,
              -2.6725238095238097
            ],
            [
              37.262375,
              -2.6725238095238097
            ],
            [
              37.262375,
              -2.670976190476191
            ],
            [
              37.2608125,
              -2.670976190476191
            ],
            [
              37.2608125,
              -2.6725238095238097
            ]
          ]
        ]
      }
    },
    {
      "type": "Feature",
      "properties": {
        "cellId": "s1-change-31-22",
        "category": "possible_change",
        "beforeProbability": 0.545,
        "duringProbability": 0.605,
        "recoveryProbability": 0.619,
        "deltaDuringBefore": 0.06,
        "deltaRecoveryDuring": 0.014,
        "method": "sentinel1-window-change-v1"
      },
      "geometry": {
        "type": "Polygon",
        "coordinates": [
          [
            [
              37.262375,
              -2.6725238095238097
            ],
            [
              37.2639375,
              -2.6725238095238097
            ],
            [
              37.2639375,
              -2.670976190476191
            ],
            [
              37.262375,
              -2.670976190476191
            ],
            [
              37.262375,
              -2.6725238095238097
            ]
          ]
        ]
      }
    },
    {
      "type": "Feature",
      "properties": {
        "cellId": "s1-change-31-23",
        "category": "possible_change",
        "beforeProbability": 0,
        "duringProbability": 0,
        "recoveryProbability": 0.558,
        "deltaDuringBefore": 0,
        "deltaRecoveryDuring": 0.558,
        "method": "sentinel1-window-change-v1"
      },
      "geometry": {
        "type": "Polygon",
        "coordinates": [
          [
            [
              37.2639375,
              -2.6725238095238097
            ],
            [
              37.2655,
              -2.6725238095238097
            ],
            [
              37.2655,
              -2.670976190476191
            ],
            [
              37.2639375,
              -2.670976190476191
            ],
            [
              37.2639375,
              -2.6725238095238097
            ]
          ]
        ]
      }
    },
    {
      "type": "Feature",
      "properties": {
        "cellId": "s1-change-31-24",
        "category": "possible_change",
        "beforeProbability": 0.453,
        "duringProbability": 0.464,
        "recoveryProbability": 0.507,
        "deltaDuringBefore": 0.011,
        "deltaRecoveryDuring": 0.043,
        "method": "sentinel1-window-change-v1"
      },
      "geometry": {
        "type": "Polygon",
        "coordinates": [
          [
            [
              37.2655,
              -2.6725238095238097
            ],
            [
              37.2670625,
              -2.6725238095238097
            ],
            [
              37.2670625,
              -2.670976190476191
            ],
            [
              37.2655,
              -2.670976190476191
            ],
            [
              37.2655,
              -2.6725238095238097
            ]
          ]
        ]
      }
    },
    {
      "type": "Feature",
      "properties": {
        "cellId": "s1-change-31-25",
        "category": "possible_change",
        "beforeProbability": 0.539,
        "duringProbability": 0.504,
        "recoveryProbability": 0.496,
        "deltaDuringBefore": -0.035,
        "deltaRecoveryDuring": -0.008,
        "method": "sentinel1-window-change-v1"
      },
      "geometry": {
        "type": "Polygon",
        "coordinates": [
          [
            [
              37.2670625,
              -2.6725238095238097
            ],
            [
              37.268625,
              -2.6725238095238097
            ],
            [
              37.268625,
              -2.670976190476191
            ],
            [
              37.2670625,
              -2.670976190476191
            ],
            [
              37.2670625,
              -2.6725238095238097
            ]
          ]
        ]
      }
    },
    {
      "type": "Feature",
      "properties": {
        "cellId": "s1-change-31-26",
        "category": "possible_change",
        "beforeProbability": 0.457,
        "duringProbability": 0,
        "recoveryProbability": 0.463,
        "deltaDuringBefore": -0.457,
        "deltaRecoveryDuring": 0.463,
        "method": "sentinel1-window-change-v1"
      },
      "geometry": {
        "type": "Polygon",
        "coordinates": [
          [
            [
              37.268625,
              -2.6725238095238097
            ],
            [
              37.2701875,
              -2.6725238095238097
            ],
            [
              37.2701875,
              -2.670976190476191
            ],
            [
              37.268625,
              -2.670976190476191
            ],
            [
              37.268625,
              -2.6725238095238097
            ]
          ]
        ]
      }
    },
    {
      "type": "Feature",
      "properties": {
        "cellId": "s1-change-31-3",
        "category": "possible_change",
        "beforeProbability": 0.608,
        "duringProbability": 0.627,
        "recoveryProbability": 0.541,
        "deltaDuringBefore": 0.019,
        "deltaRecoveryDuring": -0.086,
        "method": "sentinel1-window-change-v1"
      },
      "geometry": {
        "type": "Polygon",
        "coordinates": [
          [
            [
              37.232687500000004,
              -2.6725238095238097
            ],
            [
              37.23425,
              -2.6725238095238097
            ],
            [
              37.23425,
              -2.670976190476191
            ],
            [
              37.232687500000004,
              -2.670976190476191
            ],
            [
              37.232687500000004,
              -2.6725238095238097
            ]
          ]
        ]
      }
    },
    {
      "type": "Feature",
      "properties": {
        "cellId": "s1-change-31-4",
        "category": "possible_change",
        "beforeProbability": 0.59,
        "duringProbability": 0.5,
        "recoveryProbability": 0,
        "deltaDuringBefore": -0.09,
        "deltaRecoveryDuring": -0.5,
        "method": "sentinel1-window-change-v1"
      },
      "geometry": {
        "type": "Polygon",
        "coordinates": [
          [
            [
              37.23425,
              -2.6725238095238097
            ],
            [
              37.2358125,
              -2.6725238095238097
            ],
            [
              37.2358125,
              -2.670976190476191
            ],
            [
              37.23425,
              -2.670976190476191
            ],
            [
              37.23425,
              -2.6725238095238097
            ]
          ]
        ]
      }
    },
    {
      "type": "Feature",
      "properties": {
        "cellId": "s1-change-31-5",
        "category": "possible_change",
        "beforeProbability": 0.505,
        "duringProbability": 0,
        "recoveryProbability": 0,
        "deltaDuringBefore": -0.505,
        "deltaRecoveryDuring": 0,
        "method": "sentinel1-window-change-v1"
      },
      "geometry": {
        "type": "Polygon",
        "coordinates": [
          [
            [
              37.2358125,
              -2.6725238095238097
            ],
            [
              37.237375,
              -2.6725238095238097
            ],
            [
              37.237375,
              -2.670976190476191
            ],
            [
              37.2358125,
              -2.670976190476191
            ],
            [
              37.2358125,
              -2.6725238095238097
            ]
          ]
        ]
      }
    },
    {
      "type": "Feature",
      "properties": {
        "cellId": "s1-change-32-0",
        "category": "possible_change",
        "beforeProbability": 0.612,
        "duringProbability": 0.535,
        "recoveryProbability": 0,
        "deltaDuringBefore": -0.077,
        "deltaRecoveryDuring": -0.535,
        "method": "sentinel1-window-change-v1"
      },
      "geometry": {
        "type": "Polygon",
        "coordinates": [
          [
            [
              37.228,
              -2.6740714285714287
            ],
            [
              37.2295625,
              -2.6740714285714287
            ],
            [
              37.2295625,
              -2.6725238095238097
            ],
            [
              37.228,
              -2.6725238095238097
            ],
            [
              37.228,
              -2.6740714285714287
            ]
          ]
        ]
      }
    },
    {
      "type": "Feature",
      "properties": {
        "cellId": "s1-change-32-16",
        "category": "possible_change",
        "beforeProbability": 0.577,
        "duringProbability": 0.502,
        "recoveryProbability": 0.534,
        "deltaDuringBefore": -0.075,
        "deltaRecoveryDuring": 0.032,
        "method": "sentinel1-window-change-v1"
      },
      "geometry": {
        "type": "Polygon",
        "coordinates": [
          [
            [
              37.253,
              -2.6740714285714287
            ],
            [
              37.2545625,
              -2.6740714285714287
            ],
            [
              37.2545625,
              -2.6725238095238097
            ],
            [
              37.253,
              -2.6725238095238097
            ],
            [
              37.253,
              -2.6740714285714287
            ]
          ]
        ]
      }
    },
    {
      "type": "Feature",
      "properties": {
        "cellId": "s1-change-32-17",
        "category": "possible_change",
        "beforeProbability": 0.516,
        "duringProbability": 0,
        "recoveryProbability": 0,
        "deltaDuringBefore": -0.516,
        "deltaRecoveryDuring": 0,
        "method": "sentinel1-window-change-v1"
      },
      "geometry": {
        "type": "Polygon",
        "coordinates": [
          [
            [
              37.2545625,
              -2.6740714285714287
            ],
            [
              37.256125,
              -2.6740714285714287
            ],
            [
              37.256125,
              -2.6725238095238097
            ],
            [
              37.2545625,
              -2.6725238095238097
            ],
            [
              37.2545625,
              -2.6740714285714287
            ]
          ]
        ]
      }
    },
    {
      "type": "Feature",
      "properties": {
        "cellId": "s1-change-32-19",
        "category": "possible_change",
        "beforeProbability": 0.576,
        "duringProbability": 0.555,
        "recoveryProbability": 0.552,
        "deltaDuringBefore": -0.021,
        "deltaRecoveryDuring": -0.003,
        "method": "sentinel1-window-change-v1"
      },
      "geometry": {
        "type": "Polygon",
        "coordinates": [
          [
            [
              37.2576875,
              -2.6740714285714287
            ],
            [
              37.25925,
              -2.6740714285714287
            ],
            [
              37.25925,
              -2.6725238095238097
            ],
            [
              37.2576875,
              -2.6725238095238097
            ],
            [
              37.2576875,
              -2.6740714285714287
            ]
          ]
        ]
      }
    },
    {
      "type": "Feature",
      "properties": {
        "cellId": "s1-change-32-2",
        "category": "possible_change",
        "beforeProbability": 0.574,
        "duringProbability": 0.475,
        "recoveryProbability": 0,
        "deltaDuringBefore": -0.099,
        "deltaRecoveryDuring": -0.475,
        "method": "sentinel1-window-change-v1"
      },
      "geometry": {
        "type": "Polygon",
        "coordinates": [
          [
            [
              37.231125,
              -2.6740714285714287
            ],
            [
              37.232687500000004,
              -2.6740714285714287
            ],
            [
              37.232687500000004,
              -2.6725238095238097
            ],
            [
              37.231125,
              -2.6725238095238097
            ],
            [
              37.231125,
              -2.6740714285714287
            ]
          ]
        ]
      }
    },
    {
      "type": "Feature",
      "properties": {
        "cellId": "s1-change-32-20",
        "category": "persistent_water",
        "beforeProbability": 0.651,
        "duringProbability": 0.777,
        "recoveryProbability": 0.728,
        "deltaDuringBefore": 0.126,
        "deltaRecoveryDuring": -0.049,
        "method": "sentinel1-window-change-v1"
      },
      "geometry": {
        "type": "Polygon",
        "coordinates": [
          [
            [
              37.25925,
              -2.6740714285714287
            ],
            [
              37.2608125,
              -2.6740714285714287
            ],
            [
              37.2608125,
              -2.6725238095238097
            ],
            [
              37.25925,
              -2.6725238095238097
            ],
            [
              37.25925,
              -2.6740714285714287
            ]
          ]
        ]
      }
    },
    {
      "type": "Feature",
      "properties": {
        "cellId": "s1-change-32-21",
        "category": "possible_change",
        "beforeProbability": 0.602,
        "duringProbability": 0.695,
        "recoveryProbability": 0.761,
        "deltaDuringBefore": 0.093,
        "deltaRecoveryDuring": 0.066,
        "method": "sentinel1-window-change-v1"
      },
      "geometry": {
        "type": "Polygon",
        "coordinates": [
          [
            [
              37.2608125,
              -2.6740714285714287
            ],
            [
              37.262375,
              -2.6740714285714287
            ],
            [
              37.262375,
              -2.6725238095238097
            ],
            [
              37.2608125,
              -2.6725238095238097
            ],
            [
              37.2608125,
              -2.6740714285714287
            ]
          ]
        ]
      }
    },
    {
      "type": "Feature",
      "properties": {
        "cellId": "s1-change-32-22",
        "category": "possible_change",
        "beforeProbability": 0.514,
        "duringProbability": 0.682,
        "recoveryProbability": 0.724,
        "deltaDuringBefore": 0.168,
        "deltaRecoveryDuring": 0.042,
        "method": "sentinel1-window-change-v1"
      },
      "geometry": {
        "type": "Polygon",
        "coordinates": [
          [
            [
              37.262375,
              -2.6740714285714287
            ],
            [
              37.2639375,
              -2.6740714285714287
            ],
            [
              37.2639375,
              -2.6725238095238097
            ],
            [
              37.262375,
              -2.6725238095238097
            ],
            [
              37.262375,
              -2.6740714285714287
            ]
          ]
        ]
      }
    },
    {
      "type": "Feature",
      "properties": {
        "cellId": "s1-change-32-23",
        "category": "possible_change",
        "beforeProbability": 0.49,
        "duringProbability": 0.561,
        "recoveryProbability": 0.576,
        "deltaDuringBefore": 0.071,
        "deltaRecoveryDuring": 0.015,
        "method": "sentinel1-window-change-v1"
      },
      "geometry": {
        "type": "Polygon",
        "coordinates": [
          [
            [
              37.2639375,
              -2.6740714285714287
            ],
            [
              37.2655,
              -2.6740714285714287
            ],
            [
              37.2655,
              -2.6725238095238097
            ],
            [
              37.2639375,
              -2.6725238095238097
            ],
            [
              37.2639375,
              -2.6740714285714287
            ]
          ]
        ]
      }
    },
    {
      "type": "Feature",
      "properties": {
        "cellId": "s1-change-32-24",
        "category": "possible_change",
        "beforeProbability": 0,
        "duringProbability": 0,
        "recoveryProbability": 0.514,
        "deltaDuringBefore": 0,
        "deltaRecoveryDuring": 0.514,
        "method": "sentinel1-window-change-v1"
      },
      "geometry": {
        "type": "Polygon",
        "coordinates": [
          [
            [
              37.2655,
              -2.6740714285714287
            ],
            [
              37.2670625,
              -2.6740714285714287
            ],
            [
              37.2670625,
              -2.6725238095238097
            ],
            [
              37.2655,
              -2.6725238095238097
            ],
            [
              37.2655,
              -2.6740714285714287
            ]
          ]
        ]
      }
    },
    {
      "type": "Feature",
      "properties": {
        "cellId": "s1-change-32-27",
        "category": "possible_change",
        "beforeProbability": 0.456,
        "duringProbability": 0,
        "recoveryProbability": 0,
        "deltaDuringBefore": -0.456,
        "deltaRecoveryDuring": 0,
        "method": "sentinel1-window-change-v1"
      },
      "geometry": {
        "type": "Polygon",
        "coordinates": [
          [
            [
              37.2701875,
              -2.6740714285714287
            ],
            [
              37.27175,
              -2.6740714285714287
            ],
            [
              37.27175,
              -2.6725238095238097
            ],
            [
              37.2701875,
              -2.6725238095238097
            ],
            [
              37.2701875,
              -2.6740714285714287
            ]
          ]
        ]
      }
    },
    {
      "type": "Feature",
      "properties": {
        "cellId": "s1-change-32-28",
        "category": "possible_change",
        "beforeProbability": 0.453,
        "duringProbability": 0.458,
        "recoveryProbability": 0,
        "deltaDuringBefore": 0.005,
        "deltaRecoveryDuring": -0.458,
        "method": "sentinel1-window-change-v1"
      },
      "geometry": {
        "type": "Polygon",
        "coordinates": [
          [
            [
              37.27175,
              -2.6740714285714287
            ],
            [
              37.273312499999996,
              -2.6740714285714287
            ],
            [
              37.273312499999996,
              -2.6725238095238097
            ],
            [
              37.27175,
              -2.6725238095238097
            ],
            [
              37.27175,
              -2.6740714285714287
            ]
          ]
        ]
      }
    },
    {
      "type": "Feature",
      "properties": {
        "cellId": "s1-change-32-3",
        "category": "possible_change",
        "beforeProbability": 0.551,
        "duringProbability": 0.526,
        "recoveryProbability": 0,
        "deltaDuringBefore": -0.025,
        "deltaRecoveryDuring": -0.526,
        "method": "sentinel1-window-change-v1"
      },
      "geometry": {
        "type": "Polygon",
        "coordinates": [
          [
            [
              37.232687500000004,
              -2.6740714285714287
            ],
            [
              37.23425,
              -2.6740714285714287
            ],
            [
              37.23425,
              -2.6725238095238097
            ],
            [
              37.232687500000004,
              -2.6725238095238097
            ],
            [
              37.232687500000004,
              -2.6740714285714287
            ]
          ]
        ]
      }
    },
    {
      "type": "Feature",
      "properties": {
        "cellId": "s1-change-32-4",
        "category": "possible_change",
        "beforeProbability": 0.46,
        "duringProbability": 0.461,
        "recoveryProbability": 0,
        "deltaDuringBefore": 0.001,
        "deltaRecoveryDuring": -0.461,
        "method": "sentinel1-window-change-v1"
      },
      "geometry": {
        "type": "Polygon",
        "coordinates": [
          [
            [
              37.23425,
              -2.6740714285714287
            ],
            [
              37.2358125,
              -2.6740714285714287
            ],
            [
              37.2358125,
              -2.6725238095238097
            ],
            [
              37.23425,
              -2.6725238095238097
            ],
            [
              37.23425,
              -2.6740714285714287
            ]
          ]
        ]
      }
    },
    {
      "type": "Feature",
      "properties": {
        "cellId": "s1-change-33-0",
        "category": "possible_change",
        "beforeProbability": 0.466,
        "duringProbability": 0.57,
        "recoveryProbability": 0.481,
        "deltaDuringBefore": 0.104,
        "deltaRecoveryDuring": -0.089,
        "method": "sentinel1-window-change-v1"
      },
      "geometry": {
        "type": "Polygon",
        "coordinates": [
          [
            [
              37.228,
              -2.675619047619048
            ],
            [
              37.2295625,
              -2.675619047619048
            ],
            [
              37.2295625,
              -2.6740714285714287
            ],
            [
              37.228,
              -2.6740714285714287
            ],
            [
              37.228,
              -2.675619047619048
            ]
          ]
        ]
      }
    },
    {
      "type": "Feature",
      "properties": {
        "cellId": "s1-change-33-1",
        "category": "possible_change",
        "beforeProbability": 0.497,
        "duringProbability": 0,
        "recoveryProbability": 0,
        "deltaDuringBefore": -0.497,
        "deltaRecoveryDuring": 0,
        "method": "sentinel1-window-change-v1"
      },
      "geometry": {
        "type": "Polygon",
        "coordinates": [
          [
            [
              37.2295625,
              -2.675619047619048
            ],
            [
              37.231125,
              -2.675619047619048
            ],
            [
              37.231125,
              -2.6740714285714287
            ],
            [
              37.2295625,
              -2.6740714285714287
            ],
            [
              37.2295625,
              -2.675619047619048
            ]
          ]
        ]
      }
    },
    {
      "type": "Feature",
      "properties": {
        "cellId": "s1-change-33-16",
        "category": "possible_change",
        "beforeProbability": 0.558,
        "duringProbability": 0.536,
        "recoveryProbability": 0.544,
        "deltaDuringBefore": -0.022,
        "deltaRecoveryDuring": 0.008,
        "method": "sentinel1-window-change-v1"
      },
      "geometry": {
        "type": "Polygon",
        "coordinates": [
          [
            [
              37.253,
              -2.675619047619048
            ],
            [
              37.2545625,
              -2.675619047619048
            ],
            [
              37.2545625,
              -2.6740714285714287
            ],
            [
              37.253,
              -2.6740714285714287
            ],
            [
              37.253,
              -2.675619047619048
            ]
          ]
        ]
      }
    },
    {
      "type": "Feature",
      "properties": {
        "cellId": "s1-change-33-17",
        "category": "possible_change",
        "beforeProbability": 0.568,
        "duringProbability": 0,
        "recoveryProbability": 0.47,
        "deltaDuringBefore": -0.568,
        "deltaRecoveryDuring": 0.47,
        "method": "sentinel1-window-change-v1"
      },
      "geometry": {
        "type": "Polygon",
        "coordinates": [
          [
            [
              37.2545625,
              -2.675619047619048
            ],
            [
              37.256125,
              -2.675619047619048
            ],
            [
              37.256125,
              -2.6740714285714287
            ],
            [
              37.2545625,
              -2.6740714285714287
            ],
            [
              37.2545625,
              -2.675619047619048
            ]
          ]
        ]
      }
    },
    {
      "type": "Feature",
      "properties": {
        "cellId": "s1-change-33-19",
        "category": "possible_change",
        "beforeProbability": 0,
        "duringProbability": 0.534,
        "recoveryProbability": 0.593,
        "deltaDuringBefore": 0.534,
        "deltaRecoveryDuring": 0.059,
        "method": "sentinel1-window-change-v1"
      },
      "geometry": {
        "type": "Polygon",
        "coordinates": [
          [
            [
              37.2576875,
              -2.675619047619048
            ],
            [
              37.25925,
              -2.675619047619048
            ],
            [
              37.25925,
              -2.6740714285714287
            ],
            [
              37.2576875,
              -2.6740714285714287
            ],
            [
              37.2576875,
              -2.675619047619048
            ]
          ]
        ]
      }
    },
    {
      "type": "Feature",
      "properties": {
        "cellId": "s1-change-33-2",
        "category": "possible_change",
        "beforeProbability": 0.549,
        "duringProbability": 0,
        "recoveryProbability": 0,
        "deltaDuringBefore": -0.549,
        "deltaRecoveryDuring": 0,
        "method": "sentinel1-window-change-v1"
      },
      "geometry": {
        "type": "Polygon",
        "coordinates": [
          [
            [
              37.231125,
              -2.675619047619048
            ],
            [
              37.232687500000004,
              -2.675619047619048
            ],
            [
              37.232687500000004,
              -2.6740714285714287
            ],
            [
              37.231125,
              -2.6740714285714287
            ],
            [
              37.231125,
              -2.675619047619048
            ]
          ]
        ]
      }
    },
    {
      "type": "Feature",
      "properties": {
        "cellId": "s1-change-33-20",
        "category": "persistent_water",
        "beforeProbability": 0.627,
        "duringProbability": 0.764,
        "recoveryProbability": 0.765,
        "deltaDuringBefore": 0.137,
        "deltaRecoveryDuring": 0.001,
        "method": "sentinel1-window-change-v1"
      },
      "geometry": {
        "type": "Polygon",
        "coordinates": [
          [
            [
              37.25925,
              -2.675619047619048
            ],
            [
              37.2608125,
              -2.675619047619048
            ],
            [
              37.2608125,
              -2.6740714285714287
            ],
            [
              37.25925,
              -2.6740714285714287
            ],
            [
              37.25925,
              -2.675619047619048
            ]
          ]
        ]
      }
    },
    {
      "type": "Feature",
      "properties": {
        "cellId": "s1-change-33-21",
        "category": "possible_change",
        "beforeProbability": 0.502,
        "duringProbability": 0.644,
        "recoveryProbability": 0.731,
        "deltaDuringBefore": 0.142,
        "deltaRecoveryDuring": 0.087,
        "method": "sentinel1-window-change-v1"
      },
      "geometry": {
        "type": "Polygon",
        "coordinates": [
          [
            [
              37.2608125,
              -2.675619047619048
            ],
            [
              37.262375,
              -2.675619047619048
            ],
            [
              37.262375,
              -2.6740714285714287
            ],
            [
              37.2608125,
              -2.6740714285714287
            ],
            [
              37.2608125,
              -2.675619047619048
            ]
          ]
        ]
      }
    },
    {
      "type": "Feature",
      "properties": {
        "cellId": "s1-change-33-22",
        "category": "residual_or_later_water",
        "beforeProbability": 0,
        "duringProbability": 0.559,
        "recoveryProbability": 0.675,
        "deltaDuringBefore": 0.559,
        "deltaRecoveryDuring": 0.116,
        "method": "sentinel1-window-change-v1"
      },
      "geometry": {
        "type": "Polygon",
        "coordinates": [
          [
            [
              37.262375,
              -2.675619047619048
            ],
            [
              37.2639375,
              -2.675619047619048
            ],
            [
              37.2639375,
              -2.6740714285714287
            ],
            [
              37.262375,
              -2.6740714285714287
            ],
            [
              37.262375,
              -2.675619047619048
            ]
          ]
        ]
      }
    },
    {
      "type": "Feature",
      "properties": {
        "cellId": "s1-change-33-23",
        "category": "possible_change",
        "beforeProbability": 0,
        "duringProbability": 0,
        "recoveryProbability": 0.499,
        "deltaDuringBefore": 0,
        "deltaRecoveryDuring": 0.499,
        "method": "sentinel1-window-change-v1"
      },
      "geometry": {
        "type": "Polygon",
        "coordinates": [
          [
            [
              37.2639375,
              -2.675619047619048
            ],
            [
              37.2655,
              -2.675619047619048
            ],
            [
              37.2655,
              -2.6740714285714287
            ],
            [
              37.2639375,
              -2.6740714285714287
            ],
            [
              37.2639375,
              -2.675619047619048
            ]
          ]
        ]
      }
    },
    {
      "type": "Feature",
      "properties": {
        "cellId": "s1-change-33-3",
        "category": "possible_change",
        "beforeProbability": 0.577,
        "duringProbability": 0.46,
        "recoveryProbability": 0,
        "deltaDuringBefore": -0.117,
        "deltaRecoveryDuring": -0.46,
        "method": "sentinel1-window-change-v1"
      },
      "geometry": {
        "type": "Polygon",
        "coordinates": [
          [
            [
              37.232687500000004,
              -2.675619047619048
            ],
            [
              37.23425,
              -2.675619047619048
            ],
            [
              37.23425,
              -2.6740714285714287
            ],
            [
              37.232687500000004,
              -2.6740714285714287
            ],
            [
              37.232687500000004,
              -2.675619047619048
            ]
          ]
        ]
      }
    },
    {
      "type": "Feature",
      "properties": {
        "cellId": "s1-change-33-4",
        "category": "possible_change",
        "beforeProbability": 0,
        "duringProbability": 0,
        "recoveryProbability": 0.474,
        "deltaDuringBefore": 0,
        "deltaRecoveryDuring": 0.474,
        "method": "sentinel1-window-change-v1"
      },
      "geometry": {
        "type": "Polygon",
        "coordinates": [
          [
            [
              37.23425,
              -2.675619047619048
            ],
            [
              37.2358125,
              -2.675619047619048
            ],
            [
              37.2358125,
              -2.6740714285714287
            ],
            [
              37.23425,
              -2.6740714285714287
            ],
            [
              37.23425,
              -2.675619047619048
            ]
          ]
        ]
      }
    },
    {
      "type": "Feature",
      "properties": {
        "cellId": "s1-change-34-0",
        "category": "possible_change",
        "beforeProbability": 0.541,
        "duringProbability": 0.517,
        "recoveryProbability": 0.457,
        "deltaDuringBefore": -0.024,
        "deltaRecoveryDuring": -0.06,
        "method": "sentinel1-window-change-v1"
      },
      "geometry": {
        "type": "Polygon",
        "coordinates": [
          [
            [
              37.228,
              -2.677166666666667
            ],
            [
              37.2295625,
              -2.677166666666667
            ],
            [
              37.2295625,
              -2.675619047619048
            ],
            [
              37.228,
              -2.675619047619048
            ],
            [
              37.228,
              -2.677166666666667
            ]
          ]
        ]
      }
    },
    {
      "type": "Feature",
      "properties": {
        "cellId": "s1-change-34-1",
        "category": "possible_change",
        "beforeProbability": 0.575,
        "duringProbability": 0,
        "recoveryProbability": 0,
        "deltaDuringBefore": -0.575,
        "deltaRecoveryDuring": 0,
        "method": "sentinel1-window-change-v1"
      },
      "geometry": {
        "type": "Polygon",
        "coordinates": [
          [
            [
              37.2295625,
              -2.677166666666667
            ],
            [
              37.231125,
              -2.677166666666667
            ],
            [
              37.231125,
              -2.675619047619048
            ],
            [
              37.2295625,
              -2.675619047619048
            ],
            [
              37.2295625,
              -2.677166666666667
            ]
          ]
        ]
      }
    },
    {
      "type": "Feature",
      "properties": {
        "cellId": "s1-change-34-16",
        "category": "possible_change",
        "beforeProbability": 0.544,
        "duringProbability": 0,
        "recoveryProbability": 0.477,
        "deltaDuringBefore": -0.544,
        "deltaRecoveryDuring": 0.477,
        "method": "sentinel1-window-change-v1"
      },
      "geometry": {
        "type": "Polygon",
        "coordinates": [
          [
            [
              37.253,
              -2.677166666666667
            ],
            [
              37.2545625,
              -2.677166666666667
            ],
            [
              37.2545625,
              -2.675619047619048
            ],
            [
              37.253,
              -2.675619047619048
            ],
            [
              37.253,
              -2.677166666666667
            ]
          ]
        ]
      }
    },
    {
      "type": "Feature",
      "properties": {
        "cellId": "s1-change-34-17",
        "category": "possible_change",
        "beforeProbability": 0.537,
        "duringProbability": 0,
        "recoveryProbability": 0.473,
        "deltaDuringBefore": -0.537,
        "deltaRecoveryDuring": 0.473,
        "method": "sentinel1-window-change-v1"
      },
      "geometry": {
        "type": "Polygon",
        "coordinates": [
          [
            [
              37.2545625,
              -2.677166666666667
            ],
            [
              37.256125,
              -2.677166666666667
            ],
            [
              37.256125,
              -2.675619047619048
            ],
            [
              37.2545625,
              -2.675619047619048
            ],
            [
              37.2545625,
              -2.677166666666667
            ]
          ]
        ]
      }
    },
    {
      "type": "Feature",
      "properties": {
        "cellId": "s1-change-34-19",
        "category": "possible_change",
        "beforeProbability": 0,
        "duringProbability": 0,
        "recoveryProbability": 0.489,
        "deltaDuringBefore": 0,
        "deltaRecoveryDuring": 0.489,
        "method": "sentinel1-window-change-v1"
      },
      "geometry": {
        "type": "Polygon",
        "coordinates": [
          [
            [
              37.2576875,
              -2.677166666666667
            ],
            [
              37.25925,
              -2.677166666666667
            ],
            [
              37.25925,
              -2.675619047619048
            ],
            [
              37.2576875,
              -2.675619047619048
            ],
            [
              37.2576875,
              -2.677166666666667
            ]
          ]
        ]
      }
    },
    {
      "type": "Feature",
      "properties": {
        "cellId": "s1-change-34-2",
        "category": "possible_change",
        "beforeProbability": 0.461,
        "duringProbability": 0,
        "recoveryProbability": 0,
        "deltaDuringBefore": -0.461,
        "deltaRecoveryDuring": 0,
        "method": "sentinel1-window-change-v1"
      },
      "geometry": {
        "type": "Polygon",
        "coordinates": [
          [
            [
              37.231125,
              -2.677166666666667
            ],
            [
              37.232687500000004,
              -2.677166666666667
            ],
            [
              37.232687500000004,
              -2.675619047619048
            ],
            [
              37.231125,
              -2.675619047619048
            ],
            [
              37.231125,
              -2.677166666666667
            ]
          ]
        ]
      }
    },
    {
      "type": "Feature",
      "properties": {
        "cellId": "s1-change-34-20",
        "category": "residual_or_later_water",
        "beforeProbability": 0,
        "duringProbability": 0.554,
        "recoveryProbability": 0.672,
        "deltaDuringBefore": 0.554,
        "deltaRecoveryDuring": 0.118,
        "method": "sentinel1-window-change-v1"
      },
      "geometry": {
        "type": "Polygon",
        "coordinates": [
          [
            [
              37.25925,
              -2.677166666666667
            ],
            [
              37.2608125,
              -2.677166666666667
            ],
            [
              37.2608125,
              -2.675619047619048
            ],
            [
              37.25925,
              -2.675619047619048
            ],
            [
              37.25925,
              -2.677166666666667
            ]
          ]
        ]
      }
    },
    {
      "type": "Feature",
      "properties": {
        "cellId": "s1-change-34-21",
        "category": "residual_or_later_water",
        "beforeProbability": 0,
        "duringProbability": 0.465,
        "recoveryProbability": 0.665,
        "deltaDuringBefore": 0.465,
        "deltaRecoveryDuring": 0.2,
        "method": "sentinel1-window-change-v1"
      },
      "geometry": {
        "type": "Polygon",
        "coordinates": [
          [
            [
              37.2608125,
              -2.677166666666667
            ],
            [
              37.262375,
              -2.677166666666667
            ],
            [
              37.262375,
              -2.675619047619048
            ],
            [
              37.2608125,
              -2.675619047619048
            ],
            [
              37.2608125,
              -2.677166666666667
            ]
          ]
        ]
      }
    },
    {
      "type": "Feature",
      "properties": {
        "cellId": "s1-change-34-22",
        "category": "possible_change",
        "beforeProbability": 0,
        "duringProbability": 0,
        "recoveryProbability": 0.496,
        "deltaDuringBefore": 0,
        "deltaRecoveryDuring": 0.496,
        "method": "sentinel1-window-change-v1"
      },
      "geometry": {
        "type": "Polygon",
        "coordinates": [
          [
            [
              37.262375,
              -2.677166666666667
            ],
            [
              37.2639375,
              -2.677166666666667
            ],
            [
              37.2639375,
              -2.675619047619048
            ],
            [
              37.262375,
              -2.675619047619048
            ],
            [
              37.262375,
              -2.677166666666667
            ]
          ]
        ]
      }
    },
    {
      "type": "Feature",
      "properties": {
        "cellId": "s1-change-35-0",
        "category": "possible_change",
        "beforeProbability": 0.505,
        "duringProbability": 0.456,
        "recoveryProbability": 0,
        "deltaDuringBefore": -0.049,
        "deltaRecoveryDuring": -0.456,
        "method": "sentinel1-window-change-v1"
      },
      "geometry": {
        "type": "Polygon",
        "coordinates": [
          [
            [
              37.228,
              -2.678714285714286
            ],
            [
              37.2295625,
              -2.678714285714286
            ],
            [
              37.2295625,
              -2.677166666666667
            ],
            [
              37.228,
              -2.677166666666667
            ],
            [
              37.228,
              -2.678714285714286
            ]
          ]
        ]
      }
    },
    {
      "type": "Feature",
      "properties": {
        "cellId": "s1-change-35-1",
        "category": "possible_change",
        "beforeProbability": 0.518,
        "duringProbability": 0,
        "recoveryProbability": 0,
        "deltaDuringBefore": -0.518,
        "deltaRecoveryDuring": 0,
        "method": "sentinel1-window-change-v1"
      },
      "geometry": {
        "type": "Polygon",
        "coordinates": [
          [
            [
              37.2295625,
              -2.678714285714286
            ],
            [
              37.231125,
              -2.678714285714286
            ],
            [
              37.231125,
              -2.677166666666667
            ],
            [
              37.2295625,
              -2.677166666666667
            ],
            [
              37.2295625,
              -2.678714285714286
            ]
          ]
        ]
      }
    },
    {
      "type": "Feature",
      "properties": {
        "cellId": "s1-change-35-2",
        "category": "possible_change",
        "beforeProbability": 0.514,
        "duringProbability": 0.51,
        "recoveryProbability": 0,
        "deltaDuringBefore": -0.004,
        "deltaRecoveryDuring": -0.51,
        "method": "sentinel1-window-change-v1"
      },
      "geometry": {
        "type": "Polygon",
        "coordinates": [
          [
            [
              37.231125,
              -2.678714285714286
            ],
            [
              37.232687500000004,
              -2.678714285714286
            ],
            [
              37.232687500000004,
              -2.677166666666667
            ],
            [
              37.231125,
              -2.677166666666667
            ],
            [
              37.231125,
              -2.678714285714286
            ]
          ]
        ]
      }
    },
    {
      "type": "Feature",
      "properties": {
        "cellId": "s1-change-35-20",
        "category": "possible_change",
        "beforeProbability": 0,
        "duringProbability": 0,
        "recoveryProbability": 0.455,
        "deltaDuringBefore": 0,
        "deltaRecoveryDuring": 0.455,
        "method": "sentinel1-window-change-v1"
      },
      "geometry": {
        "type": "Polygon",
        "coordinates": [
          [
            [
              37.25925,
              -2.678714285714286
            ],
            [
              37.2608125,
              -2.678714285714286
            ],
            [
              37.2608125,
              -2.677166666666667
            ],
            [
              37.25925,
              -2.677166666666667
            ],
            [
              37.25925,
              -2.678714285714286
            ]
          ]
        ]
      }
    },
    {
      "type": "Feature",
      "properties": {
        "cellId": "s1-change-35-21",
        "category": "possible_change",
        "beforeProbability": 0,
        "duringProbability": 0,
        "recoveryProbability": 0.519,
        "deltaDuringBefore": 0,
        "deltaRecoveryDuring": 0.519,
        "method": "sentinel1-window-change-v1"
      },
      "geometry": {
        "type": "Polygon",
        "coordinates": [
          [
            [
              37.2608125,
              -2.678714285714286
            ],
            [
              37.262375,
              -2.678714285714286
            ],
            [
              37.262375,
              -2.677166666666667
            ],
            [
              37.2608125,
              -2.677166666666667
            ],
            [
              37.2608125,
              -2.678714285714286
            ]
          ]
        ]
      }
    },
    {
      "type": "Feature",
      "properties": {
        "cellId": "s1-change-35-24",
        "category": "possible_change",
        "beforeProbability": 0,
        "duringProbability": 0,
        "recoveryProbability": 0.45,
        "deltaDuringBefore": 0,
        "deltaRecoveryDuring": 0.45,
        "method": "sentinel1-window-change-v1"
      },
      "geometry": {
        "type": "Polygon",
        "coordinates": [
          [
            [
              37.2655,
              -2.678714285714286
            ],
            [
              37.2670625,
              -2.678714285714286
            ],
            [
              37.2670625,
              -2.677166666666667
            ],
            [
              37.2655,
              -2.677166666666667
            ],
            [
              37.2655,
              -2.678714285714286
            ]
          ]
        ]
      }
    },
    {
      "type": "Feature",
      "properties": {
        "cellId": "s1-change-35-3",
        "category": "possible_change",
        "beforeProbability": 0.452,
        "duringProbability": 0,
        "recoveryProbability": 0,
        "deltaDuringBefore": -0.452,
        "deltaRecoveryDuring": 0,
        "method": "sentinel1-window-change-v1"
      },
      "geometry": {
        "type": "Polygon",
        "coordinates": [
          [
            [
              37.232687500000004,
              -2.678714285714286
            ],
            [
              37.23425,
              -2.678714285714286
            ],
            [
              37.23425,
              -2.677166666666667
            ],
            [
              37.232687500000004,
              -2.677166666666667
            ],
            [
              37.232687500000004,
              -2.678714285714286
            ]
          ]
        ]
      }
    },
    {
      "type": "Feature",
      "properties": {
        "cellId": "s1-change-36-0",
        "category": "possible_change",
        "beforeProbability": 0.565,
        "duringProbability": 0.495,
        "recoveryProbability": 0,
        "deltaDuringBefore": -0.07,
        "deltaRecoveryDuring": -0.495,
        "method": "sentinel1-window-change-v1"
      },
      "geometry": {
        "type": "Polygon",
        "coordinates": [
          [
            [
              37.228,
              -2.6802619047619047
            ],
            [
              37.2295625,
              -2.6802619047619047
            ],
            [
              37.2295625,
              -2.678714285714286
            ],
            [
              37.228,
              -2.678714285714286
            ],
            [
              37.228,
              -2.6802619047619047
            ]
          ]
        ]
      }
    },
    {
      "type": "Feature",
      "properties": {
        "cellId": "s1-change-36-17",
        "category": "possible_change",
        "beforeProbability": 0,
        "duringProbability": 0.535,
        "recoveryProbability": 0,
        "deltaDuringBefore": 0.535,
        "deltaRecoveryDuring": -0.535,
        "method": "sentinel1-window-change-v1"
      },
      "geometry": {
        "type": "Polygon",
        "coordinates": [
          [
            [
              37.2545625,
              -2.6802619047619047
            ],
            [
              37.256125,
              -2.6802619047619047
            ],
            [
              37.256125,
              -2.678714285714286
            ],
            [
              37.2545625,
              -2.678714285714286
            ],
            [
              37.2545625,
              -2.6802619047619047
            ]
          ]
        ]
      }
    },
    {
      "type": "Feature",
      "properties": {
        "cellId": "s1-change-36-18",
        "category": "possible_change",
        "beforeProbability": 0.575,
        "duringProbability": 0.534,
        "recoveryProbability": 0,
        "deltaDuringBefore": -0.041,
        "deltaRecoveryDuring": -0.534,
        "method": "sentinel1-window-change-v1"
      },
      "geometry": {
        "type": "Polygon",
        "coordinates": [
          [
            [
              37.256125,
              -2.6802619047619047
            ],
            [
              37.2576875,
              -2.6802619047619047
            ],
            [
              37.2576875,
              -2.678714285714286
            ],
            [
              37.256125,
              -2.678714285714286
            ],
            [
              37.256125,
              -2.6802619047619047
            ]
          ]
        ]
      }
    },
    {
      "type": "Feature",
      "properties": {
        "cellId": "s1-change-36-19",
        "category": "possible_change",
        "beforeProbability": 0.507,
        "duringProbability": 0,
        "recoveryProbability": 0.55,
        "deltaDuringBefore": -0.507,
        "deltaRecoveryDuring": 0.55,
        "method": "sentinel1-window-change-v1"
      },
      "geometry": {
        "type": "Polygon",
        "coordinates": [
          [
            [
              37.2576875,
              -2.6802619047619047
            ],
            [
              37.25925,
              -2.6802619047619047
            ],
            [
              37.25925,
              -2.678714285714286
            ],
            [
              37.2576875,
              -2.678714285714286
            ],
            [
              37.2576875,
              -2.6802619047619047
            ]
          ]
        ]
      }
    },
    {
      "type": "Feature",
      "properties": {
        "cellId": "s1-change-36-20",
        "category": "possible_change",
        "beforeProbability": 0,
        "duringProbability": 0,
        "recoveryProbability": 0.502,
        "deltaDuringBefore": 0,
        "deltaRecoveryDuring": 0.502,
        "method": "sentinel1-window-change-v1"
      },
      "geometry": {
        "type": "Polygon",
        "coordinates": [
          [
            [
              37.25925,
              -2.6802619047619047
            ],
            [
              37.2608125,
              -2.6802619047619047
            ],
            [
              37.2608125,
              -2.678714285714286
            ],
            [
              37.25925,
              -2.678714285714286
            ],
            [
              37.25925,
              -2.6802619047619047
            ]
          ]
        ]
      }
    },
    {
      "type": "Feature",
      "properties": {
        "cellId": "s1-change-36-28",
        "category": "possible_change",
        "beforeProbability": 0,
        "duringProbability": 0.464,
        "recoveryProbability": 0,
        "deltaDuringBefore": 0.464,
        "deltaRecoveryDuring": -0.464,
        "method": "sentinel1-window-change-v1"
      },
      "geometry": {
        "type": "Polygon",
        "coordinates": [
          [
            [
              37.27175,
              -2.6802619047619047
            ],
            [
              37.273312499999996,
              -2.6802619047619047
            ],
            [
              37.273312499999996,
              -2.678714285714286
            ],
            [
              37.27175,
              -2.678714285714286
            ],
            [
              37.27175,
              -2.6802619047619047
            ]
          ]
        ]
      }
    },
    {
      "type": "Feature",
      "properties": {
        "cellId": "s1-change-36-29",
        "category": "possible_change",
        "beforeProbability": 0,
        "duringProbability": 0.542,
        "recoveryProbability": 0,
        "deltaDuringBefore": 0.542,
        "deltaRecoveryDuring": -0.542,
        "method": "sentinel1-window-change-v1"
      },
      "geometry": {
        "type": "Polygon",
        "coordinates": [
          [
            [
              37.273312499999996,
              -2.6802619047619047
            ],
            [
              37.274875,
              -2.6802619047619047
            ],
            [
              37.274875,
              -2.678714285714286
            ],
            [
              37.273312499999996,
              -2.678714285714286
            ],
            [
              37.273312499999996,
              -2.6802619047619047
            ]
          ]
        ]
      }
    },
    {
      "type": "Feature",
      "properties": {
        "cellId": "s1-change-36-3",
        "category": "possible_change",
        "beforeProbability": 0.569,
        "duringProbability": 0.494,
        "recoveryProbability": 0,
        "deltaDuringBefore": -0.075,
        "deltaRecoveryDuring": -0.494,
        "method": "sentinel1-window-change-v1"
      },
      "geometry": {
        "type": "Polygon",
        "coordinates": [
          [
            [
              37.232687500000004,
              -2.6802619047619047
            ],
            [
              37.23425,
              -2.6802619047619047
            ],
            [
              37.23425,
              -2.678714285714286
            ],
            [
              37.232687500000004,
              -2.678714285714286
            ],
            [
              37.232687500000004,
              -2.6802619047619047
            ]
          ]
        ]
      }
    },
    {
      "type": "Feature",
      "properties": {
        "cellId": "s1-change-36-30",
        "category": "possible_change",
        "beforeProbability": 0,
        "duringProbability": 0.565,
        "recoveryProbability": 0,
        "deltaDuringBefore": 0.565,
        "deltaRecoveryDuring": -0.565,
        "method": "sentinel1-window-change-v1"
      },
      "geometry": {
        "type": "Polygon",
        "coordinates": [
          [
            [
              37.274875,
              -2.6802619047619047
            ],
            [
              37.2764375,
              -2.6802619047619047
            ],
            [
              37.2764375,
              -2.678714285714286
            ],
            [
              37.274875,
              -2.678714285714286
            ],
            [
              37.274875,
              -2.6802619047619047
            ]
          ]
        ]
      }
    },
    {
      "type": "Feature",
      "properties": {
        "cellId": "s1-change-36-47",
        "category": "possible_change",
        "beforeProbability": 0,
        "duringProbability": 0,
        "recoveryProbability": 0.5,
        "deltaDuringBefore": 0,
        "deltaRecoveryDuring": 0.5,
        "method": "sentinel1-window-change-v1"
      },
      "geometry": {
        "type": "Polygon",
        "coordinates": [
          [
            [
              37.3014375,
              -2.6802619047619047
            ],
            [
              37.303,
              -2.6802619047619047
            ],
            [
              37.303,
              -2.678714285714286
            ],
            [
              37.3014375,
              -2.678714285714286
            ],
            [
              37.3014375,
              -2.6802619047619047
            ]
          ]
        ]
      }
    },
    {
      "type": "Feature",
      "properties": {
        "cellId": "s1-change-37-0",
        "category": "possible_change",
        "beforeProbability": 0.631,
        "duringProbability": 0.544,
        "recoveryProbability": 0.493,
        "deltaDuringBefore": -0.087,
        "deltaRecoveryDuring": -0.051,
        "method": "sentinel1-window-change-v1"
      },
      "geometry": {
        "type": "Polygon",
        "coordinates": [
          [
            [
              37.228,
              -2.681809523809524
            ],
            [
              37.2295625,
              -2.681809523809524
            ],
            [
              37.2295625,
              -2.6802619047619047
            ],
            [
              37.228,
              -2.6802619047619047
            ],
            [
              37.228,
              -2.681809523809524
            ]
          ]
        ]
      }
    },
    {
      "type": "Feature",
      "properties": {
        "cellId": "s1-change-37-1",
        "category": "possible_change",
        "beforeProbability": 0.574,
        "duringProbability": 0,
        "recoveryProbability": 0,
        "deltaDuringBefore": -0.574,
        "deltaRecoveryDuring": 0,
        "method": "sentinel1-window-change-v1"
      },
      "geometry": {
        "type": "Polygon",
        "coordinates": [
          [
            [
              37.2295625,
              -2.681809523809524
            ],
            [
              37.231125,
              -2.681809523809524
            ],
            [
              37.231125,
              -2.6802619047619047
            ],
            [
              37.2295625,
              -2.6802619047619047
            ],
            [
              37.2295625,
              -2.681809523809524
            ]
          ]
        ]
      }
    },
    {
      "type": "Feature",
      "properties": {
        "cellId": "s1-change-37-17",
        "category": "possible_change",
        "beforeProbability": 0,
        "duringProbability": 0,
        "recoveryProbability": 0.579,
        "deltaDuringBefore": 0,
        "deltaRecoveryDuring": 0.579,
        "method": "sentinel1-window-change-v1"
      },
      "geometry": {
        "type": "Polygon",
        "coordinates": [
          [
            [
              37.2545625,
              -2.681809523809524
            ],
            [
              37.256125,
              -2.681809523809524
            ],
            [
              37.256125,
              -2.6802619047619047
            ],
            [
              37.2545625,
              -2.6802619047619047
            ],
            [
              37.2545625,
              -2.681809523809524
            ]
          ]
        ]
      }
    },
    {
      "type": "Feature",
      "properties": {
        "cellId": "s1-change-37-18",
        "category": "possible_change",
        "beforeProbability": 0,
        "duringProbability": 0.515,
        "recoveryProbability": 0.613,
        "deltaDuringBefore": 0.515,
        "deltaRecoveryDuring": 0.098,
        "method": "sentinel1-window-change-v1"
      },
      "geometry": {
        "type": "Polygon",
        "coordinates": [
          [
            [
              37.256125,
              -2.681809523809524
            ],
            [
              37.2576875,
              -2.681809523809524
            ],
            [
              37.2576875,
              -2.6802619047619047
            ],
            [
              37.256125,
              -2.6802619047619047
            ],
            [
              37.256125,
              -2.681809523809524
            ]
          ]
        ]
      }
    },
    {
      "type": "Feature",
      "properties": {
        "cellId": "s1-change-37-19",
        "category": "residual_or_later_water",
        "beforeProbability": 0,
        "duringProbability": 0.519,
        "recoveryProbability": 0.623,
        "deltaDuringBefore": 0.519,
        "deltaRecoveryDuring": 0.104,
        "method": "sentinel1-window-change-v1"
      },
      "geometry": {
        "type": "Polygon",
        "coordinates": [
          [
            [
              37.2576875,
              -2.681809523809524
            ],
            [
              37.25925,
              -2.681809523809524
            ],
            [
              37.25925,
              -2.6802619047619047
            ],
            [
              37.2576875,
              -2.6802619047619047
            ],
            [
              37.2576875,
              -2.681809523809524
            ]
          ]
        ]
      }
    },
    {
      "type": "Feature",
      "properties": {
        "cellId": "s1-change-37-20",
        "category": "possible_change",
        "beforeProbability": 0,
        "duringProbability": 0.467,
        "recoveryProbability": 0.506,
        "deltaDuringBefore": 0.467,
        "deltaRecoveryDuring": 0.039,
        "method": "sentinel1-window-change-v1"
      },
      "geometry": {
        "type": "Polygon",
        "coordinates": [
          [
            [
              37.25925,
              -2.681809523809524
            ],
            [
              37.2608125,
              -2.681809523809524
            ],
            [
              37.2608125,
              -2.6802619047619047
            ],
            [
              37.25925,
              -2.6802619047619047
            ],
            [
              37.25925,
              -2.681809523809524
            ]
          ]
        ]
      }
    },
    {
      "type": "Feature",
      "properties": {
        "cellId": "s1-change-37-26",
        "category": "possible_change",
        "beforeProbability": 0,
        "duringProbability": 0,
        "recoveryProbability": 0.477,
        "deltaDuringBefore": 0,
        "deltaRecoveryDuring": 0.477,
        "method": "sentinel1-window-change-v1"
      },
      "geometry": {
        "type": "Polygon",
        "coordinates": [
          [
            [
              37.268625,
              -2.681809523809524
            ],
            [
              37.2701875,
              -2.681809523809524
            ],
            [
              37.2701875,
              -2.6802619047619047
            ],
            [
              37.268625,
              -2.6802619047619047
            ],
            [
              37.268625,
              -2.681809523809524
            ]
          ]
        ]
      }
    },
    {
      "type": "Feature",
      "properties": {
        "cellId": "s1-change-37-3",
        "category": "possible_change",
        "beforeProbability": 0.498,
        "duringProbability": 0.467,
        "recoveryProbability": 0,
        "deltaDuringBefore": -0.031,
        "deltaRecoveryDuring": -0.467,
        "method": "sentinel1-window-change-v1"
      },
      "geometry": {
        "type": "Polygon",
        "coordinates": [
          [
            [
              37.232687500000004,
              -2.681809523809524
            ],
            [
              37.23425,
              -2.681809523809524
            ],
            [
              37.23425,
              -2.6802619047619047
            ],
            [
              37.232687500000004,
              -2.6802619047619047
            ],
            [
              37.232687500000004,
              -2.681809523809524
            ]
          ]
        ]
      }
    },
    {
      "type": "Feature",
      "properties": {
        "cellId": "s1-change-37-30",
        "category": "possible_change",
        "beforeProbability": 0,
        "duringProbability": 0.511,
        "recoveryProbability": 0.498,
        "deltaDuringBefore": 0.511,
        "deltaRecoveryDuring": -0.013,
        "method": "sentinel1-window-change-v1"
      },
      "geometry": {
        "type": "Polygon",
        "coordinates": [
          [
            [
              37.274875,
              -2.681809523809524
            ],
            [
              37.2764375,
              -2.681809523809524
            ],
            [
              37.2764375,
              -2.6802619047619047
            ],
            [
              37.274875,
              -2.6802619047619047
            ],
            [
              37.274875,
              -2.681809523809524
            ]
          ]
        ]
      }
    },
    {
      "type": "Feature",
      "properties": {
        "cellId": "s1-change-37-31",
        "category": "possible_change",
        "beforeProbability": 0,
        "duringProbability": 0.453,
        "recoveryProbability": 0,
        "deltaDuringBefore": 0.453,
        "deltaRecoveryDuring": -0.453,
        "method": "sentinel1-window-change-v1"
      },
      "geometry": {
        "type": "Polygon",
        "coordinates": [
          [
            [
              37.2764375,
              -2.681809523809524
            ],
            [
              37.278,
              -2.681809523809524
            ],
            [
              37.278,
              -2.6802619047619047
            ],
            [
              37.2764375,
              -2.6802619047619047
            ],
            [
              37.2764375,
              -2.681809523809524
            ]
          ]
        ]
      }
    },
    {
      "type": "Feature",
      "properties": {
        "cellId": "s1-change-37-35",
        "category": "possible_change",
        "beforeProbability": 0.485,
        "duringProbability": 0,
        "recoveryProbability": 0,
        "deltaDuringBefore": -0.485,
        "deltaRecoveryDuring": 0,
        "method": "sentinel1-window-change-v1"
      },
      "geometry": {
        "type": "Polygon",
        "coordinates": [
          [
            [
              37.2826875,
              -2.681809523809524
            ],
            [
              37.28425,
              -2.681809523809524
            ],
            [
              37.28425,
              -2.6802619047619047
            ],
            [
              37.2826875,
              -2.6802619047619047
            ],
            [
              37.2826875,
              -2.681809523809524
            ]
          ]
        ]
      }
    },
    {
      "type": "Feature",
      "properties": {
        "cellId": "s1-change-37-47",
        "category": "possible_change",
        "beforeProbability": 0.478,
        "duringProbability": 0,
        "recoveryProbability": 0,
        "deltaDuringBefore": -0.478,
        "deltaRecoveryDuring": 0,
        "method": "sentinel1-window-change-v1"
      },
      "geometry": {
        "type": "Polygon",
        "coordinates": [
          [
            [
              37.3014375,
              -2.681809523809524
            ],
            [
              37.303,
              -2.681809523809524
            ],
            [
              37.303,
              -2.6802619047619047
            ],
            [
              37.3014375,
              -2.6802619047619047
            ],
            [
              37.3014375,
              -2.681809523809524
            ]
          ]
        ]
      }
    },
    {
      "type": "Feature",
      "properties": {
        "cellId": "s1-change-38-0",
        "category": "residual_or_later_water",
        "beforeProbability": 0.723,
        "duringProbability": 0.591,
        "recoveryProbability": 0.623,
        "deltaDuringBefore": -0.132,
        "deltaRecoveryDuring": 0.032,
        "method": "sentinel1-window-change-v1"
      },
      "geometry": {
        "type": "Polygon",
        "coordinates": [
          [
            [
              37.228,
              -2.683357142857143
            ],
            [
              37.2295625,
              -2.683357142857143
            ],
            [
              37.2295625,
              -2.681809523809524
            ],
            [
              37.228,
              -2.681809523809524
            ],
            [
              37.228,
              -2.683357142857143
            ]
          ]
        ]
      }
    },
    {
      "type": "Feature",
      "properties": {
        "cellId": "s1-change-38-1",
        "category": "possible_change",
        "beforeProbability": 0.638,
        "duringProbability": 0.485,
        "recoveryProbability": 0.463,
        "deltaDuringBefore": -0.153,
        "deltaRecoveryDuring": -0.022,
        "method": "sentinel1-window-change-v1"
      },
      "geometry": {
        "type": "Polygon",
        "coordinates": [
          [
            [
              37.2295625,
              -2.683357142857143
            ],
            [
              37.231125,
              -2.683357142857143
            ],
            [
              37.231125,
              -2.681809523809524
            ],
            [
              37.2295625,
              -2.681809523809524
            ],
            [
              37.2295625,
              -2.683357142857143
            ]
          ]
        ]
      }
    },
    {
      "type": "Feature",
      "properties": {
        "cellId": "s1-change-38-18",
        "category": "possible_change",
        "beforeProbability": 0,
        "duringProbability": 0.511,
        "recoveryProbability": 0.532,
        "deltaDuringBefore": 0.511,
        "deltaRecoveryDuring": 0.021,
        "method": "sentinel1-window-change-v1"
      },
      "geometry": {
        "type": "Polygon",
        "coordinates": [
          [
            [
              37.256125,
              -2.683357142857143
            ],
            [
              37.2576875,
              -2.683357142857143
            ],
            [
              37.2576875,
              -2.681809523809524
            ],
            [
              37.256125,
              -2.681809523809524
            ],
            [
              37.256125,
              -2.683357142857143
            ]
          ]
        ]
      }
    },
    {
      "type": "Feature",
      "properties": {
        "cellId": "s1-change-38-19",
        "category": "possible_change",
        "beforeProbability": 0,
        "duringProbability": 0,
        "recoveryProbability": 0.526,
        "deltaDuringBefore": 0,
        "deltaRecoveryDuring": 0.526,
        "method": "sentinel1-window-change-v1"
      },
      "geometry": {
        "type": "Polygon",
        "coordinates": [
          [
            [
              37.2576875,
              -2.683357142857143
            ],
            [
              37.25925,
              -2.683357142857143
            ],
            [
              37.25925,
              -2.681809523809524
            ],
            [
              37.2576875,
              -2.681809523809524
            ],
            [
              37.2576875,
              -2.683357142857143
            ]
          ]
        ]
      }
    },
    {
      "type": "Feature",
      "properties": {
        "cellId": "s1-change-38-2",
        "category": "possible_change",
        "beforeProbability": 0.54,
        "duringProbability": 0,
        "recoveryProbability": 0,
        "deltaDuringBefore": -0.54,
        "deltaRecoveryDuring": 0,
        "method": "sentinel1-window-change-v1"
      },
      "geometry": {
        "type": "Polygon",
        "coordinates": [
          [
            [
              37.231125,
              -2.683357142857143
            ],
            [
              37.232687500000004,
              -2.683357142857143
            ],
            [
              37.232687500000004,
              -2.681809523809524
            ],
            [
              37.231125,
              -2.681809523809524
            ],
            [
              37.231125,
              -2.683357142857143
            ]
          ]
        ]
      }
    },
    {
      "type": "Feature",
      "properties": {
        "cellId": "s1-change-38-20",
        "category": "possible_change",
        "beforeProbability": 0,
        "duringProbability": 0.452,
        "recoveryProbability": 0.536,
        "deltaDuringBefore": 0.452,
        "deltaRecoveryDuring": 0.084,
        "method": "sentinel1-window-change-v1"
      },
      "geometry": {
        "type": "Polygon",
        "coordinates": [
          [
            [
              37.25925,
              -2.683357142857143
            ],
            [
              37.2608125,
              -2.683357142857143
            ],
            [
              37.2608125,
              -2.681809523809524
            ],
            [
              37.25925,
              -2.681809523809524
            ],
            [
              37.25925,
              -2.683357142857143
            ]
          ]
        ]
      }
    },
    {
      "type": "Feature",
      "properties": {
        "cellId": "s1-change-38-21",
        "category": "possible_change",
        "beforeProbability": 0,
        "duringProbability": 0,
        "recoveryProbability": 0.502,
        "deltaDuringBefore": 0,
        "deltaRecoveryDuring": 0.502,
        "method": "sentinel1-window-change-v1"
      },
      "geometry": {
        "type": "Polygon",
        "coordinates": [
          [
            [
              37.2608125,
              -2.683357142857143
            ],
            [
              37.262375,
              -2.683357142857143
            ],
            [
              37.262375,
              -2.681809523809524
            ],
            [
              37.2608125,
              -2.681809523809524
            ],
            [
              37.2608125,
              -2.683357142857143
            ]
          ]
        ]
      }
    },
    {
      "type": "Feature",
      "properties": {
        "cellId": "s1-change-38-28",
        "category": "possible_change",
        "beforeProbability": 0,
        "duringProbability": 0,
        "recoveryProbability": 0.463,
        "deltaDuringBefore": 0,
        "deltaRecoveryDuring": 0.463,
        "method": "sentinel1-window-change-v1"
      },
      "geometry": {
        "type": "Polygon",
        "coordinates": [
          [
            [
              37.27175,
              -2.683357142857143
            ],
            [
              37.273312499999996,
              -2.683357142857143
            ],
            [
              37.273312499999996,
              -2.681809523809524
            ],
            [
              37.27175,
              -2.681809523809524
            ],
            [
              37.27175,
              -2.683357142857143
            ]
          ]
        ]
      }
    },
    {
      "type": "Feature",
      "properties": {
        "cellId": "s1-change-38-29",
        "category": "possible_change",
        "beforeProbability": 0,
        "duringProbability": 0,
        "recoveryProbability": 0.486,
        "deltaDuringBefore": 0,
        "deltaRecoveryDuring": 0.486,
        "method": "sentinel1-window-change-v1"
      },
      "geometry": {
        "type": "Polygon",
        "coordinates": [
          [
            [
              37.273312499999996,
              -2.683357142857143
            ],
            [
              37.274875,
              -2.683357142857143
            ],
            [
              37.274875,
              -2.681809523809524
            ],
            [
              37.273312499999996,
              -2.681809523809524
            ],
            [
              37.273312499999996,
              -2.683357142857143
            ]
          ]
        ]
      }
    },
    {
      "type": "Feature",
      "properties": {
        "cellId": "s1-change-38-3",
        "category": "possible_change",
        "beforeProbability": 0.527,
        "duringProbability": 0.468,
        "recoveryProbability": 0,
        "deltaDuringBefore": -0.059,
        "deltaRecoveryDuring": -0.468,
        "method": "sentinel1-window-change-v1"
      },
      "geometry": {
        "type": "Polygon",
        "coordinates": [
          [
            [
              37.232687500000004,
              -2.683357142857143
            ],
            [
              37.23425,
              -2.683357142857143
            ],
            [
              37.23425,
              -2.681809523809524
            ],
            [
              37.232687500000004,
              -2.681809523809524
            ],
            [
              37.232687500000004,
              -2.683357142857143
            ]
          ]
        ]
      }
    },
    {
      "type": "Feature",
      "properties": {
        "cellId": "s1-change-38-30",
        "category": "possible_change",
        "beforeProbability": 0,
        "duringProbability": 0.492,
        "recoveryProbability": 0.522,
        "deltaDuringBefore": 0.492,
        "deltaRecoveryDuring": 0.03,
        "method": "sentinel1-window-change-v1"
      },
      "geometry": {
        "type": "Polygon",
        "coordinates": [
          [
            [
              37.274875,
              -2.683357142857143
            ],
            [
              37.2764375,
              -2.683357142857143
            ],
            [
              37.2764375,
              -2.681809523809524
            ],
            [
              37.274875,
              -2.681809523809524
            ],
            [
              37.274875,
              -2.683357142857143
            ]
          ]
        ]
      }
    },
    {
      "type": "Feature",
      "properties": {
        "cellId": "s1-change-38-31",
        "category": "possible_change",
        "beforeProbability": 0,
        "duringProbability": 0.531,
        "recoveryProbability": 0.558,
        "deltaDuringBefore": 0.531,
        "deltaRecoveryDuring": 0.027,
        "method": "sentinel1-window-change-v1"
      },
      "geometry": {
        "type": "Polygon",
        "coordinates": [
          [
            [
              37.2764375,
              -2.683357142857143
            ],
            [
              37.278,
              -2.683357142857143
            ],
            [
              37.278,
              -2.681809523809524
            ],
            [
              37.2764375,
              -2.681809523809524
            ],
            [
              37.2764375,
              -2.683357142857143
            ]
          ]
        ]
      }
    },
    {
      "type": "Feature",
      "properties": {
        "cellId": "s1-change-38-32",
        "category": "possible_change",
        "beforeProbability": 0,
        "duringProbability": 0,
        "recoveryProbability": 0.461,
        "deltaDuringBefore": 0,
        "deltaRecoveryDuring": 0.461,
        "method": "sentinel1-window-change-v1"
      },
      "geometry": {
        "type": "Polygon",
        "coordinates": [
          [
            [
              37.278,
              -2.683357142857143
            ],
            [
              37.2795625,
              -2.683357142857143
            ],
            [
              37.2795625,
              -2.681809523809524
            ],
            [
              37.278,
              -2.681809523809524
            ],
            [
              37.278,
              -2.683357142857143
            ]
          ]
        ]
      }
    },
    {
      "type": "Feature",
      "properties": {
        "cellId": "s1-change-38-36",
        "category": "possible_change",
        "beforeProbability": 0.492,
        "duringProbability": 0,
        "recoveryProbability": 0,
        "deltaDuringBefore": -0.492,
        "deltaRecoveryDuring": 0,
        "method": "sentinel1-window-change-v1"
      },
      "geometry": {
        "type": "Polygon",
        "coordinates": [
          [
            [
              37.28425,
              -2.683357142857143
            ],
            [
              37.2858125,
              -2.683357142857143
            ],
            [
              37.2858125,
              -2.681809523809524
            ],
            [
              37.28425,
              -2.681809523809524
            ],
            [
              37.28425,
              -2.683357142857143
            ]
          ]
        ]
      }
    },
    {
      "type": "Feature",
      "properties": {
        "cellId": "s1-change-38-47",
        "category": "possible_change",
        "beforeProbability": 0.571,
        "duringProbability": 0.478,
        "recoveryProbability": 0.458,
        "deltaDuringBefore": -0.093,
        "deltaRecoveryDuring": -0.02,
        "method": "sentinel1-window-change-v1"
      },
      "geometry": {
        "type": "Polygon",
        "coordinates": [
          [
            [
              37.3014375,
              -2.683357142857143
            ],
            [
              37.303,
              -2.683357142857143
            ],
            [
              37.303,
              -2.681809523809524
            ],
            [
              37.3014375,
              -2.681809523809524
            ],
            [
              37.3014375,
              -2.683357142857143
            ]
          ]
        ]
      }
    },
    {
      "type": "Feature",
      "properties": {
        "cellId": "s1-change-39-0",
        "category": "persistent_water",
        "beforeProbability": 0.778,
        "duringProbability": 0.735,
        "recoveryProbability": 0.714,
        "deltaDuringBefore": -0.043,
        "deltaRecoveryDuring": -0.021,
        "method": "sentinel1-window-change-v1"
      },
      "geometry": {
        "type": "Polygon",
        "coordinates": [
          [
            [
              37.228,
              -2.684904761904762
            ],
            [
              37.2295625,
              -2.684904761904762
            ],
            [
              37.2295625,
              -2.683357142857143
            ],
            [
              37.228,
              -2.683357142857143
            ],
            [
              37.228,
              -2.684904761904762
            ]
          ]
        ]
      }
    },
    {
      "type": "Feature",
      "properties": {
        "cellId": "s1-change-39-1",
        "category": "possible_change",
        "beforeProbability": 0.66,
        "duringProbability": 0.546,
        "recoveryProbability": 0.469,
        "deltaDuringBefore": -0.114,
        "deltaRecoveryDuring": -0.077,
        "method": "sentinel1-window-change-v1"
      },
      "geometry": {
        "type": "Polygon",
        "coordinates": [
          [
            [
              37.2295625,
              -2.684904761904762
            ],
            [
              37.231125,
              -2.684904761904762
            ],
            [
              37.231125,
              -2.683357142857143
            ],
            [
              37.2295625,
              -2.683357142857143
            ],
            [
              37.2295625,
              -2.684904761904762
            ]
          ]
        ]
      }
    },
    {
      "type": "Feature",
      "properties": {
        "cellId": "s1-change-39-16",
        "category": "possible_change",
        "beforeProbability": 0,
        "duringProbability": 0.453,
        "recoveryProbability": 0.508,
        "deltaDuringBefore": 0.453,
        "deltaRecoveryDuring": 0.055,
        "method": "sentinel1-window-change-v1"
      },
      "geometry": {
        "type": "Polygon",
        "coordinates": [
          [
            [
              37.253,
              -2.684904761904762
            ],
            [
              37.2545625,
              -2.684904761904762
            ],
            [
              37.2545625,
              -2.683357142857143
            ],
            [
              37.253,
              -2.683357142857143
            ],
            [
              37.253,
              -2.684904761904762
            ]
          ]
        ]
      }
    },
    {
      "type": "Feature",
      "properties": {
        "cellId": "s1-change-39-19",
        "category": "possible_change",
        "beforeProbability": 0,
        "duringProbability": 0,
        "recoveryProbability": 0.494,
        "deltaDuringBefore": 0,
        "deltaRecoveryDuring": 0.494,
        "method": "sentinel1-window-change-v1"
      },
      "geometry": {
        "type": "Polygon",
        "coordinates": [
          [
            [
              37.2576875,
              -2.684904761904762
            ],
            [
              37.25925,
              -2.684904761904762
            ],
            [
              37.25925,
              -2.683357142857143
            ],
            [
              37.2576875,
              -2.683357142857143
            ],
            [
              37.2576875,
              -2.684904761904762
            ]
          ]
        ]
      }
    },
    {
      "type": "Feature",
      "properties": {
        "cellId": "s1-change-39-2",
        "category": "possible_change",
        "beforeProbability": 0.592,
        "duringProbability": 0.518,
        "recoveryProbability": 0.454,
        "deltaDuringBefore": -0.074,
        "deltaRecoveryDuring": -0.064,
        "method": "sentinel1-window-change-v1"
      },
      "geometry": {
        "type": "Polygon",
        "coordinates": [
          [
            [
              37.231125,
              -2.684904761904762
            ],
            [
              37.232687500000004,
              -2.684904761904762
            ],
            [
              37.232687500000004,
              -2.683357142857143
            ],
            [
              37.231125,
              -2.683357142857143
            ],
            [
              37.231125,
              -2.684904761904762
            ]
          ]
        ]
      }
    },
    {
      "type": "Feature",
      "properties": {
        "cellId": "s1-change-39-20",
        "category": "possible_change",
        "beforeProbability": 0,
        "duringProbability": 0,
        "recoveryProbability": 0.496,
        "deltaDuringBefore": 0,
        "deltaRecoveryDuring": 0.496,
        "method": "sentinel1-window-change-v1"
      },
      "geometry": {
        "type": "Polygon",
        "coordinates": [
          [
            [
              37.25925,
              -2.684904761904762
            ],
            [
              37.2608125,
              -2.684904761904762
            ],
            [
              37.2608125,
              -2.683357142857143
            ],
            [
              37.25925,
              -2.683357142857143
            ],
            [
              37.25925,
              -2.684904761904762
            ]
          ]
        ]
      }
    },
    {
      "type": "Feature",
      "properties": {
        "cellId": "s1-change-39-21",
        "category": "possible_change",
        "beforeProbability": 0,
        "duringProbability": 0.459,
        "recoveryProbability": 0.537,
        "deltaDuringBefore": 0.459,
        "deltaRecoveryDuring": 0.078,
        "method": "sentinel1-window-change-v1"
      },
      "geometry": {
        "type": "Polygon",
        "coordinates": [
          [
            [
              37.2608125,
              -2.684904761904762
            ],
            [
              37.262375,
              -2.684904761904762
            ],
            [
              37.262375,
              -2.683357142857143
            ],
            [
              37.2608125,
              -2.683357142857143
            ],
            [
              37.2608125,
              -2.684904761904762
            ]
          ]
        ]
      }
    },
    {
      "type": "Feature",
      "properties": {
        "cellId": "s1-change-39-30",
        "category": "possible_change",
        "beforeProbability": 0,
        "duringProbability": 0,
        "recoveryProbability": 0.482,
        "deltaDuringBefore": 0,
        "deltaRecoveryDuring": 0.482,
        "method": "sentinel1-window-change-v1"
      },
      "geometry": {
        "type": "Polygon",
        "coordinates": [
          [
            [
              37.274875,
              -2.684904761904762
            ],
            [
              37.2764375,
              -2.684904761904762
            ],
            [
              37.2764375,
              -2.683357142857143
            ],
            [
              37.274875,
              -2.683357142857143
            ],
            [
              37.274875,
              -2.684904761904762
            ]
          ]
        ]
      }
    },
    {
      "type": "Feature",
      "properties": {
        "cellId": "s1-change-39-31",
        "category": "possible_change",
        "beforeProbability": 0,
        "duringProbability": 0,
        "recoveryProbability": 0.529,
        "deltaDuringBefore": 0,
        "deltaRecoveryDuring": 0.529,
        "method": "sentinel1-window-change-v1"
      },
      "geometry": {
        "type": "Polygon",
        "coordinates": [
          [
            [
              37.2764375,
              -2.684904761904762
            ],
            [
              37.278,
              -2.684904761904762
            ],
            [
              37.278,
              -2.683357142857143
            ],
            [
              37.2764375,
              -2.683357142857143
            ],
            [
              37.2764375,
              -2.684904761904762
            ]
          ]
        ]
      }
    },
    {
      "type": "Feature",
      "properties": {
        "cellId": "s1-change-39-36",
        "category": "possible_change",
        "beforeProbability": 0.5,
        "duringProbability": 0,
        "recoveryProbability": 0.477,
        "deltaDuringBefore": -0.5,
        "deltaRecoveryDuring": 0.477,
        "method": "sentinel1-window-change-v1"
      },
      "geometry": {
        "type": "Polygon",
        "coordinates": [
          [
            [
              37.28425,
              -2.684904761904762
            ],
            [
              37.2858125,
              -2.684904761904762
            ],
            [
              37.2858125,
              -2.683357142857143
            ],
            [
              37.28425,
              -2.683357142857143
            ],
            [
              37.28425,
              -2.684904761904762
            ]
          ]
        ]
      }
    },
    {
      "type": "Feature",
      "properties": {
        "cellId": "s1-change-39-38",
        "category": "possible_change",
        "beforeProbability": 0.454,
        "duringProbability": 0,
        "recoveryProbability": 0,
        "deltaDuringBefore": -0.454,
        "deltaRecoveryDuring": 0,
        "method": "sentinel1-window-change-v1"
      },
      "geometry": {
        "type": "Polygon",
        "coordinates": [
          [
            [
              37.287375,
              -2.684904761904762
            ],
            [
              37.288937499999996,
              -2.684904761904762
            ],
            [
              37.288937499999996,
              -2.683357142857143
            ],
            [
              37.287375,
              -2.683357142857143
            ],
            [
              37.287375,
              -2.684904761904762
            ]
          ]
        ]
      }
    },
    {
      "type": "Feature",
      "properties": {
        "cellId": "s1-change-39-39",
        "category": "possible_change",
        "beforeProbability": 0,
        "duringProbability": 0.482,
        "recoveryProbability": 0,
        "deltaDuringBefore": 0.482,
        "deltaRecoveryDuring": -0.482,
        "method": "sentinel1-window-change-v1"
      },
      "geometry": {
        "type": "Polygon",
        "coordinates": [
          [
            [
              37.288937499999996,
              -2.684904761904762
            ],
            [
              37.290499999999994,
              -2.684904761904762
            ],
            [
              37.290499999999994,
              -2.683357142857143
            ],
            [
              37.288937499999996,
              -2.683357142857143
            ],
            [
              37.288937499999996,
              -2.684904761904762
            ]
          ]
        ]
      }
    },
    {
      "type": "Feature",
      "properties": {
        "cellId": "s1-change-39-47",
        "category": "possible_change",
        "beforeProbability": 0.459,
        "duringProbability": 0,
        "recoveryProbability": 0.471,
        "deltaDuringBefore": -0.459,
        "deltaRecoveryDuring": 0.471,
        "method": "sentinel1-window-change-v1"
      },
      "geometry": {
        "type": "Polygon",
        "coordinates": [
          [
            [
              37.3014375,
              -2.684904761904762
            ],
            [
              37.303,
              -2.684904761904762
            ],
            [
              37.303,
              -2.683357142857143
            ],
            [
              37.3014375,
              -2.683357142857143
            ],
            [
              37.3014375,
              -2.684904761904762
            ]
          ]
        ]
      }
    },
    {
      "type": "Feature",
      "properties": {
        "cellId": "s1-change-39-5",
        "category": "possible_change",
        "beforeProbability": 0.472,
        "duringProbability": 0,
        "recoveryProbability": 0,
        "deltaDuringBefore": -0.472,
        "deltaRecoveryDuring": 0,
        "method": "sentinel1-window-change-v1"
      },
      "geometry": {
        "type": "Polygon",
        "coordinates": [
          [
            [
              37.2358125,
              -2.684904761904762
            ],
            [
              37.237375,
              -2.684904761904762
            ],
            [
              37.237375,
              -2.683357142857143
            ],
            [
              37.2358125,
              -2.683357142857143
            ],
            [
              37.2358125,
              -2.684904761904762
            ]
          ]
        ]
      }
    },
    {
      "type": "Feature",
      "properties": {
        "cellId": "s1-change-39-6",
        "category": "possible_change",
        "beforeProbability": 0.466,
        "duringProbability": 0,
        "recoveryProbability": 0,
        "deltaDuringBefore": -0.466,
        "deltaRecoveryDuring": 0,
        "method": "sentinel1-window-change-v1"
      },
      "geometry": {
        "type": "Polygon",
        "coordinates": [
          [
            [
              37.237375,
              -2.684904761904762
            ],
            [
              37.2389375,
              -2.684904761904762
            ],
            [
              37.2389375,
              -2.683357142857143
            ],
            [
              37.237375,
              -2.683357142857143
            ],
            [
              37.237375,
              -2.684904761904762
            ]
          ]
        ]
      }
    },
    {
      "type": "Feature",
      "properties": {
        "cellId": "s1-change-4-41",
        "category": "possible_change",
        "beforeProbability": 0.505,
        "duringProbability": 0,
        "recoveryProbability": 0.491,
        "deltaDuringBefore": -0.505,
        "deltaRecoveryDuring": 0.491,
        "method": "sentinel1-window-change-v1"
      },
      "geometry": {
        "type": "Polygon",
        "coordinates": [
          [
            [
              37.2920625,
              -2.6307380952380957
            ],
            [
              37.293625,
              -2.6307380952380957
            ],
            [
              37.293625,
              -2.6291904761904763
            ],
            [
              37.2920625,
              -2.6291904761904763
            ],
            [
              37.2920625,
              -2.6307380952380957
            ]
          ]
        ]
      }
    },
    {
      "type": "Feature",
      "properties": {
        "cellId": "s1-change-4-42",
        "category": "possible_change",
        "beforeProbability": 0.54,
        "duringProbability": 0,
        "recoveryProbability": 0.458,
        "deltaDuringBefore": -0.54,
        "deltaRecoveryDuring": 0.458,
        "method": "sentinel1-window-change-v1"
      },
      "geometry": {
        "type": "Polygon",
        "coordinates": [
          [
            [
              37.293625,
              -2.6307380952380957
            ],
            [
              37.2951875,
              -2.6307380952380957
            ],
            [
              37.2951875,
              -2.6291904761904763
            ],
            [
              37.293625,
              -2.6291904761904763
            ],
            [
              37.293625,
              -2.6307380952380957
            ]
          ]
        ]
      }
    },
    {
      "type": "Feature",
      "properties": {
        "cellId": "s1-change-4-43",
        "category": "possible_change",
        "beforeProbability": 0.695,
        "duringProbability": 0,
        "recoveryProbability": 0,
        "deltaDuringBefore": -0.695,
        "deltaRecoveryDuring": 0,
        "method": "sentinel1-window-change-v1"
      },
      "geometry": {
        "type": "Polygon",
        "coordinates": [
          [
            [
              37.2951875,
              -2.6307380952380957
            ],
            [
              37.296749999999996,
              -2.6307380952380957
            ],
            [
              37.296749999999996,
              -2.6291904761904763
            ],
            [
              37.2951875,
              -2.6291904761904763
            ],
            [
              37.2951875,
              -2.6307380952380957
            ]
          ]
        ]
      }
    },
    {
      "type": "Feature",
      "properties": {
        "cellId": "s1-change-4-44",
        "category": "possible_change",
        "beforeProbability": 0.594,
        "duringProbability": 0,
        "recoveryProbability": 0,
        "deltaDuringBefore": -0.594,
        "deltaRecoveryDuring": 0,
        "method": "sentinel1-window-change-v1"
      },
      "geometry": {
        "type": "Polygon",
        "coordinates": [
          [
            [
              37.296749999999996,
              -2.6307380952380957
            ],
            [
              37.298312499999994,
              -2.6307380952380957
            ],
            [
              37.298312499999994,
              -2.6291904761904763
            ],
            [
              37.296749999999996,
              -2.6291904761904763
            ],
            [
              37.296749999999996,
              -2.6307380952380957
            ]
          ]
        ]
      }
    },
    {
      "type": "Feature",
      "properties": {
        "cellId": "s1-change-4-47",
        "category": "possible_change",
        "beforeProbability": 0,
        "duringProbability": 0.481,
        "recoveryProbability": 0,
        "deltaDuringBefore": 0.481,
        "deltaRecoveryDuring": -0.481,
        "method": "sentinel1-window-change-v1"
      },
      "geometry": {
        "type": "Polygon",
        "coordinates": [
          [
            [
              37.3014375,
              -2.6307380952380957
            ],
            [
              37.303,
              -2.6307380952380957
            ],
            [
              37.303,
              -2.6291904761904763
            ],
            [
              37.3014375,
              -2.6291904761904763
            ],
            [
              37.3014375,
              -2.6307380952380957
            ]
          ]
        ]
      }
    },
    {
      "type": "Feature",
      "properties": {
        "cellId": "s1-change-40-0",
        "category": "persistent_water",
        "beforeProbability": 0.78,
        "duringProbability": 0.678,
        "recoveryProbability": 0.597,
        "deltaDuringBefore": -0.102,
        "deltaRecoveryDuring": -0.081,
        "method": "sentinel1-window-change-v1"
      },
      "geometry": {
        "type": "Polygon",
        "coordinates": [
          [
            [
              37.228,
              -2.6864523809523813
            ],
            [
              37.2295625,
              -2.6864523809523813
            ],
            [
              37.2295625,
              -2.684904761904762
            ],
            [
              37.228,
              -2.684904761904762
            ],
            [
              37.228,
              -2.6864523809523813
            ]
          ]
        ]
      }
    },
    {
      "type": "Feature",
      "properties": {
        "cellId": "s1-change-40-1",
        "category": "possible_change",
        "beforeProbability": 0.65,
        "duringProbability": 0.536,
        "recoveryProbability": 0,
        "deltaDuringBefore": -0.114,
        "deltaRecoveryDuring": -0.536,
        "method": "sentinel1-window-change-v1"
      },
      "geometry": {
        "type": "Polygon",
        "coordinates": [
          [
            [
              37.2295625,
              -2.6864523809523813
            ],
            [
              37.231125,
              -2.6864523809523813
            ],
            [
              37.231125,
              -2.684904761904762
            ],
            [
              37.2295625,
              -2.684904761904762
            ],
            [
              37.2295625,
              -2.6864523809523813
            ]
          ]
        ]
      }
    },
    {
      "type": "Feature",
      "properties": {
        "cellId": "s1-change-40-16",
        "category": "possible_change",
        "beforeProbability": 0,
        "duringProbability": 0.494,
        "recoveryProbability": 0.526,
        "deltaDuringBefore": 0.494,
        "deltaRecoveryDuring": 0.032,
        "method": "sentinel1-window-change-v1"
      },
      "geometry": {
        "type": "Polygon",
        "coordinates": [
          [
            [
              37.253,
              -2.6864523809523813
            ],
            [
              37.2545625,
              -2.6864523809523813
            ],
            [
              37.2545625,
              -2.684904761904762
            ],
            [
              37.253,
              -2.684904761904762
            ],
            [
              37.253,
              -2.6864523809523813
            ]
          ]
        ]
      }
    },
    {
      "type": "Feature",
      "properties": {
        "cellId": "s1-change-40-19",
        "category": "possible_change",
        "beforeProbability": 0,
        "duringProbability": 0,
        "recoveryProbability": 0.554,
        "deltaDuringBefore": 0,
        "deltaRecoveryDuring": 0.554,
        "method": "sentinel1-window-change-v1"
      },
      "geometry": {
        "type": "Polygon",
        "coordinates": [
          [
            [
              37.2576875,
              -2.6864523809523813
            ],
            [
              37.25925,
              -2.6864523809523813
            ],
            [
              37.25925,
              -2.684904761904762
            ],
            [
              37.2576875,
              -2.684904761904762
            ],
            [
              37.2576875,
              -2.6864523809523813
            ]
          ]
        ]
      }
    },
    {
      "type": "Feature",
      "properties": {
        "cellId": "s1-change-40-2",
        "category": "possible_change",
        "beforeProbability": 0.562,
        "duringProbability": 0.554,
        "recoveryProbability": 0,
        "deltaDuringBefore": -0.008,
        "deltaRecoveryDuring": -0.554,
        "method": "sentinel1-window-change-v1"
      },
      "geometry": {
        "type": "Polygon",
        "coordinates": [
          [
            [
              37.231125,
              -2.6864523809523813
            ],
            [
              37.232687500000004,
              -2.6864523809523813
            ],
            [
              37.232687500000004,
              -2.684904761904762
            ],
            [
              37.231125,
              -2.684904761904762
            ],
            [
              37.231125,
              -2.6864523809523813
            ]
          ]
        ]
      }
    },
    {
      "type": "Feature",
      "properties": {
        "cellId": "s1-change-40-21",
        "category": "possible_change",
        "beforeProbability": 0,
        "duringProbability": 0,
        "recoveryProbability": 0.493,
        "deltaDuringBefore": 0,
        "deltaRecoveryDuring": 0.493,
        "method": "sentinel1-window-change-v1"
      },
      "geometry": {
        "type": "Polygon",
        "coordinates": [
          [
            [
              37.2608125,
              -2.6864523809523813
            ],
            [
              37.262375,
              -2.6864523809523813
            ],
            [
              37.262375,
              -2.684904761904762
            ],
            [
              37.2608125,
              -2.684904761904762
            ],
            [
              37.2608125,
              -2.6864523809523813
            ]
          ]
        ]
      }
    },
    {
      "type": "Feature",
      "properties": {
        "cellId": "s1-change-40-3",
        "category": "possible_change",
        "beforeProbability": 0.452,
        "duringProbability": 0,
        "recoveryProbability": 0,
        "deltaDuringBefore": -0.452,
        "deltaRecoveryDuring": 0,
        "method": "sentinel1-window-change-v1"
      },
      "geometry": {
        "type": "Polygon",
        "coordinates": [
          [
            [
              37.232687500000004,
              -2.6864523809523813
            ],
            [
              37.23425,
              -2.6864523809523813
            ],
            [
              37.23425,
              -2.684904761904762
            ],
            [
              37.232687500000004,
              -2.684904761904762
            ],
            [
              37.232687500000004,
              -2.6864523809523813
            ]
          ]
        ]
      }
    },
    {
      "type": "Feature",
      "properties": {
        "cellId": "s1-change-40-37",
        "category": "possible_change",
        "beforeProbability": 0.508,
        "duringProbability": 0.513,
        "recoveryProbability": 0.54,
        "deltaDuringBefore": 0.005,
        "deltaRecoveryDuring": 0.027,
        "method": "sentinel1-window-change-v1"
      },
      "geometry": {
        "type": "Polygon",
        "coordinates": [
          [
            [
              37.2858125,
              -2.6864523809523813
            ],
            [
              37.287375,
              -2.6864523809523813
            ],
            [
              37.287375,
              -2.684904761904762
            ],
            [
              37.2858125,
              -2.684904761904762
            ],
            [
              37.2858125,
              -2.6864523809523813
            ]
          ]
        ]
      }
    },
    {
      "type": "Feature",
      "properties": {
        "cellId": "s1-change-40-4",
        "category": "possible_change",
        "beforeProbability": 0.511,
        "duringProbability": 0.453,
        "recoveryProbability": 0,
        "deltaDuringBefore": -0.058,
        "deltaRecoveryDuring": -0.453,
        "method": "sentinel1-window-change-v1"
      },
      "geometry": {
        "type": "Polygon",
        "coordinates": [
          [
            [
              37.23425,
              -2.6864523809523813
            ],
            [
              37.2358125,
              -2.6864523809523813
            ],
            [
              37.2358125,
              -2.684904761904762
            ],
            [
              37.23425,
              -2.684904761904762
            ],
            [
              37.23425,
              -2.6864523809523813
            ]
          ]
        ]
      }
    },
    {
      "type": "Feature",
      "properties": {
        "cellId": "s1-change-40-5",
        "category": "possible_change",
        "beforeProbability": 0.532,
        "duringProbability": 0,
        "recoveryProbability": 0,
        "deltaDuringBefore": -0.532,
        "deltaRecoveryDuring": 0,
        "method": "sentinel1-window-change-v1"
      },
      "geometry": {
        "type": "Polygon",
        "coordinates": [
          [
            [
              37.2358125,
              -2.6864523809523813
            ],
            [
              37.237375,
              -2.6864523809523813
            ],
            [
              37.237375,
              -2.684904761904762
            ],
            [
              37.2358125,
              -2.684904761904762
            ],
            [
              37.2358125,
              -2.6864523809523813
            ]
          ]
        ]
      }
    },
    {
      "type": "Feature",
      "properties": {
        "cellId": "s1-change-40-6",
        "category": "possible_change",
        "beforeProbability": 0.473,
        "duringProbability": 0,
        "recoveryProbability": 0,
        "deltaDuringBefore": -0.473,
        "deltaRecoveryDuring": 0,
        "method": "sentinel1-window-change-v1"
      },
      "geometry": {
        "type": "Polygon",
        "coordinates": [
          [
            [
              37.237375,
              -2.6864523809523813
            ],
            [
              37.2389375,
              -2.6864523809523813
            ],
            [
              37.2389375,
              -2.684904761904762
            ],
            [
              37.237375,
              -2.684904761904762
            ],
            [
              37.237375,
              -2.6864523809523813
            ]
          ]
        ]
      }
    },
    {
      "type": "Feature",
      "properties": {
        "cellId": "s1-change-41-0",
        "category": "possible_change",
        "beforeProbability": 0.744,
        "duringProbability": 0.598,
        "recoveryProbability": 0.553,
        "deltaDuringBefore": -0.146,
        "deltaRecoveryDuring": -0.045,
        "method": "sentinel1-window-change-v1"
      },
      "geometry": {
        "type": "Polygon",
        "coordinates": [
          [
            [
              37.228,
              -2.688
            ],
            [
              37.2295625,
              -2.688
            ],
            [
              37.2295625,
              -2.6864523809523813
            ],
            [
              37.228,
              -2.6864523809523813
            ],
            [
              37.228,
              -2.688
            ]
          ]
        ]
      }
    },
    {
      "type": "Feature",
      "properties": {
        "cellId": "s1-change-41-1",
        "category": "possible_change",
        "beforeProbability": 0.663,
        "duringProbability": 0.465,
        "recoveryProbability": 0.454,
        "deltaDuringBefore": -0.198,
        "deltaRecoveryDuring": -0.011,
        "method": "sentinel1-window-change-v1"
      },
      "geometry": {
        "type": "Polygon",
        "coordinates": [
          [
            [
              37.2295625,
              -2.688
            ],
            [
              37.231125,
              -2.688
            ],
            [
              37.231125,
              -2.6864523809523813
            ],
            [
              37.2295625,
              -2.6864523809523813
            ],
            [
              37.2295625,
              -2.688
            ]
          ]
        ]
      }
    },
    {
      "type": "Feature",
      "properties": {
        "cellId": "s1-change-41-15",
        "category": "possible_change",
        "beforeProbability": 0,
        "duringProbability": 0,
        "recoveryProbability": 0.49,
        "deltaDuringBefore": 0,
        "deltaRecoveryDuring": 0.49,
        "method": "sentinel1-window-change-v1"
      },
      "geometry": {
        "type": "Polygon",
        "coordinates": [
          [
            [
              37.2514375,
              -2.688
            ],
            [
              37.253,
              -2.688
            ],
            [
              37.253,
              -2.6864523809523813
            ],
            [
              37.2514375,
              -2.6864523809523813
            ],
            [
              37.2514375,
              -2.688
            ]
          ]
        ]
      }
    },
    {
      "type": "Feature",
      "properties": {
        "cellId": "s1-change-41-16",
        "category": "possible_change",
        "beforeProbability": 0,
        "duringProbability": 0,
        "recoveryProbability": 0.498,
        "deltaDuringBefore": 0,
        "deltaRecoveryDuring": 0.498,
        "method": "sentinel1-window-change-v1"
      },
      "geometry": {
        "type": "Polygon",
        "coordinates": [
          [
            [
              37.253,
              -2.688
            ],
            [
              37.2545625,
              -2.688
            ],
            [
              37.2545625,
              -2.6864523809523813
            ],
            [
              37.253,
              -2.6864523809523813
            ],
            [
              37.253,
              -2.688
            ]
          ]
        ]
      }
    },
    {
      "type": "Feature",
      "properties": {
        "cellId": "s1-change-41-2",
        "category": "possible_change",
        "beforeProbability": 0.623,
        "duringProbability": 0.486,
        "recoveryProbability": 0.454,
        "deltaDuringBefore": -0.137,
        "deltaRecoveryDuring": -0.032,
        "method": "sentinel1-window-change-v1"
      },
      "geometry": {
        "type": "Polygon",
        "coordinates": [
          [
            [
              37.231125,
              -2.688
            ],
            [
              37.232687500000004,
              -2.688
            ],
            [
              37.232687500000004,
              -2.6864523809523813
            ],
            [
              37.231125,
              -2.6864523809523813
            ],
            [
              37.231125,
              -2.688
            ]
          ]
        ]
      }
    },
    {
      "type": "Feature",
      "properties": {
        "cellId": "s1-change-41-3",
        "category": "possible_change",
        "beforeProbability": 0.48,
        "duringProbability": 0,
        "recoveryProbability": 0,
        "deltaDuringBefore": -0.48,
        "deltaRecoveryDuring": 0,
        "method": "sentinel1-window-change-v1"
      },
      "geometry": {
        "type": "Polygon",
        "coordinates": [
          [
            [
              37.232687500000004,
              -2.688
            ],
            [
              37.23425,
              -2.688
            ],
            [
              37.23425,
              -2.6864523809523813
            ],
            [
              37.232687500000004,
              -2.6864523809523813
            ],
            [
              37.232687500000004,
              -2.688
            ]
          ]
        ]
      }
    },
    {
      "type": "Feature",
      "properties": {
        "cellId": "s1-change-41-4",
        "category": "possible_change",
        "beforeProbability": 0.476,
        "duringProbability": 0,
        "recoveryProbability": 0,
        "deltaDuringBefore": -0.476,
        "deltaRecoveryDuring": 0,
        "method": "sentinel1-window-change-v1"
      },
      "geometry": {
        "type": "Polygon",
        "coordinates": [
          [
            [
              37.23425,
              -2.688
            ],
            [
              37.2358125,
              -2.688
            ],
            [
              37.2358125,
              -2.6864523809523813
            ],
            [
              37.23425,
              -2.6864523809523813
            ],
            [
              37.23425,
              -2.688
            ]
          ]
        ]
      }
    },
    {
      "type": "Feature",
      "properties": {
        "cellId": "s1-change-41-44",
        "category": "possible_change",
        "beforeProbability": 0.494,
        "duringProbability": 0,
        "recoveryProbability": 0.464,
        "deltaDuringBefore": -0.494,
        "deltaRecoveryDuring": 0.464,
        "method": "sentinel1-window-change-v1"
      },
      "geometry": {
        "type": "Polygon",
        "coordinates": [
          [
            [
              37.296749999999996,
              -2.688
            ],
            [
              37.298312499999994,
              -2.688
            ],
            [
              37.298312499999994,
              -2.6864523809523813
            ],
            [
              37.296749999999996,
              -2.6864523809523813
            ],
            [
              37.296749999999996,
              -2.688
            ]
          ]
        ]
      }
    },
    {
      "type": "Feature",
      "properties": {
        "cellId": "s1-change-41-47",
        "category": "possible_change",
        "beforeProbability": 0,
        "duringProbability": 0.503,
        "recoveryProbability": 0,
        "deltaDuringBefore": 0.503,
        "deltaRecoveryDuring": -0.503,
        "method": "sentinel1-window-change-v1"
      },
      "geometry": {
        "type": "Polygon",
        "coordinates": [
          [
            [
              37.3014375,
              -2.688
            ],
            [
              37.303,
              -2.688
            ],
            [
              37.303,
              -2.6864523809523813
            ],
            [
              37.3014375,
              -2.6864523809523813
            ],
            [
              37.3014375,
              -2.688
            ]
          ]
        ]
      }
    },
    {
      "type": "Feature",
      "properties": {
        "cellId": "s1-change-41-5",
        "category": "possible_change",
        "beforeProbability": 0.455,
        "duringProbability": 0.453,
        "recoveryProbability": 0.484,
        "deltaDuringBefore": -0.002,
        "deltaRecoveryDuring": 0.031,
        "method": "sentinel1-window-change-v1"
      },
      "geometry": {
        "type": "Polygon",
        "coordinates": [
          [
            [
              37.2358125,
              -2.688
            ],
            [
              37.237375,
              -2.688
            ],
            [
              37.237375,
              -2.6864523809523813
            ],
            [
              37.2358125,
              -2.6864523809523813
            ],
            [
              37.2358125,
              -2.688
            ]
          ]
        ]
      }
    },
    {
      "type": "Feature",
      "properties": {
        "cellId": "s1-change-41-6",
        "category": "possible_change",
        "beforeProbability": 0.506,
        "duringProbability": 0,
        "recoveryProbability": 0,
        "deltaDuringBefore": -0.506,
        "deltaRecoveryDuring": 0,
        "method": "sentinel1-window-change-v1"
      },
      "geometry": {
        "type": "Polygon",
        "coordinates": [
          [
            [
              37.237375,
              -2.688
            ],
            [
              37.2389375,
              -2.688
            ],
            [
              37.2389375,
              -2.6864523809523813
            ],
            [
              37.237375,
              -2.6864523809523813
            ],
            [
              37.237375,
              -2.688
            ]
          ]
        ]
      }
    },
    {
      "type": "Feature",
      "properties": {
        "cellId": "s1-change-5-30",
        "category": "possible_change",
        "beforeProbability": 0,
        "duringProbability": 0.456,
        "recoveryProbability": 0,
        "deltaDuringBefore": 0.456,
        "deltaRecoveryDuring": -0.456,
        "method": "sentinel1-window-change-v1"
      },
      "geometry": {
        "type": "Polygon",
        "coordinates": [
          [
            [
              37.274875,
              -2.6322857142857146
            ],
            [
              37.2764375,
              -2.6322857142857146
            ],
            [
              37.2764375,
              -2.6307380952380957
            ],
            [
              37.274875,
              -2.6307380952380957
            ],
            [
              37.274875,
              -2.6322857142857146
            ]
          ]
        ]
      }
    },
    {
      "type": "Feature",
      "properties": {
        "cellId": "s1-change-5-43",
        "category": "possible_change",
        "beforeProbability": 0.606,
        "duringProbability": 0.511,
        "recoveryProbability": 0.546,
        "deltaDuringBefore": -0.095,
        "deltaRecoveryDuring": 0.035,
        "method": "sentinel1-window-change-v1"
      },
      "geometry": {
        "type": "Polygon",
        "coordinates": [
          [
            [
              37.2951875,
              -2.6322857142857146
            ],
            [
              37.296749999999996,
              -2.6322857142857146
            ],
            [
              37.296749999999996,
              -2.6307380952380957
            ],
            [
              37.2951875,
              -2.6307380952380957
            ],
            [
              37.2951875,
              -2.6322857142857146
            ]
          ]
        ]
      }
    },
    {
      "type": "Feature",
      "properties": {
        "cellId": "s1-change-5-44",
        "category": "possible_change",
        "beforeProbability": 0.541,
        "duringProbability": 0.453,
        "recoveryProbability": 0.536,
        "deltaDuringBefore": -0.088,
        "deltaRecoveryDuring": 0.083,
        "method": "sentinel1-window-change-v1"
      },
      "geometry": {
        "type": "Polygon",
        "coordinates": [
          [
            [
              37.296749999999996,
              -2.6322857142857146
            ],
            [
              37.298312499999994,
              -2.6322857142857146
            ],
            [
              37.298312499999994,
              -2.6307380952380957
            ],
            [
              37.296749999999996,
              -2.6307380952380957
            ],
            [
              37.296749999999996,
              -2.6322857142857146
            ]
          ]
        ]
      }
    },
    {
      "type": "Feature",
      "properties": {
        "cellId": "s1-change-5-45",
        "category": "possible_change",
        "beforeProbability": 0.543,
        "duringProbability": 0,
        "recoveryProbability": 0,
        "deltaDuringBefore": -0.543,
        "deltaRecoveryDuring": 0,
        "method": "sentinel1-window-change-v1"
      },
      "geometry": {
        "type": "Polygon",
        "coordinates": [
          [
            [
              37.298312499999994,
              -2.6322857142857146
            ],
            [
              37.299875,
              -2.6322857142857146
            ],
            [
              37.299875,
              -2.6307380952380957
            ],
            [
              37.298312499999994,
              -2.6307380952380957
            ],
            [
              37.298312499999994,
              -2.6322857142857146
            ]
          ]
        ]
      }
    },
    {
      "type": "Feature",
      "properties": {
        "cellId": "s1-change-5-47",
        "category": "possible_change",
        "beforeProbability": 0,
        "duringProbability": 0.451,
        "recoveryProbability": 0,
        "deltaDuringBefore": 0.451,
        "deltaRecoveryDuring": -0.451,
        "method": "sentinel1-window-change-v1"
      },
      "geometry": {
        "type": "Polygon",
        "coordinates": [
          [
            [
              37.3014375,
              -2.6322857142857146
            ],
            [
              37.303,
              -2.6322857142857146
            ],
            [
              37.303,
              -2.6307380952380957
            ],
            [
              37.3014375,
              -2.6307380952380957
            ],
            [
              37.3014375,
              -2.6322857142857146
            ]
          ]
        ]
      }
    },
    {
      "type": "Feature",
      "properties": {
        "cellId": "s1-change-6-43",
        "category": "possible_change",
        "beforeProbability": 0.536,
        "duringProbability": 0,
        "recoveryProbability": 0,
        "deltaDuringBefore": -0.536,
        "deltaRecoveryDuring": 0,
        "method": "sentinel1-window-change-v1"
      },
      "geometry": {
        "type": "Polygon",
        "coordinates": [
          [
            [
              37.2951875,
              -2.6338333333333335
            ],
            [
              37.296749999999996,
              -2.6338333333333335
            ],
            [
              37.296749999999996,
              -2.6322857142857146
            ],
            [
              37.2951875,
              -2.6322857142857146
            ],
            [
              37.2951875,
              -2.6338333333333335
            ]
          ]
        ]
      }
    },
    {
      "type": "Feature",
      "properties": {
        "cellId": "s1-change-6-44",
        "category": "possible_change",
        "beforeProbability": 0.536,
        "duringProbability": 0,
        "recoveryProbability": 0,
        "deltaDuringBefore": -0.536,
        "deltaRecoveryDuring": 0,
        "method": "sentinel1-window-change-v1"
      },
      "geometry": {
        "type": "Polygon",
        "coordinates": [
          [
            [
              37.296749999999996,
              -2.6338333333333335
            ],
            [
              37.298312499999994,
              -2.6338333333333335
            ],
            [
              37.298312499999994,
              -2.6322857142857146
            ],
            [
              37.296749999999996,
              -2.6322857142857146
            ],
            [
              37.296749999999996,
              -2.6338333333333335
            ]
          ]
        ]
      }
    },
    {
      "type": "Feature",
      "properties": {
        "cellId": "s1-change-6-45",
        "category": "possible_change",
        "beforeProbability": 0.457,
        "duringProbability": 0,
        "recoveryProbability": 0,
        "deltaDuringBefore": -0.457,
        "deltaRecoveryDuring": 0,
        "method": "sentinel1-window-change-v1"
      },
      "geometry": {
        "type": "Polygon",
        "coordinates": [
          [
            [
              37.298312499999994,
              -2.6338333333333335
            ],
            [
              37.299875,
              -2.6338333333333335
            ],
            [
              37.299875,
              -2.6322857142857146
            ],
            [
              37.298312499999994,
              -2.6322857142857146
            ],
            [
              37.298312499999994,
              -2.6338333333333335
            ]
          ]
        ]
      }
    },
    {
      "type": "Feature",
      "properties": {
        "cellId": "s1-change-7-11",
        "category": "possible_change",
        "beforeProbability": 0,
        "duringProbability": 0,
        "recoveryProbability": 0.481,
        "deltaDuringBefore": 0,
        "deltaRecoveryDuring": 0.481,
        "method": "sentinel1-window-change-v1"
      },
      "geometry": {
        "type": "Polygon",
        "coordinates": [
          [
            [
              37.2451875,
              -2.6353809523809524
            ],
            [
              37.24675,
              -2.6353809523809524
            ],
            [
              37.24675,
              -2.6338333333333335
            ],
            [
              37.2451875,
              -2.6338333333333335
            ],
            [
              37.2451875,
              -2.6353809523809524
            ]
          ]
        ]
      }
    },
    {
      "type": "Feature",
      "properties": {
        "cellId": "s1-change-7-43",
        "category": "possible_change",
        "beforeProbability": 0.45,
        "duringProbability": 0,
        "recoveryProbability": 0,
        "deltaDuringBefore": -0.45,
        "deltaRecoveryDuring": 0,
        "method": "sentinel1-window-change-v1"
      },
      "geometry": {
        "type": "Polygon",
        "coordinates": [
          [
            [
              37.2951875,
              -2.6353809523809524
            ],
            [
              37.296749999999996,
              -2.6353809523809524
            ],
            [
              37.296749999999996,
              -2.6338333333333335
            ],
            [
              37.2951875,
              -2.6338333333333335
            ],
            [
              37.2951875,
              -2.6353809523809524
            ]
          ]
        ]
      }
    },
    {
      "type": "Feature",
      "properties": {
        "cellId": "s1-change-8-12",
        "category": "possible_change",
        "beforeProbability": 0,
        "duringProbability": 0.484,
        "recoveryProbability": 0,
        "deltaDuringBefore": 0.484,
        "deltaRecoveryDuring": -0.484,
        "method": "sentinel1-window-change-v1"
      },
      "geometry": {
        "type": "Polygon",
        "coordinates": [
          [
            [
              37.24675,
              -2.6369285714285717
            ],
            [
              37.2483125,
              -2.6369285714285717
            ],
            [
              37.2483125,
              -2.6353809523809524
            ],
            [
              37.24675,
              -2.6353809523809524
            ],
            [
              37.24675,
              -2.6369285714285717
            ]
          ]
        ]
      }
    },
    {
      "type": "Feature",
      "properties": {
        "cellId": "s1-change-8-45",
        "category": "possible_change",
        "beforeProbability": 0.474,
        "duringProbability": 0,
        "recoveryProbability": 0,
        "deltaDuringBefore": -0.474,
        "deltaRecoveryDuring": 0,
        "method": "sentinel1-window-change-v1"
      },
      "geometry": {
        "type": "Polygon",
        "coordinates": [
          [
            [
              37.298312499999994,
              -2.6369285714285717
            ],
            [
              37.299875,
              -2.6369285714285717
            ],
            [
              37.299875,
              -2.6353809523809524
            ],
            [
              37.298312499999994,
              -2.6353809523809524
            ],
            [
              37.298312499999994,
              -2.6369285714285717
            ]
          ]
        ]
      }
    },
    {
      "type": "Feature",
      "properties": {
        "cellId": "s1-change-9-0",
        "category": "possible_change",
        "beforeProbability": 0.461,
        "duringProbability": 0,
        "recoveryProbability": 0,
        "deltaDuringBefore": -0.461,
        "deltaRecoveryDuring": 0,
        "method": "sentinel1-window-change-v1"
      },
      "geometry": {
        "type": "Polygon",
        "coordinates": [
          [
            [
              37.228,
              -2.6384761904761906
            ],
            [
              37.2295625,
              -2.6384761904761906
            ],
            [
              37.2295625,
              -2.6369285714285717
            ],
            [
              37.228,
              -2.6369285714285717
            ],
            [
              37.228,
              -2.6384761904761906
            ]
          ]
        ]
      }
    },
    {
      "type": "Feature",
      "properties": {
        "cellId": "s1-change-9-12",
        "category": "possible_change",
        "beforeProbability": 0.458,
        "duringProbability": 0.603,
        "recoveryProbability": 0.549,
        "deltaDuringBefore": 0.145,
        "deltaRecoveryDuring": -0.054,
        "method": "sentinel1-window-change-v1"
      },
      "geometry": {
        "type": "Polygon",
        "coordinates": [
          [
            [
              37.24675,
              -2.6384761904761906
            ],
            [
              37.2483125,
              -2.6384761904761906
            ],
            [
              37.2483125,
              -2.6369285714285717
            ],
            [
              37.24675,
              -2.6369285714285717
            ],
            [
              37.24675,
              -2.6384761904761906
            ]
          ]
        ]
      }
    },
    {
      "type": "Feature",
      "properties": {
        "cellId": "s1-change-9-13",
        "category": "possible_change",
        "beforeProbability": 0,
        "duringProbability": 0.452,
        "recoveryProbability": 0.481,
        "deltaDuringBefore": 0.452,
        "deltaRecoveryDuring": 0.029,
        "method": "sentinel1-window-change-v1"
      },
      "geometry": {
        "type": "Polygon",
        "coordinates": [
          [
            [
              37.2483125,
              -2.6384761904761906
            ],
            [
              37.249875,
              -2.6384761904761906
            ],
            [
              37.249875,
              -2.6369285714285717
            ],
            [
              37.2483125,
              -2.6369285714285717
            ],
            [
              37.2483125,
              -2.6384761904761906
            ]
          ]
        ]
      }
    }
  ]
}
