{
  "type": "FeatureCollection",
  "features": [
    {
      "type": "Feature",
      "properties": {
        "cellId": "s1-duringFlooding-0-45",
        "window": "duringFlooding",
        "observedAt": "2026-03-16T15:47:47.961154Z",
        "sceneId": "S1A_IW_GRDH_1SDV_20260309T155545_20260309T155610_063552_07FC94_E210_COG,S1C_IW_GRDH_1SDV_20260312T031130_20260312T031155_006725_00D94D_F15F_COG,S1A_IW_GRDH_1SDV_20260316T154747_20260316T154812_063654_080064_6B83_COG",
        "sceneIds": [
          "S1A_IW_GRDH_1SDV_20260309T155545_20260309T155610_063552_07FC94_E210_COG",
          "S1C_IW_GRDH_1SDV_20260312T031130_20260312T031155_006725_00D94D_F15F_COG",
          "S1A_IW_GRDH_1SDV_20260316T154747_20260316T154812_063654_080064_6B83_COG"
        ],
        "sourceSceneCount": 3,
        "floodProbability": 0.477,
        "confidence": 0.641,
        "classification": "possible_flood",
        "vvMean": 89.71,
        "vhMean": 45.08,
        "method": "sentinel1-multiscene-hybrid-v3",
        "georeference": "copernicus-stac-bbox-linearized"
      },
      "geometry": {
        "type": "Polygon",
        "coordinates": [
          [
            [
              37.298312499999994,
              -2.624547619047619
            ],
            [
              37.299875,
              -2.624547619047619
            ],
            [
              37.299875,
              -2.623
            ],
            [
              37.298312499999994,
              -2.623
            ],
            [
              37.298312499999994,
              -2.624547619047619
            ]
          ]
        ]
      }
    },
    {
      "type": "Feature",
      "properties": {
        "cellId": "s1-duringFlooding-2-26",
        "window": "duringFlooding",
        "observedAt": "2026-03-16T15:47:47.961154Z",
        "sceneId": "S1A_IW_GRDH_1SDV_20260309T155545_20260309T155610_063552_07FC94_E210_COG,S1C_IW_GRDH_1SDV_20260312T031130_20260312T031155_006725_00D94D_F15F_COG,S1A_IW_GRDH_1SDV_20260316T154747_20260316T154812_063654_080064_6B83_COG",
        "sceneIds": [
          "S1A_IW_GRDH_1SDV_20260309T155545_20260309T155610_063552_07FC94_E210_COG",
          "S1C_IW_GRDH_1SDV_20260312T031130_20260312T031155_006725_00D94D_F15F_COG",
          "S1A_IW_GRDH_1SDV_20260316T154747_20260316T154812_063654_080064_6B83_COG"
        ],
        "sourceSceneCount": 3,
        "floodProbability": 0.466,
        "confidence": 0.648,
        "classification": "possible_flood",
        "vvMean": 65.03,
        "vhMean": 32.37,
        "method": "sentinel1-multiscene-hybrid-v3",
        "georeference": "copernicus-stac-bbox-linearized"
      },
      "geometry": {
        "type": "Polygon",
        "coordinates": [
          [
            [
              37.268625,
              -2.6276428571428574
            ],
            [
              37.2701875,
              -2.6276428571428574
            ],
            [
              37.2701875,
              -2.6260952380952385
            ],
            [
              37.268625,
              -2.6260952380952385
            ],
            [
              37.268625,
              -2.6276428571428574
            ]
          ]
        ]
      }
    },
    {
      "type": "Feature",
      "properties": {
        "cellId": "s1-duringFlooding-3-41",
        "window": "duringFlooding",
        "observedAt": "2026-03-16T15:47:47.961154Z",
        "sceneId": "S1A_IW_GRDH_1SDV_20260309T155545_20260309T155610_063552_07FC94_E210_COG,S1C_IW_GRDH_1SDV_20260312T031130_20260312T031155_006725_00D94D_F15F_COG,S1A_IW_GRDH_1SDV_20260316T154747_20260316T154812_063654_080064_6B83_COG",
        "sceneIds": [
          "S1A_IW_GRDH_1SDV_20260309T155545_20260309T155610_063552_07FC94_E210_COG",
          "S1C_IW_GRDH_1SDV_20260312T031130_20260312T031155_006725_00D94D_F15F_COG",
          "S1A_IW_GRDH_1SDV_20260316T154747_20260316T154812_063654_080064_6B83_COG"
        ],
        "sourceSceneCount": 3,
        "floodProbability": 0.521,
        "confidence": 0.64,
        "classification": "probable_flood",
        "vvMean": 64.17,
        "vhMean": 33.76,
        "method": "sentinel1-multiscene-hybrid-v3",
        "georeference": "copernicus-stac-bbox-linearized"
      },
      "geometry": {
        "type": "Polygon",
        "coordinates": [
          [
            [
              37.2920625,
              -2.6291904761904763
            ],
            [
              37.293625,
              -2.6291904761904763
            ],
            [
              37.293625,
              -2.6276428571428574
            ],
            [
              37.2920625,
              -2.6276428571428574
            ],
            [
              37.2920625,
              -2.6291904761904763
            ]
          ]
        ]
      }
    },
    {
      "type": "Feature",
      "properties": {
        "cellId": "s1-duringFlooding-3-42",
        "window": "duringFlooding",
        "observedAt": "2026-03-16T15:47:47.961154Z",
        "sceneId": "S1A_IW_GRDH_1SDV_20260309T155545_20260309T155610_063552_07FC94_E210_COG,S1C_IW_GRDH_1SDV_20260312T031130_20260312T031155_006725_00D94D_F15F_COG,S1A_IW_GRDH_1SDV_20260316T154747_20260316T154812_063654_080064_6B83_COG",
        "sceneIds": [
          "S1A_IW_GRDH_1SDV_20260309T155545_20260309T155610_063552_07FC94_E210_COG",
          "S1C_IW_GRDH_1SDV_20260312T031130_20260312T031155_006725_00D94D_F15F_COG",
          "S1A_IW_GRDH_1SDV_20260316T154747_20260316T154812_063654_080064_6B83_COG"
        ],
        "sourceSceneCount": 3,
        "floodProbability": 0.452,
        "confidence": 0.657,
        "classification": "possible_flood",
        "vvMean": 65.74,
        "vhMean": 39.08,
        "method": "sentinel1-multiscene-hybrid-v3",
        "georeference": "copernicus-stac-bbox-linearized"
      },
      "geometry": {
        "type": "Polygon",
        "coordinates": [
          [
            [
              37.293625,
              -2.6291904761904763
            ],
            [
              37.2951875,
              -2.6291904761904763
            ],
            [
              37.2951875,
              -2.6276428571428574
            ],
            [
              37.293625,
              -2.6276428571428574
            ],
            [
              37.293625,
              -2.6291904761904763
            ]
          ]
        ]
      }
    },
    {
      "type": "Feature",
      "properties": {
        "cellId": "s1-duringFlooding-3-46",
        "window": "duringFlooding",
        "observedAt": "2026-03-16T15:47:47.961154Z",
        "sceneId": "S1A_IW_GRDH_1SDV_20260309T155545_20260309T155610_063552_07FC94_E210_COG,S1C_IW_GRDH_1SDV_20260312T031130_20260312T031155_006725_00D94D_F15F_COG,S1A_IW_GRDH_1SDV_20260316T154747_20260316T154812_063654_080064_6B83_COG",
        "sceneIds": [
          "S1A_IW_GRDH_1SDV_20260309T155545_20260309T155610_063552_07FC94_E210_COG",
          "S1C_IW_GRDH_1SDV_20260312T031130_20260312T031155_006725_00D94D_F15F_COG",
          "S1A_IW_GRDH_1SDV_20260316T154747_20260316T154812_063654_080064_6B83_COG"
        ],
        "sourceSceneCount": 3,
        "floodProbability": 0.534,
        "confidence": 0.648,
        "classification": "probable_flood",
        "vvMean": 65.65,
        "vhMean": 39.09,
        "method": "sentinel1-multiscene-hybrid-v3",
        "georeference": "copernicus-stac-bbox-linearized"
      },
      "geometry": {
        "type": "Polygon",
        "coordinates": [
          [
            [
              37.299875,
              -2.6291904761904763
            ],
            [
              37.3014375,
              -2.6291904761904763
            ],
            [
              37.3014375,
              -2.6276428571428574
            ],
            [
              37.299875,
              -2.6276428571428574
            ],
            [
              37.299875,
              -2.6291904761904763
            ]
          ]
        ]
      }
    },
    {
      "type": "Feature",
      "properties": {
        "cellId": "s1-duringFlooding-4-30",
        "window": "duringFlooding",
        "observedAt": "2026-03-16T15:47:47.961154Z",
        "sceneId": "S1A_IW_GRDH_1SDV_20260309T155545_20260309T155610_063552_07FC94_E210_COG,S1C_IW_GRDH_1SDV_20260312T031130_20260312T031155_006725_00D94D_F15F_COG,S1A_IW_GRDH_1SDV_20260316T154747_20260316T154812_063654_080064_6B83_COG",
        "sceneIds": [
          "S1A_IW_GRDH_1SDV_20260309T155545_20260309T155610_063552_07FC94_E210_COG",
          "S1C_IW_GRDH_1SDV_20260312T031130_20260312T031155_006725_00D94D_F15F_COG",
          "S1A_IW_GRDH_1SDV_20260316T154747_20260316T154812_063654_080064_6B83_COG"
        ],
        "sourceSceneCount": 3,
        "floodProbability": 0.501,
        "confidence": 0.628,
        "classification": "possible_flood",
        "vvMean": 71.94,
        "vhMean": 39.42,
        "method": "sentinel1-multiscene-hybrid-v3",
        "georeference": "copernicus-stac-bbox-linearized"
      },
      "geometry": {
        "type": "Polygon",
        "coordinates": [
          [
            [
              37.274875,
              -2.6307380952380957
            ],
            [
              37.2764375,
              -2.6307380952380957
            ],
            [
              37.2764375,
              -2.6291904761904763
            ],
            [
              37.274875,
              -2.6291904761904763
            ],
            [
              37.274875,
              -2.6307380952380957
            ]
          ]
        ]
      }
    },
    {
      "type": "Feature",
      "properties": {
        "cellId": "s1-duringFlooding-4-42",
        "window": "duringFlooding",
        "observedAt": "2026-03-16T15:47:47.961154Z",
        "sceneId": "S1A_IW_GRDH_1SDV_20260309T155545_20260309T155610_063552_07FC94_E210_COG,S1C_IW_GRDH_1SDV_20260312T031130_20260312T031155_006725_00D94D_F15F_COG,S1A_IW_GRDH_1SDV_20260316T154747_20260316T154812_063654_080064_6B83_COG",
        "sceneIds": [
          "S1A_IW_GRDH_1SDV_20260309T155545_20260309T155610_063552_07FC94_E210_COG",
          "S1C_IW_GRDH_1SDV_20260312T031130_20260312T031155_006725_00D94D_F15F_COG",
          "S1A_IW_GRDH_1SDV_20260316T154747_20260316T154812_063654_080064_6B83_COG"
        ],
        "sourceSceneCount": 3,
        "floodProbability": 0.458,
        "confidence": 0.653,
        "classification": "possible_flood",
        "vvMean": 69.73,
        "vhMean": 39.44,
        "method": "sentinel1-multiscene-hybrid-v3",
        "georeference": "copernicus-stac-bbox-linearized"
      },
      "geometry": {
        "type": "Polygon",
        "coordinates": [
          [
            [
              37.293625,
              -2.6307380952380957
            ],
            [
              37.2951875,
              -2.6307380952380957
            ],
            [
              37.2951875,
              -2.6291904761904763
            ],
            [
              37.293625,
              -2.6291904761904763
            ],
            [
              37.293625,
              -2.6307380952380957
            ]
          ]
        ]
      }
    },
    {
      "type": "Feature",
      "properties": {
        "cellId": "s1-duringFlooding-4-43",
        "window": "duringFlooding",
        "observedAt": "2026-03-16T15:47:47.961154Z",
        "sceneId": "S1A_IW_GRDH_1SDV_20260309T155545_20260309T155610_063552_07FC94_E210_COG,S1C_IW_GRDH_1SDV_20260312T031130_20260312T031155_006725_00D94D_F15F_COG,S1A_IW_GRDH_1SDV_20260316T154747_20260316T154812_063654_080064_6B83_COG",
        "sceneIds": [
          "S1A_IW_GRDH_1SDV_20260309T155545_20260309T155610_063552_07FC94_E210_COG",
          "S1C_IW_GRDH_1SDV_20260312T031130_20260312T031155_006725_00D94D_F15F_COG",
          "S1A_IW_GRDH_1SDV_20260316T154747_20260316T154812_063654_080064_6B83_COG"
        ],
        "sourceSceneCount": 3,
        "floodProbability": 0.479,
        "confidence": 0.64,
        "classification": "possible_flood",
        "vvMean": 73.1,
        "vhMean": 31.66,
        "method": "sentinel1-multiscene-hybrid-v3",
        "georeference": "copernicus-stac-bbox-linearized"
      },
      "geometry": {
        "type": "Polygon",
        "coordinates": [
          [
            [
              37.2951875,
              -2.6307380952380957
            ],
            [
              37.296749999999996,
              -2.6307380952380957
            ],
            [
              37.296749999999996,
              -2.6291904761904763
            ],
            [
              37.2951875,
              -2.6291904761904763
            ],
            [
              37.2951875,
              -2.6307380952380957
            ]
          ]
        ]
      }
    },
    {
      "type": "Feature",
      "properties": {
        "cellId": "s1-duringFlooding-4-46",
        "window": "duringFlooding",
        "observedAt": "2026-03-16T15:47:47.961154Z",
        "sceneId": "S1A_IW_GRDH_1SDV_20260309T155545_20260309T155610_063552_07FC94_E210_COG,S1C_IW_GRDH_1SDV_20260312T031130_20260312T031155_006725_00D94D_F15F_COG,S1A_IW_GRDH_1SDV_20260316T154747_20260316T154812_063654_080064_6B83_COG",
        "sceneIds": [
          "S1A_IW_GRDH_1SDV_20260309T155545_20260309T155610_063552_07FC94_E210_COG",
          "S1C_IW_GRDH_1SDV_20260312T031130_20260312T031155_006725_00D94D_F15F_COG",
          "S1A_IW_GRDH_1SDV_20260316T154747_20260316T154812_063654_080064_6B83_COG"
        ],
        "sourceSceneCount": 3,
        "floodProbability": 0.48,
        "confidence": 0.64,
        "classification": "possible_flood",
        "vvMean": 76.16,
        "vhMean": 41.71,
        "method": "sentinel1-multiscene-hybrid-v3",
        "georeference": "copernicus-stac-bbox-linearized"
      },
      "geometry": {
        "type": "Polygon",
        "coordinates": [
          [
            [
              37.299875,
              -2.6307380952380957
            ],
            [
              37.3014375,
              -2.6307380952380957
            ],
            [
              37.3014375,
              -2.6291904761904763
            ],
            [
              37.299875,
              -2.6291904761904763
            ],
            [
              37.299875,
              -2.6307380952380957
            ]
          ]
        ]
      }
    },
    {
      "type": "Feature",
      "properties": {
        "cellId": "s1-duringFlooding-4-47",
        "window": "duringFlooding",
        "observedAt": "2026-03-16T15:47:47.961154Z",
        "sceneId": "S1A_IW_GRDH_1SDV_20260309T155545_20260309T155610_063552_07FC94_E210_COG,S1C_IW_GRDH_1SDV_20260312T031130_20260312T031155_006725_00D94D_F15F_COG,S1A_IW_GRDH_1SDV_20260316T154747_20260316T154812_063654_080064_6B83_COG",
        "sceneIds": [
          "S1A_IW_GRDH_1SDV_20260309T155545_20260309T155610_063552_07FC94_E210_COG",
          "S1C_IW_GRDH_1SDV_20260312T031130_20260312T031155_006725_00D94D_F15F_COG",
          "S1A_IW_GRDH_1SDV_20260316T154747_20260316T154812_063654_080064_6B83_COG"
        ],
        "sourceSceneCount": 3,
        "floodProbability": 0.53,
        "confidence": 0.646,
        "classification": "probable_flood",
        "vvMean": 68.2,
        "vhMean": 43.16,
        "method": "sentinel1-multiscene-hybrid-v3",
        "georeference": "copernicus-stac-bbox-linearized"
      },
      "geometry": {
        "type": "Polygon",
        "coordinates": [
          [
            [
              37.3014375,
              -2.6307380952380957
            ],
            [
              37.303,
              -2.6307380952380957
            ],
            [
              37.303,
              -2.6291904761904763
            ],
            [
              37.3014375,
              -2.6291904761904763
            ],
            [
              37.3014375,
              -2.6307380952380957
            ]
          ]
        ]
      }
    },
    {
      "type": "Feature",
      "properties": {
        "cellId": "s1-duringFlooding-5-30",
        "window": "duringFlooding",
        "observedAt": "2026-03-16T15:47:47.961154Z",
        "sceneId": "S1A_IW_GRDH_1SDV_20260309T155545_20260309T155610_063552_07FC94_E210_COG,S1C_IW_GRDH_1SDV_20260312T031130_20260312T031155_006725_00D94D_F15F_COG,S1A_IW_GRDH_1SDV_20260316T154747_20260316T154812_063654_080064_6B83_COG",
        "sceneIds": [
          "S1A_IW_GRDH_1SDV_20260309T155545_20260309T155610_063552_07FC94_E210_COG",
          "S1C_IW_GRDH_1SDV_20260312T031130_20260312T031155_006725_00D94D_F15F_COG",
          "S1A_IW_GRDH_1SDV_20260316T154747_20260316T154812_063654_080064_6B83_COG"
        ],
        "sourceSceneCount": 3,
        "floodProbability": 0.491,
        "confidence": 0.633,
        "classification": "possible_flood",
        "vvMean": 71.35,
        "vhMean": 35.02,
        "method": "sentinel1-multiscene-hybrid-v3",
        "georeference": "copernicus-stac-bbox-linearized"
      },
      "geometry": {
        "type": "Polygon",
        "coordinates": [
          [
            [
              37.274875,
              -2.6322857142857146
            ],
            [
              37.2764375,
              -2.6322857142857146
            ],
            [
              37.2764375,
              -2.6307380952380957
            ],
            [
              37.274875,
              -2.6307380952380957
            ],
            [
              37.274875,
              -2.6322857142857146
            ]
          ]
        ]
      }
    },
    {
      "type": "Feature",
      "properties": {
        "cellId": "s1-duringFlooding-5-43",
        "window": "duringFlooding",
        "observedAt": "2026-03-16T15:47:47.961154Z",
        "sceneId": "S1A_IW_GRDH_1SDV_20260309T155545_20260309T155610_063552_07FC94_E210_COG,S1C_IW_GRDH_1SDV_20260312T031130_20260312T031155_006725_00D94D_F15F_COG,S1A_IW_GRDH_1SDV_20260316T154747_20260316T154812_063654_080064_6B83_COG",
        "sceneIds": [
          "S1A_IW_GRDH_1SDV_20260309T155545_20260309T155610_063552_07FC94_E210_COG",
          "S1C_IW_GRDH_1SDV_20260312T031130_20260312T031155_006725_00D94D_F15F_COG",
          "S1A_IW_GRDH_1SDV_20260316T154747_20260316T154812_063654_080064_6B83_COG"
        ],
        "sourceSceneCount": 3,
        "floodProbability": 0.521,
        "confidence": 0.64,
        "classification": "probable_flood",
        "vvMean": 63.85,
        "vhMean": 35.11,
        "method": "sentinel1-multiscene-hybrid-v3",
        "georeference": "copernicus-stac-bbox-linearized"
      },
      "geometry": {
        "type": "Polygon",
        "coordinates": [
          [
            [
              37.2951875,
              -2.6322857142857146
            ],
            [
              37.296749999999996,
              -2.6322857142857146
            ],
            [
              37.296749999999996,
              -2.6307380952380957
            ],
            [
              37.2951875,
              -2.6307380952380957
            ],
            [
              37.2951875,
              -2.6322857142857146
            ]
          ]
        ]
      }
    },
    {
      "type": "Feature",
      "properties": {
        "cellId": "s1-duringFlooding-5-44",
        "window": "duringFlooding",
        "observedAt": "2026-03-16T15:47:47.961154Z",
        "sceneId": "S1A_IW_GRDH_1SDV_20260309T155545_20260309T155610_063552_07FC94_E210_COG,S1C_IW_GRDH_1SDV_20260312T031130_20260312T031155_006725_00D94D_F15F_COG,S1A_IW_GRDH_1SDV_20260316T154747_20260316T154812_063654_080064_6B83_COG",
        "sceneIds": [
          "S1A_IW_GRDH_1SDV_20260309T155545_20260309T155610_063552_07FC94_E210_COG",
          "S1C_IW_GRDH_1SDV_20260312T031130_20260312T031155_006725_00D94D_F15F_COG",
          "S1A_IW_GRDH_1SDV_20260316T154747_20260316T154812_063654_080064_6B83_COG"
        ],
        "sourceSceneCount": 3,
        "floodProbability": 0.5,
        "confidence": 0.627,
        "classification": "possible_flood",
        "vvMean": 62.06,
        "vhMean": 39.84,
        "method": "sentinel1-multiscene-hybrid-v3",
        "georeference": "copernicus-stac-bbox-linearized"
      },
      "geometry": {
        "type": "Polygon",
        "coordinates": [
          [
            [
              37.296749999999996,
              -2.6322857142857146
            ],
            [
              37.298312499999994,
              -2.6322857142857146
            ],
            [
              37.298312499999994,
              -2.6307380952380957
            ],
            [
              37.296749999999996,
              -2.6307380952380957
            ],
            [
              37.296749999999996,
              -2.6322857142857146
            ]
          ]
        ]
      }
    },
    {
      "type": "Feature",
      "properties": {
        "cellId": "s1-duringFlooding-5-47",
        "window": "duringFlooding",
        "observedAt": "2026-03-16T15:47:47.961154Z",
        "sceneId": "S1A_IW_GRDH_1SDV_20260309T155545_20260309T155610_063552_07FC94_E210_COG,S1C_IW_GRDH_1SDV_20260312T031130_20260312T031155_006725_00D94D_F15F_COG,S1A_IW_GRDH_1SDV_20260316T154747_20260316T154812_063654_080064_6B83_COG",
        "sceneIds": [
          "S1A_IW_GRDH_1SDV_20260309T155545_20260309T155610_063552_07FC94_E210_COG",
          "S1C_IW_GRDH_1SDV_20260312T031130_20260312T031155_006725_00D94D_F15F_COG",
          "S1A_IW_GRDH_1SDV_20260316T154747_20260316T154812_063654_080064_6B83_COG"
        ],
        "sourceSceneCount": 3,
        "floodProbability": 0.48,
        "confidence": 0.639,
        "classification": "possible_flood",
        "vvMean": 81.22,
        "vhMean": 47.33,
        "method": "sentinel1-multiscene-hybrid-v3",
        "georeference": "copernicus-stac-bbox-linearized"
      },
      "geometry": {
        "type": "Polygon",
        "coordinates": [
          [
            [
              37.3014375,
              -2.6322857142857146
            ],
            [
              37.303,
              -2.6322857142857146
            ],
            [
              37.303,
              -2.6307380952380957
            ],
            [
              37.3014375,
              -2.6307380952380957
            ],
            [
              37.3014375,
              -2.6322857142857146
            ]
          ]
        ]
      }
    },
    {
      "type": "Feature",
      "properties": {
        "cellId": "s1-duringFlooding-6-43",
        "window": "duringFlooding",
        "observedAt": "2026-03-16T15:47:47.961154Z",
        "sceneId": "S1A_IW_GRDH_1SDV_20260309T155545_20260309T155610_063552_07FC94_E210_COG,S1C_IW_GRDH_1SDV_20260312T031130_20260312T031155_006725_00D94D_F15F_COG,S1A_IW_GRDH_1SDV_20260316T154747_20260316T154812_063654_080064_6B83_COG",
        "sceneIds": [
          "S1A_IW_GRDH_1SDV_20260309T155545_20260309T155610_063552_07FC94_E210_COG",
          "S1C_IW_GRDH_1SDV_20260312T031130_20260312T031155_006725_00D94D_F15F_COG",
          "S1A_IW_GRDH_1SDV_20260316T154747_20260316T154812_063654_080064_6B83_COG"
        ],
        "sourceSceneCount": 3,
        "floodProbability": 0.454,
        "confidence": 0.655,
        "classification": "possible_flood",
        "vvMean": 70.77,
        "vhMean": 35.73,
        "method": "sentinel1-multiscene-hybrid-v3",
        "georeference": "copernicus-stac-bbox-linearized"
      },
      "geometry": {
        "type": "Polygon",
        "coordinates": [
          [
            [
              37.2951875,
              -2.6338333333333335
            ],
            [
              37.296749999999996,
              -2.6338333333333335
            ],
            [
              37.296749999999996,
              -2.6322857142857146
            ],
            [
              37.2951875,
              -2.6322857142857146
            ],
            [
              37.2951875,
              -2.6338333333333335
            ]
          ]
        ]
      }
    },
    {
      "type": "Feature",
      "properties": {
        "cellId": "s1-duringFlooding-6-44",
        "window": "duringFlooding",
        "observedAt": "2026-03-16T15:47:47.961154Z",
        "sceneId": "S1A_IW_GRDH_1SDV_20260309T155545_20260309T155610_063552_07FC94_E210_COG,S1C_IW_GRDH_1SDV_20260312T031130_20260312T031155_006725_00D94D_F15F_COG,S1A_IW_GRDH_1SDV_20260316T154747_20260316T154812_063654_080064_6B83_COG",
        "sceneIds": [
          "S1A_IW_GRDH_1SDV_20260309T155545_20260309T155610_063552_07FC94_E210_COG",
          "S1C_IW_GRDH_1SDV_20260312T031130_20260312T031155_006725_00D94D_F15F_COG",
          "S1A_IW_GRDH_1SDV_20260316T154747_20260316T154812_063654_080064_6B83_COG"
        ],
        "sourceSceneCount": 3,
        "floodProbability": 0.496,
        "confidence": 0.629,
        "classification": "possible_flood",
        "vvMean": 67.14,
        "vhMean": 37.77,
        "method": "sentinel1-multiscene-hybrid-v3",
        "georeference": "copernicus-stac-bbox-linearized"
      },
      "geometry": {
        "type": "Polygon",
        "coordinates": [
          [
            [
              37.296749999999996,
              -2.6338333333333335
            ],
            [
              37.298312499999994,
              -2.6338333333333335
            ],
            [
              37.298312499999994,
              -2.6322857142857146
            ],
            [
              37.296749999999996,
              -2.6322857142857146
            ],
            [
              37.296749999999996,
              -2.6338333333333335
            ]
          ]
        ]
      }
    },
    {
      "type": "Feature",
      "properties": {
        "cellId": "s1-duringFlooding-6-45",
        "window": "duringFlooding",
        "observedAt": "2026-03-16T15:47:47.961154Z",
        "sceneId": "S1A_IW_GRDH_1SDV_20260309T155545_20260309T155610_063552_07FC94_E210_COG,S1C_IW_GRDH_1SDV_20260312T031130_20260312T031155_006725_00D94D_F15F_COG,S1A_IW_GRDH_1SDV_20260316T154747_20260316T154812_063654_080064_6B83_COG",
        "sceneIds": [
          "S1A_IW_GRDH_1SDV_20260309T155545_20260309T155610_063552_07FC94_E210_COG",
          "S1C_IW_GRDH_1SDV_20260312T031130_20260312T031155_006725_00D94D_F15F_COG",
          "S1A_IW_GRDH_1SDV_20260316T154747_20260316T154812_063654_080064_6B83_COG"
        ],
        "sourceSceneCount": 3,
        "floodProbability": 0.482,
        "confidence": 0.638,
        "classification": "possible_flood",
        "vvMean": 67.8,
        "vhMean": 32.02,
        "method": "sentinel1-multiscene-hybrid-v3",
        "georeference": "copernicus-stac-bbox-linearized"
      },
      "geometry": {
        "type": "Polygon",
        "coordinates": [
          [
            [
              37.298312499999994,
              -2.6338333333333335
            ],
            [
              37.299875,
              -2.6338333333333335
            ],
            [
              37.299875,
              -2.6322857142857146
            ],
            [
              37.298312499999994,
              -2.6322857142857146
            ],
            [
              37.298312499999994,
              -2.6338333333333335
            ]
          ]
        ]
      }
    },
    {
      "type": "Feature",
      "properties": {
        "cellId": "s1-duringFlooding-6-47",
        "window": "duringFlooding",
        "observedAt": "2026-03-16T15:47:47.961154Z",
        "sceneId": "S1A_IW_GRDH_1SDV_20260309T155545_20260309T155610_063552_07FC94_E210_COG,S1C_IW_GRDH_1SDV_20260312T031130_20260312T031155_006725_00D94D_F15F_COG,S1A_IW_GRDH_1SDV_20260316T154747_20260316T154812_063654_080064_6B83_COG",
        "sceneIds": [
          "S1A_IW_GRDH_1SDV_20260309T155545_20260309T155610_063552_07FC94_E210_COG",
          "S1C_IW_GRDH_1SDV_20260312T031130_20260312T031155_006725_00D94D_F15F_COG",
          "S1A_IW_GRDH_1SDV_20260316T154747_20260316T154812_063654_080064_6B83_COG"
        ],
        "sourceSceneCount": 3,
        "floodProbability": 0.466,
        "confidence": 0.648,
        "classification": "possible_flood",
        "vvMean": 78.25,
        "vhMean": 40.62,
        "method": "sentinel1-multiscene-hybrid-v3",
        "georeference": "copernicus-stac-bbox-linearized"
      },
      "geometry": {
        "type": "Polygon",
        "coordinates": [
          [
            [
              37.3014375,
              -2.6338333333333335
            ],
            [
              37.303,
              -2.6338333333333335
            ],
            [
              37.303,
              -2.6322857142857146
            ],
            [
              37.3014375,
              -2.6322857142857146
            ],
            [
              37.3014375,
              -2.6338333333333335
            ]
          ]
        ]
      }
    },
    {
      "type": "Feature",
      "properties": {
        "cellId": "s1-duringFlooding-10-22",
        "window": "duringFlooding",
        "observedAt": "2026-03-16T15:47:47.961154Z",
        "sceneId": "S1A_IW_GRDH_1SDV_20260309T155545_20260309T155610_063552_07FC94_E210_COG,S1C_IW_GRDH_1SDV_20260312T031130_20260312T031155_006725_00D94D_F15F_COG,S1A_IW_GRDH_1SDV_20260316T154747_20260316T154812_063654_080064_6B83_COG",
        "sceneIds": [
          "S1A_IW_GRDH_1SDV_20260309T155545_20260309T155610_063552_07FC94_E210_COG",
          "S1C_IW_GRDH_1SDV_20260312T031130_20260312T031155_006725_00D94D_F15F_COG",
          "S1A_IW_GRDH_1SDV_20260316T154747_20260316T154812_063654_080064_6B83_COG"
        ],
        "sourceSceneCount": 3,
        "floodProbability": 0.469,
        "confidence": 0.646,
        "classification": "possible_flood",
        "vvMean": 68.82,
        "vhMean": 41.11,
        "method": "sentinel1-multiscene-hybrid-v3",
        "georeference": "copernicus-stac-bbox-linearized"
      },
      "geometry": {
        "type": "Polygon",
        "coordinates": [
          [
            [
              37.262375,
              -2.6400238095238096
            ],
            [
              37.2639375,
              -2.6400238095238096
            ],
            [
              37.2639375,
              -2.6384761904761906
            ],
            [
              37.262375,
              -2.6384761904761906
            ],
            [
              37.262375,
              -2.6400238095238096
            ]
          ]
        ]
      }
    },
    {
      "type": "Feature",
      "properties": {
        "cellId": "s1-duringFlooding-11-18",
        "window": "duringFlooding",
        "observedAt": "2026-03-16T15:47:47.961154Z",
        "sceneId": "S1A_IW_GRDH_1SDV_20260309T155545_20260309T155610_063552_07FC94_E210_COG,S1C_IW_GRDH_1SDV_20260312T031130_20260312T031155_006725_00D94D_F15F_COG,S1A_IW_GRDH_1SDV_20260316T154747_20260316T154812_063654_080064_6B83_COG",
        "sceneIds": [
          "S1A_IW_GRDH_1SDV_20260309T155545_20260309T155610_063552_07FC94_E210_COG",
          "S1C_IW_GRDH_1SDV_20260312T031130_20260312T031155_006725_00D94D_F15F_COG",
          "S1A_IW_GRDH_1SDV_20260316T154747_20260316T154812_063654_080064_6B83_COG"
        ],
        "sourceSceneCount": 3,
        "floodProbability": 0.459,
        "confidence": 0.652,
        "classification": "possible_flood",
        "vvMean": 70.44,
        "vhMean": 36.62,
        "method": "sentinel1-multiscene-hybrid-v3",
        "georeference": "copernicus-stac-bbox-linearized"
      },
      "geometry": {
        "type": "Polygon",
        "coordinates": [
          [
            [
              37.256125,
              -2.641571428571429
            ],
            [
              37.2576875,
              -2.641571428571429
            ],
            [
              37.2576875,
              -2.6400238095238096
            ],
            [
              37.256125,
              -2.6400238095238096
            ],
            [
              37.256125,
              -2.641571428571429
            ]
          ]
        ]
      }
    },
    {
      "type": "Feature",
      "properties": {
        "cellId": "s1-duringFlooding-11-41",
        "window": "duringFlooding",
        "observedAt": "2026-03-16T15:47:47.961154Z",
        "sceneId": "S1A_IW_GRDH_1SDV_20260309T155545_20260309T155610_063552_07FC94_E210_COG,S1C_IW_GRDH_1SDV_20260312T031130_20260312T031155_006725_00D94D_F15F_COG,S1A_IW_GRDH_1SDV_20260316T154747_20260316T154812_063654_080064_6B83_COG",
        "sceneIds": [
          "S1A_IW_GRDH_1SDV_20260309T155545_20260309T155610_063552_07FC94_E210_COG",
          "S1C_IW_GRDH_1SDV_20260312T031130_20260312T031155_006725_00D94D_F15F_COG",
          "S1A_IW_GRDH_1SDV_20260316T154747_20260316T154812_063654_080064_6B83_COG"
        ],
        "sourceSceneCount": 3,
        "floodProbability": 0.542,
        "confidence": 0.653,
        "classification": "probable_flood",
        "vvMean": 73.04,
        "vhMean": 33.27,
        "method": "sentinel1-multiscene-hybrid-v3",
        "georeference": "copernicus-stac-bbox-linearized"
      },
      "geometry": {
        "type": "Polygon",
        "coordinates": [
          [
            [
              37.2920625,
              -2.641571428571429
            ],
            [
              37.293625,
              -2.641571428571429
            ],
            [
              37.293625,
              -2.6400238095238096
            ],
            [
              37.2920625,
              -2.6400238095238096
            ],
            [
              37.2920625,
              -2.641571428571429
            ]
          ]
        ]
      }
    },
    {
      "type": "Feature",
      "properties": {
        "cellId": "s1-duringFlooding-11-42",
        "window": "duringFlooding",
        "observedAt": "2026-03-16T15:47:47.961154Z",
        "sceneId": "S1A_IW_GRDH_1SDV_20260309T155545_20260309T155610_063552_07FC94_E210_COG,S1C_IW_GRDH_1SDV_20260312T031130_20260312T031155_006725_00D94D_F15F_COG,S1A_IW_GRDH_1SDV_20260316T154747_20260316T154812_063654_080064_6B83_COG",
        "sceneIds": [
          "S1A_IW_GRDH_1SDV_20260309T155545_20260309T155610_063552_07FC94_E210_COG",
          "S1C_IW_GRDH_1SDV_20260312T031130_20260312T031155_006725_00D94D_F15F_COG",
          "S1A_IW_GRDH_1SDV_20260316T154747_20260316T154812_063654_080064_6B83_COG"
        ],
        "sourceSceneCount": 3,
        "floodProbability": 0.488,
        "confidence": 0.634,
        "classification": "possible_flood",
        "vvMean": 69.43,
        "vhMean": 37.54,
        "method": "sentinel1-multiscene-hybrid-v3",
        "georeference": "copernicus-stac-bbox-linearized"
      },
      "geometry": {
        "type": "Polygon",
        "coordinates": [
          [
            [
              37.293625,
              -2.641571428571429
            ],
            [
              37.2951875,
              -2.641571428571429
            ],
            [
              37.2951875,
              -2.6400238095238096
            ],
            [
              37.293625,
              -2.6400238095238096
            ],
            [
              37.293625,
              -2.641571428571429
            ]
          ]
        ]
      }
    },
    {
      "type": "Feature",
      "properties": {
        "cellId": "s1-duringFlooding-11-44",
        "window": "duringFlooding",
        "observedAt": "2026-03-16T15:47:47.961154Z",
        "sceneId": "S1A_IW_GRDH_1SDV_20260309T155545_20260309T155610_063552_07FC94_E210_COG,S1C_IW_GRDH_1SDV_20260312T031130_20260312T031155_006725_00D94D_F15F_COG,S1A_IW_GRDH_1SDV_20260316T154747_20260316T154812_063654_080064_6B83_COG",
        "sceneIds": [
          "S1A_IW_GRDH_1SDV_20260309T155545_20260309T155610_063552_07FC94_E210_COG",
          "S1C_IW_GRDH_1SDV_20260312T031130_20260312T031155_006725_00D94D_F15F_COG",
          "S1A_IW_GRDH_1SDV_20260316T154747_20260316T154812_063654_080064_6B83_COG"
        ],
        "sourceSceneCount": 3,
        "floodProbability": 0.462,
        "confidence": 0.65,
        "classification": "possible_flood",
        "vvMean": 74.81,
        "vhMean": 37.96,
        "method": "sentinel1-multiscene-hybrid-v3",
        "georeference": "copernicus-stac-bbox-linearized"
      },
      "geometry": {
        "type": "Polygon",
        "coordinates": [
          [
            [
              37.296749999999996,
              -2.641571428571429
            ],
            [
              37.298312499999994,
              -2.641571428571429
            ],
            [
              37.298312499999994,
              -2.6400238095238096
            ],
            [
              37.296749999999996,
              -2.6400238095238096
            ],
            [
              37.296749999999996,
              -2.641571428571429
            ]
          ]
        ]
      }
    },
    {
      "type": "Feature",
      "properties": {
        "cellId": "s1-duringFlooding-12-20",
        "window": "duringFlooding",
        "observedAt": "2026-03-16T15:47:47.961154Z",
        "sceneId": "S1A_IW_GRDH_1SDV_20260309T155545_20260309T155610_063552_07FC94_E210_COG,S1C_IW_GRDH_1SDV_20260312T031130_20260312T031155_006725_00D94D_F15F_COG,S1A_IW_GRDH_1SDV_20260316T154747_20260316T154812_063654_080064_6B83_COG",
        "sceneIds": [
          "S1A_IW_GRDH_1SDV_20260309T155545_20260309T155610_063552_07FC94_E210_COG",
          "S1C_IW_GRDH_1SDV_20260312T031130_20260312T031155_006725_00D94D_F15F_COG",
          "S1A_IW_GRDH_1SDV_20260316T154747_20260316T154812_063654_080064_6B83_COG"
        ],
        "sourceSceneCount": 3,
        "floodProbability": 0.453,
        "confidence": 0.656,
        "classification": "possible_flood",
        "vvMean": 85.16,
        "vhMean": 35.27,
        "method": "sentinel1-multiscene-hybrid-v3",
        "georeference": "copernicus-stac-bbox-linearized"
      },
      "geometry": {
        "type": "Polygon",
        "coordinates": [
          [
            [
              37.25925,
              -2.643119047619048
            ],
            [
              37.2608125,
              -2.643119047619048
            ],
            [
              37.2608125,
              -2.641571428571429
            ],
            [
              37.25925,
              -2.641571428571429
            ],
            [
              37.25925,
              -2.643119047619048
            ]
          ]
        ]
      }
    },
    {
      "type": "Feature",
      "properties": {
        "cellId": "s1-duringFlooding-12-21",
        "window": "duringFlooding",
        "observedAt": "2026-03-16T15:47:47.961154Z",
        "sceneId": "S1A_IW_GRDH_1SDV_20260309T155545_20260309T155610_063552_07FC94_E210_COG,S1C_IW_GRDH_1SDV_20260312T031130_20260312T031155_006725_00D94D_F15F_COG,S1A_IW_GRDH_1SDV_20260316T154747_20260316T154812_063654_080064_6B83_COG",
        "sceneIds": [
          "S1A_IW_GRDH_1SDV_20260309T155545_20260309T155610_063552_07FC94_E210_COG",
          "S1C_IW_GRDH_1SDV_20260312T031130_20260312T031155_006725_00D94D_F15F_COG",
          "S1A_IW_GRDH_1SDV_20260316T154747_20260316T154812_063654_080064_6B83_COG"
        ],
        "sourceSceneCount": 3,
        "floodProbability": 0.589,
        "confidence": 0.682,
        "classification": "probable_flood",
        "vvMean": 62.87,
        "vhMean": 35.13,
        "method": "sentinel1-multiscene-hybrid-v3",
        "georeference": "copernicus-stac-bbox-linearized"
      },
      "geometry": {
        "type": "Polygon",
        "coordinates": [
          [
            [
              37.2608125,
              -2.643119047619048
            ],
            [
              37.262375,
              -2.643119047619048
            ],
            [
              37.262375,
              -2.641571428571429
            ],
            [
              37.2608125,
              -2.641571428571429
            ],
            [
              37.2608125,
              -2.643119047619048
            ]
          ]
        ]
      }
    },
    {
      "type": "Feature",
      "properties": {
        "cellId": "s1-duringFlooding-12-22",
        "window": "duringFlooding",
        "observedAt": "2026-03-16T15:47:47.961154Z",
        "sceneId": "S1A_IW_GRDH_1SDV_20260309T155545_20260309T155610_063552_07FC94_E210_COG,S1C_IW_GRDH_1SDV_20260312T031130_20260312T031155_006725_00D94D_F15F_COG,S1A_IW_GRDH_1SDV_20260316T154747_20260316T154812_063654_080064_6B83_COG",
        "sceneIds": [
          "S1A_IW_GRDH_1SDV_20260309T155545_20260309T155610_063552_07FC94_E210_COG",
          "S1C_IW_GRDH_1SDV_20260312T031130_20260312T031155_006725_00D94D_F15F_COG",
          "S1A_IW_GRDH_1SDV_20260316T154747_20260316T154812_063654_080064_6B83_COG"
        ],
        "sourceSceneCount": 3,
        "floodProbability": 0.509,
        "confidence": 0.633,
        "classification": "possible_flood",
        "vvMean": 76.56,
        "vhMean": 40.37,
        "method": "sentinel1-multiscene-hybrid-v3",
        "georeference": "copernicus-stac-bbox-linearized"
      },
      "geometry": {
        "type": "Polygon",
        "coordinates": [
          [
            [
              37.262375,
              -2.643119047619048
            ],
            [
              37.2639375,
              -2.643119047619048
            ],
            [
              37.2639375,
              -2.641571428571429
            ],
            [
              37.262375,
              -2.641571428571429
            ],
            [
              37.262375,
              -2.643119047619048
            ]
          ]
        ]
      }
    },
    {
      "type": "Feature",
      "properties": {
        "cellId": "s1-duringFlooding-12-41",
        "window": "duringFlooding",
        "observedAt": "2026-03-16T15:47:47.961154Z",
        "sceneId": "S1A_IW_GRDH_1SDV_20260309T155545_20260309T155610_063552_07FC94_E210_COG,S1C_IW_GRDH_1SDV_20260312T031130_20260312T031155_006725_00D94D_F15F_COG,S1A_IW_GRDH_1SDV_20260316T154747_20260316T154812_063654_080064_6B83_COG",
        "sceneIds": [
          "S1A_IW_GRDH_1SDV_20260309T155545_20260309T155610_063552_07FC94_E210_COG",
          "S1C_IW_GRDH_1SDV_20260312T031130_20260312T031155_006725_00D94D_F15F_COG",
          "S1A_IW_GRDH_1SDV_20260316T154747_20260316T154812_063654_080064_6B83_COG"
        ],
        "sourceSceneCount": 3,
        "floodProbability": 0.486,
        "confidence": 0.635,
        "classification": "possible_flood",
        "vvMean": 74.3,
        "vhMean": 36.19,
        "method": "sentinel1-multiscene-hybrid-v3",
        "georeference": "copernicus-stac-bbox-linearized"
      },
      "geometry": {
        "type": "Polygon",
        "coordinates": [
          [
            [
              37.2920625,
              -2.643119047619048
            ],
            [
              37.293625,
              -2.643119047619048
            ],
            [
              37.293625,
              -2.641571428571429
            ],
            [
              37.2920625,
              -2.641571428571429
            ],
            [
              37.2920625,
              -2.643119047619048
            ]
          ]
        ]
      }
    },
    {
      "type": "Feature",
      "properties": {
        "cellId": "s1-duringFlooding-13-19",
        "window": "duringFlooding",
        "observedAt": "2026-03-16T15:47:47.961154Z",
        "sceneId": "S1A_IW_GRDH_1SDV_20260309T155545_20260309T155610_063552_07FC94_E210_COG,S1C_IW_GRDH_1SDV_20260312T031130_20260312T031155_006725_00D94D_F15F_COG,S1A_IW_GRDH_1SDV_20260316T154747_20260316T154812_063654_080064_6B83_COG",
        "sceneIds": [
          "S1A_IW_GRDH_1SDV_20260309T155545_20260309T155610_063552_07FC94_E210_COG",
          "S1C_IW_GRDH_1SDV_20260312T031130_20260312T031155_006725_00D94D_F15F_COG",
          "S1A_IW_GRDH_1SDV_20260316T154747_20260316T154812_063654_080064_6B83_COG"
        ],
        "sourceSceneCount": 3,
        "floodProbability": 0.494,
        "confidence": 0.63,
        "classification": "possible_flood",
        "vvMean": 67.88,
        "vhMean": 39.62,
        "method": "sentinel1-multiscene-hybrid-v3",
        "georeference": "copernicus-stac-bbox-linearized"
      },
      "geometry": {
        "type": "Polygon",
        "coordinates": [
          [
            [
              37.2576875,
              -2.6446666666666667
            ],
            [
              37.25925,
              -2.6446666666666667
            ],
            [
              37.25925,
              -2.643119047619048
            ],
            [
              37.2576875,
              -2.643119047619048
            ],
            [
              37.2576875,
              -2.6446666666666667
            ]
          ]
        ]
      }
    },
    {
      "type": "Feature",
      "properties": {
        "cellId": "s1-duringFlooding-13-21",
        "window": "duringFlooding",
        "observedAt": "2026-03-16T15:47:47.961154Z",
        "sceneId": "S1A_IW_GRDH_1SDV_20260309T155545_20260309T155610_063552_07FC94_E210_COG,S1C_IW_GRDH_1SDV_20260312T031130_20260312T031155_006725_00D94D_F15F_COG,S1A_IW_GRDH_1SDV_20260316T154747_20260316T154812_063654_080064_6B83_COG",
        "sceneIds": [
          "S1A_IW_GRDH_1SDV_20260309T155545_20260309T155610_063552_07FC94_E210_COG",
          "S1C_IW_GRDH_1SDV_20260312T031130_20260312T031155_006725_00D94D_F15F_COG",
          "S1A_IW_GRDH_1SDV_20260316T154747_20260316T154812_063654_080064_6B83_COG"
        ],
        "sourceSceneCount": 3,
        "floodProbability": 0.573,
        "confidence": 0.672,
        "classification": "probable_flood",
        "vvMean": 62.96,
        "vhMean": 31.77,
        "method": "sentinel1-multiscene-hybrid-v3",
        "georeference": "copernicus-stac-bbox-linearized"
      },
      "geometry": {
        "type": "Polygon",
        "coordinates": [
          [
            [
              37.2608125,
              -2.6446666666666667
            ],
            [
              37.262375,
              -2.6446666666666667
            ],
            [
              37.262375,
              -2.643119047619048
            ],
            [
              37.2608125,
              -2.643119047619048
            ],
            [
              37.2608125,
              -2.6446666666666667
            ]
          ]
        ]
      }
    },
    {
      "type": "Feature",
      "properties": {
        "cellId": "s1-duringFlooding-13-22",
        "window": "duringFlooding",
        "observedAt": "2026-03-16T15:47:47.961154Z",
        "sceneId": "S1A_IW_GRDH_1SDV_20260309T155545_20260309T155610_063552_07FC94_E210_COG,S1C_IW_GRDH_1SDV_20260312T031130_20260312T031155_006725_00D94D_F15F_COG,S1A_IW_GRDH_1SDV_20260316T154747_20260316T154812_063654_080064_6B83_COG",
        "sceneIds": [
          "S1A_IW_GRDH_1SDV_20260309T155545_20260309T155610_063552_07FC94_E210_COG",
          "S1C_IW_GRDH_1SDV_20260312T031130_20260312T031155_006725_00D94D_F15F_COG",
          "S1A_IW_GRDH_1SDV_20260316T154747_20260316T154812_063654_080064_6B83_COG"
        ],
        "sourceSceneCount": 3,
        "floodProbability": 0.475,
        "confidence": 0.642,
        "classification": "possible_flood",
        "vvMean": 69.26,
        "vhMean": 39.48,
        "method": "sentinel1-multiscene-hybrid-v3",
        "georeference": "copernicus-stac-bbox-linearized"
      },
      "geometry": {
        "type": "Polygon",
        "coordinates": [
          [
            [
              37.262375,
              -2.6446666666666667
            ],
            [
              37.2639375,
              -2.6446666666666667
            ],
            [
              37.2639375,
              -2.643119047619048
            ],
            [
              37.262375,
              -2.643119047619048
            ],
            [
              37.262375,
              -2.6446666666666667
            ]
          ]
        ]
      }
    },
    {
      "type": "Feature",
      "properties": {
        "cellId": "s1-duringFlooding-13-39",
        "window": "duringFlooding",
        "observedAt": "2026-03-16T15:47:47.961154Z",
        "sceneId": "S1A_IW_GRDH_1SDV_20260309T155545_20260309T155610_063552_07FC94_E210_COG,S1C_IW_GRDH_1SDV_20260312T031130_20260312T031155_006725_00D94D_F15F_COG,S1A_IW_GRDH_1SDV_20260316T154747_20260316T154812_063654_080064_6B83_COG",
        "sceneIds": [
          "S1A_IW_GRDH_1SDV_20260309T155545_20260309T155610_063552_07FC94_E210_COG",
          "S1C_IW_GRDH_1SDV_20260312T031130_20260312T031155_006725_00D94D_F15F_COG",
          "S1A_IW_GRDH_1SDV_20260316T154747_20260316T154812_063654_080064_6B83_COG"
        ],
        "sourceSceneCount": 3,
        "floodProbability": 0.48,
        "confidence": 0.639,
        "classification": "possible_flood",
        "vvMean": 73.94,
        "vhMean": 38.87,
        "method": "sentinel1-multiscene-hybrid-v3",
        "georeference": "copernicus-stac-bbox-linearized"
      },
      "geometry": {
        "type": "Polygon",
        "coordinates": [
          [
            [
              37.288937499999996,
              -2.6446666666666667
            ],
            [
              37.290499999999994,
              -2.6446666666666667
            ],
            [
              37.290499999999994,
              -2.643119047619048
            ],
            [
              37.288937499999996,
              -2.643119047619048
            ],
            [
              37.288937499999996,
              -2.6446666666666667
            ]
          ]
        ]
      }
    },
    {
      "type": "Feature",
      "properties": {
        "cellId": "s1-duringFlooding-13-40",
        "window": "duringFlooding",
        "observedAt": "2026-03-16T15:47:47.961154Z",
        "sceneId": "S1A_IW_GRDH_1SDV_20260309T155545_20260309T155610_063552_07FC94_E210_COG,S1C_IW_GRDH_1SDV_20260312T031130_20260312T031155_006725_00D94D_F15F_COG,S1A_IW_GRDH_1SDV_20260316T154747_20260316T154812_063654_080064_6B83_COG",
        "sceneIds": [
          "S1A_IW_GRDH_1SDV_20260309T155545_20260309T155610_063552_07FC94_E210_COG",
          "S1C_IW_GRDH_1SDV_20260312T031130_20260312T031155_006725_00D94D_F15F_COG",
          "S1A_IW_GRDH_1SDV_20260316T154747_20260316T154812_063654_080064_6B83_COG"
        ],
        "sourceSceneCount": 3,
        "floodProbability": 0.461,
        "confidence": 0.651,
        "classification": "possible_flood",
        "vvMean": 72.81,
        "vhMean": 36.29,
        "method": "sentinel1-multiscene-hybrid-v3",
        "georeference": "copernicus-stac-bbox-linearized"
      },
      "geometry": {
        "type": "Polygon",
        "coordinates": [
          [
            [
              37.290499999999994,
              -2.6446666666666667
            ],
            [
              37.2920625,
              -2.6446666666666667
            ],
            [
              37.2920625,
              -2.643119047619048
            ],
            [
              37.290499999999994,
              -2.643119047619048
            ],
            [
              37.290499999999994,
              -2.6446666666666667
            ]
          ]
        ]
      }
    },
    {
      "type": "Feature",
      "properties": {
        "cellId": "s1-duringFlooding-14-22",
        "window": "duringFlooding",
        "observedAt": "2026-03-16T15:47:47.961154Z",
        "sceneId": "S1A_IW_GRDH_1SDV_20260309T155545_20260309T155610_063552_07FC94_E210_COG,S1C_IW_GRDH_1SDV_20260312T031130_20260312T031155_006725_00D94D_F15F_COG,S1A_IW_GRDH_1SDV_20260316T154747_20260316T154812_063654_080064_6B83_COG",
        "sceneIds": [
          "S1A_IW_GRDH_1SDV_20260309T155545_20260309T155610_063552_07FC94_E210_COG",
          "S1C_IW_GRDH_1SDV_20260312T031130_20260312T031155_006725_00D94D_F15F_COG",
          "S1A_IW_GRDH_1SDV_20260316T154747_20260316T154812_063654_080064_6B83_COG"
        ],
        "sourceSceneCount": 3,
        "floodProbability": 0.533,
        "confidence": 0.648,
        "classification": "probable_flood",
        "vvMean": 60.44,
        "vhMean": 32.99,
        "method": "sentinel1-multiscene-hybrid-v3",
        "georeference": "copernicus-stac-bbox-linearized"
      },
      "geometry": {
        "type": "Polygon",
        "coordinates": [
          [
            [
              37.262375,
              -2.646214285714286
            ],
            [
              37.2639375,
              -2.646214285714286
            ],
            [
              37.2639375,
              -2.6446666666666667
            ],
            [
              37.262375,
              -2.6446666666666667
            ],
            [
              37.262375,
              -2.646214285714286
            ]
          ]
        ]
      }
    },
    {
      "type": "Feature",
      "properties": {
        "cellId": "s1-duringFlooding-14-23",
        "window": "duringFlooding",
        "observedAt": "2026-03-16T15:47:47.961154Z",
        "sceneId": "S1A_IW_GRDH_1SDV_20260309T155545_20260309T155610_063552_07FC94_E210_COG,S1C_IW_GRDH_1SDV_20260312T031130_20260312T031155_006725_00D94D_F15F_COG,S1A_IW_GRDH_1SDV_20260316T154747_20260316T154812_063654_080064_6B83_COG",
        "sceneIds": [
          "S1A_IW_GRDH_1SDV_20260309T155545_20260309T155610_063552_07FC94_E210_COG",
          "S1C_IW_GRDH_1SDV_20260312T031130_20260312T031155_006725_00D94D_F15F_COG",
          "S1A_IW_GRDH_1SDV_20260316T154747_20260316T154812_063654_080064_6B83_COG"
        ],
        "sourceSceneCount": 3,
        "floodProbability": 0.457,
        "confidence": 0.654,
        "classification": "possible_flood",
        "vvMean": 75.94,
        "vhMean": 38.86,
        "method": "sentinel1-multiscene-hybrid-v3",
        "georeference": "copernicus-stac-bbox-linearized"
      },
      "geometry": {
        "type": "Polygon",
        "coordinates": [
          [
            [
              37.2639375,
              -2.646214285714286
            ],
            [
              37.2655,
              -2.646214285714286
            ],
            [
              37.2655,
              -2.6446666666666667
            ],
            [
              37.2639375,
              -2.6446666666666667
            ],
            [
              37.2639375,
              -2.646214285714286
            ]
          ]
        ]
      }
    },
    {
      "type": "Feature",
      "properties": {
        "cellId": "s1-duringFlooding-14-28",
        "window": "duringFlooding",
        "observedAt": "2026-03-16T15:47:47.961154Z",
        "sceneId": "S1A_IW_GRDH_1SDV_20260309T155545_20260309T155610_063552_07FC94_E210_COG,S1C_IW_GRDH_1SDV_20260312T031130_20260312T031155_006725_00D94D_F15F_COG,S1A_IW_GRDH_1SDV_20260316T154747_20260316T154812_063654_080064_6B83_COG",
        "sceneIds": [
          "S1A_IW_GRDH_1SDV_20260309T155545_20260309T155610_063552_07FC94_E210_COG",
          "S1C_IW_GRDH_1SDV_20260312T031130_20260312T031155_006725_00D94D_F15F_COG",
          "S1A_IW_GRDH_1SDV_20260316T154747_20260316T154812_063654_080064_6B83_COG"
        ],
        "sourceSceneCount": 3,
        "floodProbability": 0.473,
        "confidence": 0.644,
        "classification": "possible_flood",
        "vvMean": 79.39,
        "vhMean": 40.24,
        "method": "sentinel1-multiscene-hybrid-v3",
        "georeference": "copernicus-stac-bbox-linearized"
      },
      "geometry": {
        "type": "Polygon",
        "coordinates": [
          [
            [
              37.27175,
              -2.646214285714286
            ],
            [
              37.273312499999996,
              -2.646214285714286
            ],
            [
              37.273312499999996,
              -2.6446666666666667
            ],
            [
              37.27175,
              -2.6446666666666667
            ],
            [
              37.27175,
              -2.646214285714286
            ]
          ]
        ]
      }
    },
    {
      "type": "Feature",
      "properties": {
        "cellId": "s1-duringFlooding-14-39",
        "window": "duringFlooding",
        "observedAt": "2026-03-16T15:47:47.961154Z",
        "sceneId": "S1A_IW_GRDH_1SDV_20260309T155545_20260309T155610_063552_07FC94_E210_COG,S1C_IW_GRDH_1SDV_20260312T031130_20260312T031155_006725_00D94D_F15F_COG,S1A_IW_GRDH_1SDV_20260316T154747_20260316T154812_063654_080064_6B83_COG",
        "sceneIds": [
          "S1A_IW_GRDH_1SDV_20260309T155545_20260309T155610_063552_07FC94_E210_COG",
          "S1C_IW_GRDH_1SDV_20260312T031130_20260312T031155_006725_00D94D_F15F_COG",
          "S1A_IW_GRDH_1SDV_20260316T154747_20260316T154812_063654_080064_6B83_COG"
        ],
        "sourceSceneCount": 3,
        "floodProbability": 0.477,
        "confidence": 0.641,
        "classification": "possible_flood",
        "vvMean": 69.04,
        "vhMean": 36.56,
        "method": "sentinel1-multiscene-hybrid-v3",
        "georeference": "copernicus-stac-bbox-linearized"
      },
      "geometry": {
        "type": "Polygon",
        "coordinates": [
          [
            [
              37.288937499999996,
              -2.646214285714286
            ],
            [
              37.290499999999994,
              -2.646214285714286
            ],
            [
              37.290499999999994,
              -2.6446666666666667
            ],
            [
              37.288937499999996,
              -2.6446666666666667
            ],
            [
              37.288937499999996,
              -2.646214285714286
            ]
          ]
        ]
      }
    },
    {
      "type": "Feature",
      "properties": {
        "cellId": "s1-duringFlooding-14-40",
        "window": "duringFlooding",
        "observedAt": "2026-03-16T15:47:47.961154Z",
        "sceneId": "S1A_IW_GRDH_1SDV_20260309T155545_20260309T155610_063552_07FC94_E210_COG,S1C_IW_GRDH_1SDV_20260312T031130_20260312T031155_006725_00D94D_F15F_COG,S1A_IW_GRDH_1SDV_20260316T154747_20260316T154812_063654_080064_6B83_COG",
        "sceneIds": [
          "S1A_IW_GRDH_1SDV_20260309T155545_20260309T155610_063552_07FC94_E210_COG",
          "S1C_IW_GRDH_1SDV_20260312T031130_20260312T031155_006725_00D94D_F15F_COG",
          "S1A_IW_GRDH_1SDV_20260316T154747_20260316T154812_063654_080064_6B83_COG"
        ],
        "sourceSceneCount": 3,
        "floodProbability": 0.485,
        "confidence": 0.636,
        "classification": "possible_flood",
        "vvMean": 73.24,
        "vhMean": 39.01,
        "method": "sentinel1-multiscene-hybrid-v3",
        "georeference": "copernicus-stac-bbox-linearized"
      },
      "geometry": {
        "type": "Polygon",
        "coordinates": [
          [
            [
              37.290499999999994,
              -2.646214285714286
            ],
            [
              37.2920625,
              -2.646214285714286
            ],
            [
              37.2920625,
              -2.6446666666666667
            ],
            [
              37.290499999999994,
              -2.6446666666666667
            ],
            [
              37.290499999999994,
              -2.646214285714286
            ]
          ]
        ]
      }
    },
    {
      "type": "Feature",
      "properties": {
        "cellId": "s1-duringFlooding-14-41",
        "window": "duringFlooding",
        "observedAt": "2026-03-16T15:47:47.961154Z",
        "sceneId": "S1A_IW_GRDH_1SDV_20260309T155545_20260309T155610_063552_07FC94_E210_COG,S1C_IW_GRDH_1SDV_20260312T031130_20260312T031155_006725_00D94D_F15F_COG,S1A_IW_GRDH_1SDV_20260316T154747_20260316T154812_063654_080064_6B83_COG",
        "sceneIds": [
          "S1A_IW_GRDH_1SDV_20260309T155545_20260309T155610_063552_07FC94_E210_COG",
          "S1C_IW_GRDH_1SDV_20260312T031130_20260312T031155_006725_00D94D_F15F_COG",
          "S1A_IW_GRDH_1SDV_20260316T154747_20260316T154812_063654_080064_6B83_COG"
        ],
        "sourceSceneCount": 3,
        "floodProbability": 0.484,
        "confidence": 0.637,
        "classification": "possible_flood",
        "vvMean": 69.44,
        "vhMean": 36.29,
        "method": "sentinel1-multiscene-hybrid-v3",
        "georeference": "copernicus-stac-bbox-linearized"
      },
      "geometry": {
        "type": "Polygon",
        "coordinates": [
          [
            [
              37.2920625,
              -2.646214285714286
            ],
            [
              37.293625,
              -2.646214285714286
            ],
            [
              37.293625,
              -2.6446666666666667
            ],
            [
              37.2920625,
              -2.6446666666666667
            ],
            [
              37.2920625,
              -2.646214285714286
            ]
          ]
        ]
      }
    },
    {
      "type": "Feature",
      "properties": {
        "cellId": "s1-duringFlooding-15-23",
        "window": "duringFlooding",
        "observedAt": "2026-03-16T15:47:47.961154Z",
        "sceneId": "S1A_IW_GRDH_1SDV_20260309T155545_20260309T155610_063552_07FC94_E210_COG,S1C_IW_GRDH_1SDV_20260312T031130_20260312T031155_006725_00D94D_F15F_COG,S1A_IW_GRDH_1SDV_20260316T154747_20260316T154812_063654_080064_6B83_COG",
        "sceneIds": [
          "S1A_IW_GRDH_1SDV_20260309T155545_20260309T155610_063552_07FC94_E210_COG",
          "S1C_IW_GRDH_1SDV_20260312T031130_20260312T031155_006725_00D94D_F15F_COG",
          "S1A_IW_GRDH_1SDV_20260316T154747_20260316T154812_063654_080064_6B83_COG"
        ],
        "sourceSceneCount": 3,
        "floodProbability": 0.476,
        "confidence": 0.642,
        "classification": "possible_flood",
        "vvMean": 71.52,
        "vhMean": 38.04,
        "method": "sentinel1-multiscene-hybrid-v3",
        "georeference": "copernicus-stac-bbox-linearized"
      },
      "geometry": {
        "type": "Polygon",
        "coordinates": [
          [
            [
              37.2639375,
              -2.647761904761905
            ],
            [
              37.2655,
              -2.647761904761905
            ],
            [
              37.2655,
              -2.646214285714286
            ],
            [
              37.2639375,
              -2.646214285714286
            ],
            [
              37.2639375,
              -2.647761904761905
            ]
          ]
        ]
      }
    },
    {
      "type": "Feature",
      "properties": {
        "cellId": "s1-duringFlooding-15-24",
        "window": "duringFlooding",
        "observedAt": "2026-03-16T15:47:47.961154Z",
        "sceneId": "S1A_IW_GRDH_1SDV_20260309T155545_20260309T155610_063552_07FC94_E210_COG,S1C_IW_GRDH_1SDV_20260312T031130_20260312T031155_006725_00D94D_F15F_COG,S1A_IW_GRDH_1SDV_20260316T154747_20260316T154812_063654_080064_6B83_COG",
        "sceneIds": [
          "S1A_IW_GRDH_1SDV_20260309T155545_20260309T155610_063552_07FC94_E210_COG",
          "S1C_IW_GRDH_1SDV_20260312T031130_20260312T031155_006725_00D94D_F15F_COG",
          "S1A_IW_GRDH_1SDV_20260316T154747_20260316T154812_063654_080064_6B83_COG"
        ],
        "sourceSceneCount": 3,
        "floodProbability": 0.569,
        "confidence": 0.67,
        "classification": "probable_flood",
        "vvMean": 68.01,
        "vhMean": 32.56,
        "method": "sentinel1-multiscene-hybrid-v3",
        "georeference": "copernicus-stac-bbox-linearized"
      },
      "geometry": {
        "type": "Polygon",
        "coordinates": [
          [
            [
              37.2655,
              -2.647761904761905
            ],
            [
              37.2670625,
              -2.647761904761905
            ],
            [
              37.2670625,
              -2.646214285714286
            ],
            [
              37.2655,
              -2.646214285714286
            ],
            [
              37.2655,
              -2.647761904761905
            ]
          ]
        ]
      }
    },
    {
      "type": "Feature",
      "properties": {
        "cellId": "s1-duringFlooding-15-25",
        "window": "duringFlooding",
        "observedAt": "2026-03-16T15:47:47.961154Z",
        "sceneId": "S1A_IW_GRDH_1SDV_20260309T155545_20260309T155610_063552_07FC94_E210_COG,S1C_IW_GRDH_1SDV_20260312T031130_20260312T031155_006725_00D94D_F15F_COG,S1A_IW_GRDH_1SDV_20260316T154747_20260316T154812_063654_080064_6B83_COG",
        "sceneIds": [
          "S1A_IW_GRDH_1SDV_20260309T155545_20260309T155610_063552_07FC94_E210_COG",
          "S1C_IW_GRDH_1SDV_20260312T031130_20260312T031155_006725_00D94D_F15F_COG",
          "S1A_IW_GRDH_1SDV_20260316T154747_20260316T154812_063654_080064_6B83_COG"
        ],
        "sourceSceneCount": 3,
        "floodProbability": 0.488,
        "confidence": 0.634,
        "classification": "possible_flood",
        "vvMean": 73.88,
        "vhMean": 34.36,
        "method": "sentinel1-multiscene-hybrid-v3",
        "georeference": "copernicus-stac-bbox-linearized"
      },
      "geometry": {
        "type": "Polygon",
        "coordinates": [
          [
            [
              37.2670625,
              -2.647761904761905
            ],
            [
              37.268625,
              -2.647761904761905
            ],
            [
              37.268625,
              -2.646214285714286
            ],
            [
              37.2670625,
              -2.646214285714286
            ],
            [
              37.2670625,
              -2.647761904761905
            ]
          ]
        ]
      }
    },
    {
      "type": "Feature",
      "properties": {
        "cellId": "s1-duringFlooding-15-26",
        "window": "duringFlooding",
        "observedAt": "2026-03-16T15:47:47.961154Z",
        "sceneId": "S1A_IW_GRDH_1SDV_20260309T155545_20260309T155610_063552_07FC94_E210_COG,S1C_IW_GRDH_1SDV_20260312T031130_20260312T031155_006725_00D94D_F15F_COG,S1A_IW_GRDH_1SDV_20260316T154747_20260316T154812_063654_080064_6B83_COG",
        "sceneIds": [
          "S1A_IW_GRDH_1SDV_20260309T155545_20260309T155610_063552_07FC94_E210_COG",
          "S1C_IW_GRDH_1SDV_20260312T031130_20260312T031155_006725_00D94D_F15F_COG",
          "S1A_IW_GRDH_1SDV_20260316T154747_20260316T154812_063654_080064_6B83_COG"
        ],
        "sourceSceneCount": 3,
        "floodProbability": 0.469,
        "confidence": 0.646,
        "classification": "possible_flood",
        "vvMean": 69.14,
        "vhMean": 38.18,
        "method": "sentinel1-multiscene-hybrid-v3",
        "georeference": "copernicus-stac-bbox-linearized"
      },
      "geometry": {
        "type": "Polygon",
        "coordinates": [
          [
            [
              37.268625,
              -2.647761904761905
            ],
            [
              37.2701875,
              -2.647761904761905
            ],
            [
              37.2701875,
              -2.646214285714286
            ],
            [
              37.268625,
              -2.646214285714286
            ],
            [
              37.268625,
              -2.647761904761905
            ]
          ]
        ]
      }
    },
    {
      "type": "Feature",
      "properties": {
        "cellId": "s1-duringFlooding-15-28",
        "window": "duringFlooding",
        "observedAt": "2026-03-16T15:47:47.961154Z",
        "sceneId": "S1A_IW_GRDH_1SDV_20260309T155545_20260309T155610_063552_07FC94_E210_COG,S1C_IW_GRDH_1SDV_20260312T031130_20260312T031155_006725_00D94D_F15F_COG,S1A_IW_GRDH_1SDV_20260316T154747_20260316T154812_063654_080064_6B83_COG",
        "sceneIds": [
          "S1A_IW_GRDH_1SDV_20260309T155545_20260309T155610_063552_07FC94_E210_COG",
          "S1C_IW_GRDH_1SDV_20260312T031130_20260312T031155_006725_00D94D_F15F_COG",
          "S1A_IW_GRDH_1SDV_20260316T154747_20260316T154812_063654_080064_6B83_COG"
        ],
        "sourceSceneCount": 3,
        "floodProbability": 0.502,
        "confidence": 0.628,
        "classification": "possible_flood",
        "vvMean": 67.72,
        "vhMean": 37.53,
        "method": "sentinel1-multiscene-hybrid-v3",
        "georeference": "copernicus-stac-bbox-linearized"
      },
      "geometry": {
        "type": "Polygon",
        "coordinates": [
          [
            [
              37.27175,
              -2.647761904761905
            ],
            [
              37.273312499999996,
              -2.647761904761905
            ],
            [
              37.273312499999996,
              -2.646214285714286
            ],
            [
              37.27175,
              -2.646214285714286
            ],
            [
              37.27175,
              -2.647761904761905
            ]
          ]
        ]
      }
    },
    {
      "type": "Feature",
      "properties": {
        "cellId": "s1-duringFlooding-15-35",
        "window": "duringFlooding",
        "observedAt": "2026-03-16T15:47:47.961154Z",
        "sceneId": "S1A_IW_GRDH_1SDV_20260309T155545_20260309T155610_063552_07FC94_E210_COG,S1C_IW_GRDH_1SDV_20260312T031130_20260312T031155_006725_00D94D_F15F_COG,S1A_IW_GRDH_1SDV_20260316T154747_20260316T154812_063654_080064_6B83_COG",
        "sceneIds": [
          "S1A_IW_GRDH_1SDV_20260309T155545_20260309T155610_063552_07FC94_E210_COG",
          "S1C_IW_GRDH_1SDV_20260312T031130_20260312T031155_006725_00D94D_F15F_COG",
          "S1A_IW_GRDH_1SDV_20260316T154747_20260316T154812_063654_080064_6B83_COG"
        ],
        "sourceSceneCount": 3,
        "floodProbability": 0.51,
        "confidence": 0.633,
        "classification": "possible_flood",
        "vvMean": 64.72,
        "vhMean": 34.35,
        "method": "sentinel1-multiscene-hybrid-v3",
        "georeference": "copernicus-stac-bbox-linearized"
      },
      "geometry": {
        "type": "Polygon",
        "coordinates": [
          [
            [
              37.2826875,
              -2.647761904761905
            ],
            [
              37.28425,
              -2.647761904761905
            ],
            [
              37.28425,
              -2.646214285714286
            ],
            [
              37.2826875,
              -2.646214285714286
            ],
            [
              37.2826875,
              -2.647761904761905
            ]
          ]
        ]
      }
    },
    {
      "type": "Feature",
      "properties": {
        "cellId": "s1-duringFlooding-15-36",
        "window": "duringFlooding",
        "observedAt": "2026-03-16T15:47:47.961154Z",
        "sceneId": "S1A_IW_GRDH_1SDV_20260309T155545_20260309T155610_063552_07FC94_E210_COG,S1C_IW_GRDH_1SDV_20260312T031130_20260312T031155_006725_00D94D_F15F_COG,S1A_IW_GRDH_1SDV_20260316T154747_20260316T154812_063654_080064_6B83_COG",
        "sceneIds": [
          "S1A_IW_GRDH_1SDV_20260309T155545_20260309T155610_063552_07FC94_E210_COG",
          "S1C_IW_GRDH_1SDV_20260312T031130_20260312T031155_006725_00D94D_F15F_COG",
          "S1A_IW_GRDH_1SDV_20260316T154747_20260316T154812_063654_080064_6B83_COG"
        ],
        "sourceSceneCount": 3,
        "floodProbability": 0.459,
        "confidence": 0.653,
        "classification": "possible_flood",
        "vvMean": 64.82,
        "vhMean": 37.56,
        "method": "sentinel1-multiscene-hybrid-v3",
        "georeference": "copernicus-stac-bbox-linearized"
      },
      "geometry": {
        "type": "Polygon",
        "coordinates": [
          [
            [
              37.28425,
              -2.647761904761905
            ],
            [
              37.2858125,
              -2.647761904761905
            ],
            [
              37.2858125,
              -2.646214285714286
            ],
            [
              37.28425,
              -2.646214285714286
            ],
            [
              37.28425,
              -2.647761904761905
            ]
          ]
        ]
      }
    },
    {
      "type": "Feature",
      "properties": {
        "cellId": "s1-duringFlooding-15-38",
        "window": "duringFlooding",
        "observedAt": "2026-03-16T15:47:47.961154Z",
        "sceneId": "S1A_IW_GRDH_1SDV_20260309T155545_20260309T155610_063552_07FC94_E210_COG,S1C_IW_GRDH_1SDV_20260312T031130_20260312T031155_006725_00D94D_F15F_COG,S1A_IW_GRDH_1SDV_20260316T154747_20260316T154812_063654_080064_6B83_COG",
        "sceneIds": [
          "S1A_IW_GRDH_1SDV_20260309T155545_20260309T155610_063552_07FC94_E210_COG",
          "S1C_IW_GRDH_1SDV_20260312T031130_20260312T031155_006725_00D94D_F15F_COG",
          "S1A_IW_GRDH_1SDV_20260316T154747_20260316T154812_063654_080064_6B83_COG"
        ],
        "sourceSceneCount": 3,
        "floodProbability": 0.468,
        "confidence": 0.647,
        "classification": "possible_flood",
        "vvMean": 70.05,
        "vhMean": 32.09,
        "method": "sentinel1-multiscene-hybrid-v3",
        "georeference": "copernicus-stac-bbox-linearized"
      },
      "geometry": {
        "type": "Polygon",
        "coordinates": [
          [
            [
              37.287375,
              -2.647761904761905
            ],
            [
              37.288937499999996,
              -2.647761904761905
            ],
            [
              37.288937499999996,
              -2.646214285714286
            ],
            [
              37.287375,
              -2.646214285714286
            ],
            [
              37.287375,
              -2.647761904761905
            ]
          ]
        ]
      }
    },
    {
      "type": "Feature",
      "properties": {
        "cellId": "s1-duringFlooding-15-40",
        "window": "duringFlooding",
        "observedAt": "2026-03-16T15:47:47.961154Z",
        "sceneId": "S1A_IW_GRDH_1SDV_20260309T155545_20260309T155610_063552_07FC94_E210_COG,S1C_IW_GRDH_1SDV_20260312T031130_20260312T031155_006725_00D94D_F15F_COG,S1A_IW_GRDH_1SDV_20260316T154747_20260316T154812_063654_080064_6B83_COG",
        "sceneIds": [
          "S1A_IW_GRDH_1SDV_20260309T155545_20260309T155610_063552_07FC94_E210_COG",
          "S1C_IW_GRDH_1SDV_20260312T031130_20260312T031155_006725_00D94D_F15F_COG",
          "S1A_IW_GRDH_1SDV_20260316T154747_20260316T154812_063654_080064_6B83_COG"
        ],
        "sourceSceneCount": 3,
        "floodProbability": 0.53,
        "confidence": 0.646,
        "classification": "probable_flood",
        "vvMean": 62.3,
        "vhMean": 32.89,
        "method": "sentinel1-multiscene-hybrid-v3",
        "georeference": "copernicus-stac-bbox-linearized"
      },
      "geometry": {
        "type": "Polygon",
        "coordinates": [
          [
            [
              37.290499999999994,
              -2.647761904761905
            ],
            [
              37.2920625,
              -2.647761904761905
            ],
            [
              37.2920625,
              -2.646214285714286
            ],
            [
              37.290499999999994,
              -2.646214285714286
            ],
            [
              37.290499999999994,
              -2.647761904761905
            ]
          ]
        ]
      }
    },
    {
      "type": "Feature",
      "properties": {
        "cellId": "s1-duringFlooding-15-42",
        "window": "duringFlooding",
        "observedAt": "2026-03-16T15:47:47.961154Z",
        "sceneId": "S1A_IW_GRDH_1SDV_20260309T155545_20260309T155610_063552_07FC94_E210_COG,S1C_IW_GRDH_1SDV_20260312T031130_20260312T031155_006725_00D94D_F15F_COG,S1A_IW_GRDH_1SDV_20260316T154747_20260316T154812_063654_080064_6B83_COG",
        "sceneIds": [
          "S1A_IW_GRDH_1SDV_20260309T155545_20260309T155610_063552_07FC94_E210_COG",
          "S1C_IW_GRDH_1SDV_20260312T031130_20260312T031155_006725_00D94D_F15F_COG",
          "S1A_IW_GRDH_1SDV_20260316T154747_20260316T154812_063654_080064_6B83_COG"
        ],
        "sourceSceneCount": 3,
        "floodProbability": 0.469,
        "confidence": 0.646,
        "classification": "possible_flood",
        "vvMean": 65.47,
        "vhMean": 39.62,
        "method": "sentinel1-multiscene-hybrid-v3",
        "georeference": "copernicus-stac-bbox-linearized"
      },
      "geometry": {
        "type": "Polygon",
        "coordinates": [
          [
            [
              37.293625,
              -2.647761904761905
            ],
            [
              37.2951875,
              -2.647761904761905
            ],
            [
              37.2951875,
              -2.646214285714286
            ],
            [
              37.293625,
              -2.646214285714286
            ],
            [
              37.293625,
              -2.647761904761905
            ]
          ]
        ]
      }
    },
    {
      "type": "Feature",
      "properties": {
        "cellId": "s1-duringFlooding-16-24",
        "window": "duringFlooding",
        "observedAt": "2026-03-16T15:47:47.961154Z",
        "sceneId": "S1A_IW_GRDH_1SDV_20260309T155545_20260309T155610_063552_07FC94_E210_COG,S1C_IW_GRDH_1SDV_20260312T031130_20260312T031155_006725_00D94D_F15F_COG,S1A_IW_GRDH_1SDV_20260316T154747_20260316T154812_063654_080064_6B83_COG",
        "sceneIds": [
          "S1A_IW_GRDH_1SDV_20260309T155545_20260309T155610_063552_07FC94_E210_COG",
          "S1C_IW_GRDH_1SDV_20260312T031130_20260312T031155_006725_00D94D_F15F_COG",
          "S1A_IW_GRDH_1SDV_20260316T154747_20260316T154812_063654_080064_6B83_COG"
        ],
        "sourceSceneCount": 3,
        "floodProbability": 0.453,
        "confidence": 0.656,
        "classification": "possible_flood",
        "vvMean": 78.96,
        "vhMean": 44.51,
        "method": "sentinel1-multiscene-hybrid-v3",
        "georeference": "copernicus-stac-bbox-linearized"
      },
      "geometry": {
        "type": "Polygon",
        "coordinates": [
          [
            [
              37.2655,
              -2.649309523809524
            ],
            [
              37.2670625,
              -2.649309523809524
            ],
            [
              37.2670625,
              -2.647761904761905
            ],
            [
              37.2655,
              -2.647761904761905
            ],
            [
              37.2655,
              -2.649309523809524
            ]
          ]
        ]
      }
    },
    {
      "type": "Feature",
      "properties": {
        "cellId": "s1-duringFlooding-16-27",
        "window": "duringFlooding",
        "observedAt": "2026-03-16T15:47:47.961154Z",
        "sceneId": "S1A_IW_GRDH_1SDV_20260309T155545_20260309T155610_063552_07FC94_E210_COG,S1C_IW_GRDH_1SDV_20260312T031130_20260312T031155_006725_00D94D_F15F_COG,S1A_IW_GRDH_1SDV_20260316T154747_20260316T154812_063654_080064_6B83_COG",
        "sceneIds": [
          "S1A_IW_GRDH_1SDV_20260309T155545_20260309T155610_063552_07FC94_E210_COG",
          "S1C_IW_GRDH_1SDV_20260312T031130_20260312T031155_006725_00D94D_F15F_COG",
          "S1A_IW_GRDH_1SDV_20260316T154747_20260316T154812_063654_080064_6B83_COG"
        ],
        "sourceSceneCount": 3,
        "floodProbability": 0.46,
        "confidence": 0.652,
        "classification": "possible_flood",
        "vvMean": 75.66,
        "vhMean": 37.77,
        "method": "sentinel1-multiscene-hybrid-v3",
        "georeference": "copernicus-stac-bbox-linearized"
      },
      "geometry": {
        "type": "Polygon",
        "coordinates": [
          [
            [
              37.2701875,
              -2.649309523809524
            ],
            [
              37.27175,
              -2.649309523809524
            ],
            [
              37.27175,
              -2.647761904761905
            ],
            [
              37.2701875,
              -2.647761904761905
            ],
            [
              37.2701875,
              -2.649309523809524
            ]
          ]
        ]
      }
    },
    {
      "type": "Feature",
      "properties": {
        "cellId": "s1-duringFlooding-16-30",
        "window": "duringFlooding",
        "observedAt": "2026-03-16T15:47:47.961154Z",
        "sceneId": "S1A_IW_GRDH_1SDV_20260309T155545_20260309T155610_063552_07FC94_E210_COG,S1C_IW_GRDH_1SDV_20260312T031130_20260312T031155_006725_00D94D_F15F_COG,S1A_IW_GRDH_1SDV_20260316T154747_20260316T154812_063654_080064_6B83_COG",
        "sceneIds": [
          "S1A_IW_GRDH_1SDV_20260309T155545_20260309T155610_063552_07FC94_E210_COG",
          "S1C_IW_GRDH_1SDV_20260312T031130_20260312T031155_006725_00D94D_F15F_COG",
          "S1A_IW_GRDH_1SDV_20260316T154747_20260316T154812_063654_080064_6B83_COG"
        ],
        "sourceSceneCount": 3,
        "floodProbability": 0.459,
        "confidence": 0.652,
        "classification": "possible_flood",
        "vvMean": 68.14,
        "vhMean": 37.92,
        "method": "sentinel1-multiscene-hybrid-v3",
        "georeference": "copernicus-stac-bbox-linearized"
      },
      "geometry": {
        "type": "Polygon",
        "coordinates": [
          [
            [
              37.274875,
              -2.649309523809524
            ],
            [
              37.2764375,
              -2.649309523809524
            ],
            [
              37.2764375,
              -2.647761904761905
            ],
            [
              37.274875,
              -2.647761904761905
            ],
            [
              37.274875,
              -2.649309523809524
            ]
          ]
        ]
      }
    },
    {
      "type": "Feature",
      "properties": {
        "cellId": "s1-duringFlooding-16-35",
        "window": "duringFlooding",
        "observedAt": "2026-03-16T15:47:47.961154Z",
        "sceneId": "S1A_IW_GRDH_1SDV_20260309T155545_20260309T155610_063552_07FC94_E210_COG,S1C_IW_GRDH_1SDV_20260312T031130_20260312T031155_006725_00D94D_F15F_COG,S1A_IW_GRDH_1SDV_20260316T154747_20260316T154812_063654_080064_6B83_COG",
        "sceneIds": [
          "S1A_IW_GRDH_1SDV_20260309T155545_20260309T155610_063552_07FC94_E210_COG",
          "S1C_IW_GRDH_1SDV_20260312T031130_20260312T031155_006725_00D94D_F15F_COG",
          "S1A_IW_GRDH_1SDV_20260316T154747_20260316T154812_063654_080064_6B83_COG"
        ],
        "sourceSceneCount": 3,
        "floodProbability": 0.501,
        "confidence": 0.627,
        "classification": "possible_flood",
        "vvMean": 68.07,
        "vhMean": 41.89,
        "method": "sentinel1-multiscene-hybrid-v3",
        "georeference": "copernicus-stac-bbox-linearized"
      },
      "geometry": {
        "type": "Polygon",
        "coordinates": [
          [
            [
              37.2826875,
              -2.649309523809524
            ],
            [
              37.28425,
              -2.649309523809524
            ],
            [
              37.28425,
              -2.647761904761905
            ],
            [
              37.2826875,
              -2.647761904761905
            ],
            [
              37.2826875,
              -2.649309523809524
            ]
          ]
        ]
      }
    },
    {
      "type": "Feature",
      "properties": {
        "cellId": "s1-duringFlooding-16-36",
        "window": "duringFlooding",
        "observedAt": "2026-03-16T15:47:47.961154Z",
        "sceneId": "S1A_IW_GRDH_1SDV_20260309T155545_20260309T155610_063552_07FC94_E210_COG,S1C_IW_GRDH_1SDV_20260312T031130_20260312T031155_006725_00D94D_F15F_COG,S1A_IW_GRDH_1SDV_20260316T154747_20260316T154812_063654_080064_6B83_COG",
        "sceneIds": [
          "S1A_IW_GRDH_1SDV_20260309T155545_20260309T155610_063552_07FC94_E210_COG",
          "S1C_IW_GRDH_1SDV_20260312T031130_20260312T031155_006725_00D94D_F15F_COG",
          "S1A_IW_GRDH_1SDV_20260316T154747_20260316T154812_063654_080064_6B83_COG"
        ],
        "sourceSceneCount": 3,
        "floodProbability": 0.488,
        "confidence": 0.634,
        "classification": "possible_flood",
        "vvMean": 73.9,
        "vhMean": 35.79,
        "method": "sentinel1-multiscene-hybrid-v3",
        "georeference": "copernicus-stac-bbox-linearized"
      },
      "geometry": {
        "type": "Polygon",
        "coordinates": [
          [
            [
              37.28425,
              -2.649309523809524
            ],
            [
              37.2858125,
              -2.649309523809524
            ],
            [
              37.2858125,
              -2.647761904761905
            ],
            [
              37.28425,
              -2.647761904761905
            ],
            [
              37.28425,
              -2.649309523809524
            ]
          ]
        ]
      }
    },
    {
      "type": "Feature",
      "properties": {
        "cellId": "s1-duringFlooding-16-41",
        "window": "duringFlooding",
        "observedAt": "2026-03-16T15:47:47.961154Z",
        "sceneId": "S1A_IW_GRDH_1SDV_20260309T155545_20260309T155610_063552_07FC94_E210_COG,S1C_IW_GRDH_1SDV_20260312T031130_20260312T031155_006725_00D94D_F15F_COG,S1A_IW_GRDH_1SDV_20260316T154747_20260316T154812_063654_080064_6B83_COG",
        "sceneIds": [
          "S1A_IW_GRDH_1SDV_20260309T155545_20260309T155610_063552_07FC94_E210_COG",
          "S1C_IW_GRDH_1SDV_20260312T031130_20260312T031155_006725_00D94D_F15F_COG",
          "S1A_IW_GRDH_1SDV_20260316T154747_20260316T154812_063654_080064_6B83_COG"
        ],
        "sourceSceneCount": 3,
        "floodProbability": 0.534,
        "confidence": 0.648,
        "classification": "probable_flood",
        "vvMean": 59.43,
        "vhMean": 36.43,
        "method": "sentinel1-multiscene-hybrid-v3",
        "georeference": "copernicus-stac-bbox-linearized"
      },
      "geometry": {
        "type": "Polygon",
        "coordinates": [
          [
            [
              37.2920625,
              -2.649309523809524
            ],
            [
              37.293625,
              -2.649309523809524
            ],
            [
              37.293625,
              -2.647761904761905
            ],
            [
              37.2920625,
              -2.647761904761905
            ],
            [
              37.2920625,
              -2.649309523809524
            ]
          ]
        ]
      }
    },
    {
      "type": "Feature",
      "properties": {
        "cellId": "s1-duringFlooding-17-24",
        "window": "duringFlooding",
        "observedAt": "2026-03-16T15:47:47.961154Z",
        "sceneId": "S1A_IW_GRDH_1SDV_20260309T155545_20260309T155610_063552_07FC94_E210_COG,S1C_IW_GRDH_1SDV_20260312T031130_20260312T031155_006725_00D94D_F15F_COG,S1A_IW_GRDH_1SDV_20260316T154747_20260316T154812_063654_080064_6B83_COG",
        "sceneIds": [
          "S1A_IW_GRDH_1SDV_20260309T155545_20260309T155610_063552_07FC94_E210_COG",
          "S1C_IW_GRDH_1SDV_20260312T031130_20260312T031155_006725_00D94D_F15F_COG",
          "S1A_IW_GRDH_1SDV_20260316T154747_20260316T154812_063654_080064_6B83_COG"
        ],
        "sourceSceneCount": 3,
        "floodProbability": 0.502,
        "confidence": 0.628,
        "classification": "possible_flood",
        "vvMean": 69.29,
        "vhMean": 44.03,
        "method": "sentinel1-multiscene-hybrid-v3",
        "georeference": "copernicus-stac-bbox-linearized"
      },
      "geometry": {
        "type": "Polygon",
        "coordinates": [
          [
            [
              37.2655,
              -2.6508571428571432
            ],
            [
              37.2670625,
              -2.6508571428571432
            ],
            [
              37.2670625,
              -2.649309523809524
            ],
            [
              37.2655,
              -2.649309523809524
            ],
            [
              37.2655,
              -2.6508571428571432
            ]
          ]
        ]
      }
    },
    {
      "type": "Feature",
      "properties": {
        "cellId": "s1-duringFlooding-17-26",
        "window": "duringFlooding",
        "observedAt": "2026-03-16T15:47:47.961154Z",
        "sceneId": "S1A_IW_GRDH_1SDV_20260309T155545_20260309T155610_063552_07FC94_E210_COG,S1C_IW_GRDH_1SDV_20260312T031130_20260312T031155_006725_00D94D_F15F_COG,S1A_IW_GRDH_1SDV_20260316T154747_20260316T154812_063654_080064_6B83_COG",
        "sceneIds": [
          "S1A_IW_GRDH_1SDV_20260309T155545_20260309T155610_063552_07FC94_E210_COG",
          "S1C_IW_GRDH_1SDV_20260312T031130_20260312T031155_006725_00D94D_F15F_COG",
          "S1A_IW_GRDH_1SDV_20260316T154747_20260316T154812_063654_080064_6B83_COG"
        ],
        "sourceSceneCount": 3,
        "floodProbability": 0.472,
        "confidence": 0.644,
        "classification": "possible_flood",
        "vvMean": 76.44,
        "vhMean": 36.4,
        "method": "sentinel1-multiscene-hybrid-v3",
        "georeference": "copernicus-stac-bbox-linearized"
      },
      "geometry": {
        "type": "Polygon",
        "coordinates": [
          [
            [
              37.268625,
              -2.6508571428571432
            ],
            [
              37.2701875,
              -2.6508571428571432
            ],
            [
              37.2701875,
              -2.649309523809524
            ],
            [
              37.268625,
              -2.649309523809524
            ],
            [
              37.268625,
              -2.6508571428571432
            ]
          ]
        ]
      }
    },
    {
      "type": "Feature",
      "properties": {
        "cellId": "s1-duringFlooding-17-27",
        "window": "duringFlooding",
        "observedAt": "2026-03-16T15:47:47.961154Z",
        "sceneId": "S1A_IW_GRDH_1SDV_20260309T155545_20260309T155610_063552_07FC94_E210_COG,S1C_IW_GRDH_1SDV_20260312T031130_20260312T031155_006725_00D94D_F15F_COG,S1A_IW_GRDH_1SDV_20260316T154747_20260316T154812_063654_080064_6B83_COG",
        "sceneIds": [
          "S1A_IW_GRDH_1SDV_20260309T155545_20260309T155610_063552_07FC94_E210_COG",
          "S1C_IW_GRDH_1SDV_20260312T031130_20260312T031155_006725_00D94D_F15F_COG",
          "S1A_IW_GRDH_1SDV_20260316T154747_20260316T154812_063654_080064_6B83_COG"
        ],
        "sourceSceneCount": 3,
        "floodProbability": 0.467,
        "confidence": 0.648,
        "classification": "possible_flood",
        "vvMean": 70.47,
        "vhMean": 36.88,
        "method": "sentinel1-multiscene-hybrid-v3",
        "georeference": "copernicus-stac-bbox-linearized"
      },
      "geometry": {
        "type": "Polygon",
        "coordinates": [
          [
            [
              37.2701875,
              -2.6508571428571432
            ],
            [
              37.27175,
              -2.6508571428571432
            ],
            [
              37.27175,
              -2.649309523809524
            ],
            [
              37.2701875,
              -2.649309523809524
            ],
            [
              37.2701875,
              -2.6508571428571432
            ]
          ]
        ]
      }
    },
    {
      "type": "Feature",
      "properties": {
        "cellId": "s1-duringFlooding-17-30",
        "window": "duringFlooding",
        "observedAt": "2026-03-16T15:47:47.961154Z",
        "sceneId": "S1A_IW_GRDH_1SDV_20260309T155545_20260309T155610_063552_07FC94_E210_COG,S1C_IW_GRDH_1SDV_20260312T031130_20260312T031155_006725_00D94D_F15F_COG,S1A_IW_GRDH_1SDV_20260316T154747_20260316T154812_063654_080064_6B83_COG",
        "sceneIds": [
          "S1A_IW_GRDH_1SDV_20260309T155545_20260309T155610_063552_07FC94_E210_COG",
          "S1C_IW_GRDH_1SDV_20260312T031130_20260312T031155_006725_00D94D_F15F_COG",
          "S1A_IW_GRDH_1SDV_20260316T154747_20260316T154812_063654_080064_6B83_COG"
        ],
        "sourceSceneCount": 3,
        "floodProbability": 0.452,
        "confidence": 0.656,
        "classification": "possible_flood",
        "vvMean": 74.19,
        "vhMean": 35,
        "method": "sentinel1-multiscene-hybrid-v3",
        "georeference": "copernicus-stac-bbox-linearized"
      },
      "geometry": {
        "type": "Polygon",
        "coordinates": [
          [
            [
              37.274875,
              -2.6508571428571432
            ],
            [
              37.2764375,
              -2.6508571428571432
            ],
            [
              37.2764375,
              -2.649309523809524
            ],
            [
              37.274875,
              -2.649309523809524
            ],
            [
              37.274875,
              -2.6508571428571432
            ]
          ]
        ]
      }
    },
    {
      "type": "Feature",
      "properties": {
        "cellId": "s1-duringFlooding-17-34",
        "window": "duringFlooding",
        "observedAt": "2026-03-16T15:47:47.961154Z",
        "sceneId": "S1A_IW_GRDH_1SDV_20260309T155545_20260309T155610_063552_07FC94_E210_COG,S1C_IW_GRDH_1SDV_20260312T031130_20260312T031155_006725_00D94D_F15F_COG,S1A_IW_GRDH_1SDV_20260316T154747_20260316T154812_063654_080064_6B83_COG",
        "sceneIds": [
          "S1A_IW_GRDH_1SDV_20260309T155545_20260309T155610_063552_07FC94_E210_COG",
          "S1C_IW_GRDH_1SDV_20260312T031130_20260312T031155_006725_00D94D_F15F_COG",
          "S1A_IW_GRDH_1SDV_20260316T154747_20260316T154812_063654_080064_6B83_COG"
        ],
        "sourceSceneCount": 3,
        "floodProbability": 0.497,
        "confidence": 0.629,
        "classification": "possible_flood",
        "vvMean": 69.92,
        "vhMean": 33.25,
        "method": "sentinel1-multiscene-hybrid-v3",
        "georeference": "copernicus-stac-bbox-linearized"
      },
      "geometry": {
        "type": "Polygon",
        "coordinates": [
          [
            [
              37.281124999999996,
              -2.6508571428571432
            ],
            [
              37.2826875,
              -2.6508571428571432
            ],
            [
              37.2826875,
              -2.649309523809524
            ],
            [
              37.281124999999996,
              -2.649309523809524
            ],
            [
              37.281124999999996,
              -2.6508571428571432
            ]
          ]
        ]
      }
    },
    {
      "type": "Feature",
      "properties": {
        "cellId": "s1-duringFlooding-17-43",
        "window": "duringFlooding",
        "observedAt": "2026-03-16T15:47:47.961154Z",
        "sceneId": "S1A_IW_GRDH_1SDV_20260309T155545_20260309T155610_063552_07FC94_E210_COG,S1C_IW_GRDH_1SDV_20260312T031130_20260312T031155_006725_00D94D_F15F_COG,S1A_IW_GRDH_1SDV_20260316T154747_20260316T154812_063654_080064_6B83_COG",
        "sceneIds": [
          "S1A_IW_GRDH_1SDV_20260309T155545_20260309T155610_063552_07FC94_E210_COG",
          "S1C_IW_GRDH_1SDV_20260312T031130_20260312T031155_006725_00D94D_F15F_COG",
          "S1A_IW_GRDH_1SDV_20260316T154747_20260316T154812_063654_080064_6B83_COG"
        ],
        "sourceSceneCount": 3,
        "floodProbability": 0.451,
        "confidence": 0.657,
        "classification": "possible_flood",
        "vvMean": 69.38,
        "vhMean": 33.67,
        "method": "sentinel1-multiscene-hybrid-v3",
        "georeference": "copernicus-stac-bbox-linearized"
      },
      "geometry": {
        "type": "Polygon",
        "coordinates": [
          [
            [
              37.2951875,
              -2.6508571428571432
            ],
            [
              37.296749999999996,
              -2.6508571428571432
            ],
            [
              37.296749999999996,
              -2.649309523809524
            ],
            [
              37.2951875,
              -2.649309523809524
            ],
            [
              37.2951875,
              -2.6508571428571432
            ]
          ]
        ]
      }
    },
    {
      "type": "Feature",
      "properties": {
        "cellId": "s1-duringFlooding-17-47",
        "window": "duringFlooding",
        "observedAt": "2026-03-16T15:47:47.961154Z",
        "sceneId": "S1A_IW_GRDH_1SDV_20260309T155545_20260309T155610_063552_07FC94_E210_COG,S1C_IW_GRDH_1SDV_20260312T031130_20260312T031155_006725_00D94D_F15F_COG,S1A_IW_GRDH_1SDV_20260316T154747_20260316T154812_063654_080064_6B83_COG",
        "sceneIds": [
          "S1A_IW_GRDH_1SDV_20260309T155545_20260309T155610_063552_07FC94_E210_COG",
          "S1C_IW_GRDH_1SDV_20260312T031130_20260312T031155_006725_00D94D_F15F_COG",
          "S1A_IW_GRDH_1SDV_20260316T154747_20260316T154812_063654_080064_6B83_COG"
        ],
        "sourceSceneCount": 3,
        "floodProbability": 0.462,
        "confidence": 0.651,
        "classification": "possible_flood",
        "vvMean": 75.38,
        "vhMean": 38.82,
        "method": "sentinel1-multiscene-hybrid-v3",
        "georeference": "copernicus-stac-bbox-linearized"
      },
      "geometry": {
        "type": "Polygon",
        "coordinates": [
          [
            [
              37.3014375,
              -2.6508571428571432
            ],
            [
              37.303,
              -2.6508571428571432
            ],
            [
              37.303,
              -2.649309523809524
            ],
            [
              37.3014375,
              -2.649309523809524
            ],
            [
              37.3014375,
              -2.6508571428571432
            ]
          ]
        ]
      }
    },
    {
      "type": "Feature",
      "properties": {
        "cellId": "s1-duringFlooding-18-21",
        "window": "duringFlooding",
        "observedAt": "2026-03-16T15:47:47.961154Z",
        "sceneId": "S1A_IW_GRDH_1SDV_20260309T155545_20260309T155610_063552_07FC94_E210_COG,S1C_IW_GRDH_1SDV_20260312T031130_20260312T031155_006725_00D94D_F15F_COG,S1A_IW_GRDH_1SDV_20260316T154747_20260316T154812_063654_080064_6B83_COG",
        "sceneIds": [
          "S1A_IW_GRDH_1SDV_20260309T155545_20260309T155610_063552_07FC94_E210_COG",
          "S1C_IW_GRDH_1SDV_20260312T031130_20260312T031155_006725_00D94D_F15F_COG",
          "S1A_IW_GRDH_1SDV_20260316T154747_20260316T154812_063654_080064_6B83_COG"
        ],
        "sourceSceneCount": 3,
        "floodProbability": 0.455,
        "confidence": 0.655,
        "classification": "possible_flood",
        "vvMean": 71.77,
        "vhMean": 34.4,
        "method": "sentinel1-multiscene-hybrid-v3",
        "georeference": "copernicus-stac-bbox-linearized"
      },
      "geometry": {
        "type": "Polygon",
        "coordinates": [
          [
            [
              37.2608125,
              -2.652404761904762
            ],
            [
              37.262375,
              -2.652404761904762
            ],
            [
              37.262375,
              -2.6508571428571432
            ],
            [
              37.2608125,
              -2.6508571428571432
            ],
            [
              37.2608125,
              -2.652404761904762
            ]
          ]
        ]
      }
    },
    {
      "type": "Feature",
      "properties": {
        "cellId": "s1-duringFlooding-18-26",
        "window": "duringFlooding",
        "observedAt": "2026-03-16T15:47:47.961154Z",
        "sceneId": "S1A_IW_GRDH_1SDV_20260309T155545_20260309T155610_063552_07FC94_E210_COG,S1C_IW_GRDH_1SDV_20260312T031130_20260312T031155_006725_00D94D_F15F_COG,S1A_IW_GRDH_1SDV_20260316T154747_20260316T154812_063654_080064_6B83_COG",
        "sceneIds": [
          "S1A_IW_GRDH_1SDV_20260309T155545_20260309T155610_063552_07FC94_E210_COG",
          "S1C_IW_GRDH_1SDV_20260312T031130_20260312T031155_006725_00D94D_F15F_COG",
          "S1A_IW_GRDH_1SDV_20260316T154747_20260316T154812_063654_080064_6B83_COG"
        ],
        "sourceSceneCount": 3,
        "floodProbability": 0.521,
        "confidence": 0.64,
        "classification": "probable_flood",
        "vvMean": 68.38,
        "vhMean": 37.31,
        "method": "sentinel1-multiscene-hybrid-v3",
        "georeference": "copernicus-stac-bbox-linearized"
      },
      "geometry": {
        "type": "Polygon",
        "coordinates": [
          [
            [
              37.268625,
              -2.652404761904762
            ],
            [
              37.2701875,
              -2.652404761904762
            ],
            [
              37.2701875,
              -2.6508571428571432
            ],
            [
              37.268625,
              -2.6508571428571432
            ],
            [
              37.268625,
              -2.652404761904762
            ]
          ]
        ]
      }
    },
    {
      "type": "Feature",
      "properties": {
        "cellId": "s1-duringFlooding-18-34",
        "window": "duringFlooding",
        "observedAt": "2026-03-16T15:47:47.961154Z",
        "sceneId": "S1A_IW_GRDH_1SDV_20260309T155545_20260309T155610_063552_07FC94_E210_COG,S1C_IW_GRDH_1SDV_20260312T031130_20260312T031155_006725_00D94D_F15F_COG,S1A_IW_GRDH_1SDV_20260316T154747_20260316T154812_063654_080064_6B83_COG",
        "sceneIds": [
          "S1A_IW_GRDH_1SDV_20260309T155545_20260309T155610_063552_07FC94_E210_COG",
          "S1C_IW_GRDH_1SDV_20260312T031130_20260312T031155_006725_00D94D_F15F_COG",
          "S1A_IW_GRDH_1SDV_20260316T154747_20260316T154812_063654_080064_6B83_COG"
        ],
        "sourceSceneCount": 3,
        "floodProbability": 0.517,
        "confidence": 0.637,
        "classification": "possible_flood",
        "vvMean": 62.99,
        "vhMean": 36.65,
        "method": "sentinel1-multiscene-hybrid-v3",
        "georeference": "copernicus-stac-bbox-linearized"
      },
      "geometry": {
        "type": "Polygon",
        "coordinates": [
          [
            [
              37.281124999999996,
              -2.652404761904762
            ],
            [
              37.2826875,
              -2.652404761904762
            ],
            [
              37.2826875,
              -2.6508571428571432
            ],
            [
              37.281124999999996,
              -2.6508571428571432
            ],
            [
              37.281124999999996,
              -2.652404761904762
            ]
          ]
        ]
      }
    },
    {
      "type": "Feature",
      "properties": {
        "cellId": "s1-duringFlooding-18-37",
        "window": "duringFlooding",
        "observedAt": "2026-03-16T15:47:47.961154Z",
        "sceneId": "S1A_IW_GRDH_1SDV_20260309T155545_20260309T155610_063552_07FC94_E210_COG,S1C_IW_GRDH_1SDV_20260312T031130_20260312T031155_006725_00D94D_F15F_COG,S1A_IW_GRDH_1SDV_20260316T154747_20260316T154812_063654_080064_6B83_COG",
        "sceneIds": [
          "S1A_IW_GRDH_1SDV_20260309T155545_20260309T155610_063552_07FC94_E210_COG",
          "S1C_IW_GRDH_1SDV_20260312T031130_20260312T031155_006725_00D94D_F15F_COG",
          "S1A_IW_GRDH_1SDV_20260316T154747_20260316T154812_063654_080064_6B83_COG"
        ],
        "sourceSceneCount": 3,
        "floodProbability": 0.458,
        "confidence": 0.653,
        "classification": "possible_flood",
        "vvMean": 72.47,
        "vhMean": 37.58,
        "method": "sentinel1-multiscene-hybrid-v3",
        "georeference": "copernicus-stac-bbox-linearized"
      },
      "geometry": {
        "type": "Polygon",
        "coordinates": [
          [
            [
              37.2858125,
              -2.652404761904762
            ],
            [
              37.287375,
              -2.652404761904762
            ],
            [
              37.287375,
              -2.6508571428571432
            ],
            [
              37.2858125,
              -2.6508571428571432
            ],
            [
              37.2858125,
              -2.652404761904762
            ]
          ]
        ]
      }
    },
    {
      "type": "Feature",
      "properties": {
        "cellId": "s1-duringFlooding-18-46",
        "window": "duringFlooding",
        "observedAt": "2026-03-16T15:47:47.961154Z",
        "sceneId": "S1A_IW_GRDH_1SDV_20260309T155545_20260309T155610_063552_07FC94_E210_COG,S1C_IW_GRDH_1SDV_20260312T031130_20260312T031155_006725_00D94D_F15F_COG,S1A_IW_GRDH_1SDV_20260316T154747_20260316T154812_063654_080064_6B83_COG",
        "sceneIds": [
          "S1A_IW_GRDH_1SDV_20260309T155545_20260309T155610_063552_07FC94_E210_COG",
          "S1C_IW_GRDH_1SDV_20260312T031130_20260312T031155_006725_00D94D_F15F_COG",
          "S1A_IW_GRDH_1SDV_20260316T154747_20260316T154812_063654_080064_6B83_COG"
        ],
        "sourceSceneCount": 3,
        "floodProbability": 0.451,
        "confidence": 0.657,
        "classification": "possible_flood",
        "vvMean": 75.73,
        "vhMean": 40.17,
        "method": "sentinel1-multiscene-hybrid-v3",
        "georeference": "copernicus-stac-bbox-linearized"
      },
      "geometry": {
        "type": "Polygon",
        "coordinates": [
          [
            [
              37.299875,
              -2.652404761904762
            ],
            [
              37.3014375,
              -2.652404761904762
            ],
            [
              37.3014375,
              -2.6508571428571432
            ],
            [
              37.299875,
              -2.6508571428571432
            ],
            [
              37.299875,
              -2.652404761904762
            ]
          ]
        ]
      }
    },
    {
      "type": "Feature",
      "properties": {
        "cellId": "s1-duringFlooding-18-47",
        "window": "duringFlooding",
        "observedAt": "2026-03-16T15:47:47.961154Z",
        "sceneId": "S1A_IW_GRDH_1SDV_20260309T155545_20260309T155610_063552_07FC94_E210_COG,S1C_IW_GRDH_1SDV_20260312T031130_20260312T031155_006725_00D94D_F15F_COG,S1A_IW_GRDH_1SDV_20260316T154747_20260316T154812_063654_080064_6B83_COG",
        "sceneIds": [
          "S1A_IW_GRDH_1SDV_20260309T155545_20260309T155610_063552_07FC94_E210_COG",
          "S1C_IW_GRDH_1SDV_20260312T031130_20260312T031155_006725_00D94D_F15F_COG",
          "S1A_IW_GRDH_1SDV_20260316T154747_20260316T154812_063654_080064_6B83_COG"
        ],
        "sourceSceneCount": 3,
        "floodProbability": 0.52,
        "confidence": 0.639,
        "classification": "possible_flood",
        "vvMean": 73.55,
        "vhMean": 40.33,
        "method": "sentinel1-multiscene-hybrid-v3",
        "georeference": "copernicus-stac-bbox-linearized"
      },
      "geometry": {
        "type": "Polygon",
        "coordinates": [
          [
            [
              37.3014375,
              -2.652404761904762
            ],
            [
              37.303,
              -2.652404761904762
            ],
            [
              37.303,
              -2.6508571428571432
            ],
            [
              37.3014375,
              -2.6508571428571432
            ],
            [
              37.3014375,
              -2.652404761904762
            ]
          ]
        ]
      }
    },
    {
      "type": "Feature",
      "properties": {
        "cellId": "s1-duringFlooding-19-25",
        "window": "duringFlooding",
        "observedAt": "2026-03-16T15:47:47.961154Z",
        "sceneId": "S1A_IW_GRDH_1SDV_20260309T155545_20260309T155610_063552_07FC94_E210_COG,S1C_IW_GRDH_1SDV_20260312T031130_20260312T031155_006725_00D94D_F15F_COG,S1A_IW_GRDH_1SDV_20260316T154747_20260316T154812_063654_080064_6B83_COG",
        "sceneIds": [
          "S1A_IW_GRDH_1SDV_20260309T155545_20260309T155610_063552_07FC94_E210_COG",
          "S1C_IW_GRDH_1SDV_20260312T031130_20260312T031155_006725_00D94D_F15F_COG",
          "S1A_IW_GRDH_1SDV_20260316T154747_20260316T154812_063654_080064_6B83_COG"
        ],
        "sourceSceneCount": 3,
        "floodProbability": 0.505,
        "confidence": 0.63,
        "classification": "possible_flood",
        "vvMean": 67.13,
        "vhMean": 35.5,
        "method": "sentinel1-multiscene-hybrid-v3",
        "georeference": "copernicus-stac-bbox-linearized"
      },
      "geometry": {
        "type": "Polygon",
        "coordinates": [
          [
            [
              37.2670625,
              -2.653952380952381
            ],
            [
              37.268625,
              -2.653952380952381
            ],
            [
              37.268625,
              -2.652404761904762
            ],
            [
              37.2670625,
              -2.652404761904762
            ],
            [
              37.2670625,
              -2.653952380952381
            ]
          ]
        ]
      }
    },
    {
      "type": "Feature",
      "properties": {
        "cellId": "s1-duringFlooding-19-26",
        "window": "duringFlooding",
        "observedAt": "2026-03-16T15:47:47.961154Z",
        "sceneId": "S1A_IW_GRDH_1SDV_20260309T155545_20260309T155610_063552_07FC94_E210_COG,S1C_IW_GRDH_1SDV_20260312T031130_20260312T031155_006725_00D94D_F15F_COG,S1A_IW_GRDH_1SDV_20260316T154747_20260316T154812_063654_080064_6B83_COG",
        "sceneIds": [
          "S1A_IW_GRDH_1SDV_20260309T155545_20260309T155610_063552_07FC94_E210_COG",
          "S1C_IW_GRDH_1SDV_20260312T031130_20260312T031155_006725_00D94D_F15F_COG",
          "S1A_IW_GRDH_1SDV_20260316T154747_20260316T154812_063654_080064_6B83_COG"
        ],
        "sourceSceneCount": 3,
        "floodProbability": 0.471,
        "confidence": 0.645,
        "classification": "possible_flood",
        "vvMean": 75.4,
        "vhMean": 38.14,
        "method": "sentinel1-multiscene-hybrid-v3",
        "georeference": "copernicus-stac-bbox-linearized"
      },
      "geometry": {
        "type": "Polygon",
        "coordinates": [
          [
            [
              37.268625,
              -2.653952380952381
            ],
            [
              37.2701875,
              -2.653952380952381
            ],
            [
              37.2701875,
              -2.652404761904762
            ],
            [
              37.268625,
              -2.652404761904762
            ],
            [
              37.268625,
              -2.653952380952381
            ]
          ]
        ]
      }
    },
    {
      "type": "Feature",
      "properties": {
        "cellId": "s1-duringFlooding-19-30",
        "window": "duringFlooding",
        "observedAt": "2026-03-16T15:47:47.961154Z",
        "sceneId": "S1A_IW_GRDH_1SDV_20260309T155545_20260309T155610_063552_07FC94_E210_COG,S1C_IW_GRDH_1SDV_20260312T031130_20260312T031155_006725_00D94D_F15F_COG,S1A_IW_GRDH_1SDV_20260316T154747_20260316T154812_063654_080064_6B83_COG",
        "sceneIds": [
          "S1A_IW_GRDH_1SDV_20260309T155545_20260309T155610_063552_07FC94_E210_COG",
          "S1C_IW_GRDH_1SDV_20260312T031130_20260312T031155_006725_00D94D_F15F_COG",
          "S1A_IW_GRDH_1SDV_20260316T154747_20260316T154812_063654_080064_6B83_COG"
        ],
        "sourceSceneCount": 3,
        "floodProbability": 0.534,
        "confidence": 0.648,
        "classification": "probable_flood",
        "vvMean": 64.94,
        "vhMean": 32.94,
        "method": "sentinel1-multiscene-hybrid-v3",
        "georeference": "copernicus-stac-bbox-linearized"
      },
      "geometry": {
        "type": "Polygon",
        "coordinates": [
          [
            [
              37.274875,
              -2.653952380952381
            ],
            [
              37.2764375,
              -2.653952380952381
            ],
            [
              37.2764375,
              -2.652404761904762
            ],
            [
              37.274875,
              -2.652404761904762
            ],
            [
              37.274875,
              -2.653952380952381
            ]
          ]
        ]
      }
    },
    {
      "type": "Feature",
      "properties": {
        "cellId": "s1-duringFlooding-19-32",
        "window": "duringFlooding",
        "observedAt": "2026-03-16T15:47:47.961154Z",
        "sceneId": "S1A_IW_GRDH_1SDV_20260309T155545_20260309T155610_063552_07FC94_E210_COG,S1C_IW_GRDH_1SDV_20260312T031130_20260312T031155_006725_00D94D_F15F_COG,S1A_IW_GRDH_1SDV_20260316T154747_20260316T154812_063654_080064_6B83_COG",
        "sceneIds": [
          "S1A_IW_GRDH_1SDV_20260309T155545_20260309T155610_063552_07FC94_E210_COG",
          "S1C_IW_GRDH_1SDV_20260312T031130_20260312T031155_006725_00D94D_F15F_COG",
          "S1A_IW_GRDH_1SDV_20260316T154747_20260316T154812_063654_080064_6B83_COG"
        ],
        "sourceSceneCount": 3,
        "floodProbability": 0.489,
        "confidence": 0.634,
        "classification": "possible_flood",
        "vvMean": 64.06,
        "vhMean": 33.88,
        "method": "sentinel1-multiscene-hybrid-v3",
        "georeference": "copernicus-stac-bbox-linearized"
      },
      "geometry": {
        "type": "Polygon",
        "coordinates": [
          [
            [
              37.278,
              -2.653952380952381
            ],
            [
              37.2795625,
              -2.653952380952381
            ],
            [
              37.2795625,
              -2.652404761904762
            ],
            [
              37.278,
              -2.652404761904762
            ],
            [
              37.278,
              -2.653952380952381
            ]
          ]
        ]
      }
    },
    {
      "type": "Feature",
      "properties": {
        "cellId": "s1-duringFlooding-19-47",
        "window": "duringFlooding",
        "observedAt": "2026-03-16T15:47:47.961154Z",
        "sceneId": "S1A_IW_GRDH_1SDV_20260309T155545_20260309T155610_063552_07FC94_E210_COG,S1C_IW_GRDH_1SDV_20260312T031130_20260312T031155_006725_00D94D_F15F_COG,S1A_IW_GRDH_1SDV_20260316T154747_20260316T154812_063654_080064_6B83_COG",
        "sceneIds": [
          "S1A_IW_GRDH_1SDV_20260309T155545_20260309T155610_063552_07FC94_E210_COG",
          "S1C_IW_GRDH_1SDV_20260312T031130_20260312T031155_006725_00D94D_F15F_COG",
          "S1A_IW_GRDH_1SDV_20260316T154747_20260316T154812_063654_080064_6B83_COG"
        ],
        "sourceSceneCount": 3,
        "floodProbability": 0.49,
        "confidence": 0.633,
        "classification": "possible_flood",
        "vvMean": 79.34,
        "vhMean": 40.23,
        "method": "sentinel1-multiscene-hybrid-v3",
        "georeference": "copernicus-stac-bbox-linearized"
      },
      "geometry": {
        "type": "Polygon",
        "coordinates": [
          [
            [
              37.3014375,
              -2.653952380952381
            ],
            [
              37.303,
              -2.653952380952381
            ],
            [
              37.303,
              -2.652404761904762
            ],
            [
              37.3014375,
              -2.652404761904762
            ],
            [
              37.3014375,
              -2.653952380952381
            ]
          ]
        ]
      }
    },
    {
      "type": "Feature",
      "properties": {
        "cellId": "s1-duringFlooding-20-24",
        "window": "duringFlooding",
        "observedAt": "2026-03-16T15:47:47.961154Z",
        "sceneId": "S1A_IW_GRDH_1SDV_20260309T155545_20260309T155610_063552_07FC94_E210_COG,S1C_IW_GRDH_1SDV_20260312T031130_20260312T031155_006725_00D94D_F15F_COG,S1A_IW_GRDH_1SDV_20260316T154747_20260316T154812_063654_080064_6B83_COG",
        "sceneIds": [
          "S1A_IW_GRDH_1SDV_20260309T155545_20260309T155610_063552_07FC94_E210_COG",
          "S1C_IW_GRDH_1SDV_20260312T031130_20260312T031155_006725_00D94D_F15F_COG",
          "S1A_IW_GRDH_1SDV_20260316T154747_20260316T154812_063654_080064_6B83_COG"
        ],
        "sourceSceneCount": 3,
        "floodProbability": 0.484,
        "confidence": 0.637,
        "classification": "possible_flood",
        "vvMean": 65.21,
        "vhMean": 34.55,
        "method": "sentinel1-multiscene-hybrid-v3",
        "georeference": "copernicus-stac-bbox-linearized"
      },
      "geometry": {
        "type": "Polygon",
        "coordinates": [
          [
            [
              37.2655,
              -2.6555
            ],
            [
              37.2670625,
              -2.6555
            ],
            [
              37.2670625,
              -2.653952380952381
            ],
            [
              37.2655,
              -2.653952380952381
            ],
            [
              37.2655,
              -2.6555
            ]
          ]
        ]
      }
    },
    {
      "type": "Feature",
      "properties": {
        "cellId": "s1-duringFlooding-20-25",
        "window": "duringFlooding",
        "observedAt": "2026-03-16T15:47:47.961154Z",
        "sceneId": "S1A_IW_GRDH_1SDV_20260309T155545_20260309T155610_063552_07FC94_E210_COG,S1C_IW_GRDH_1SDV_20260312T031130_20260312T031155_006725_00D94D_F15F_COG,S1A_IW_GRDH_1SDV_20260316T154747_20260316T154812_063654_080064_6B83_COG",
        "sceneIds": [
          "S1A_IW_GRDH_1SDV_20260309T155545_20260309T155610_063552_07FC94_E210_COG",
          "S1C_IW_GRDH_1SDV_20260312T031130_20260312T031155_006725_00D94D_F15F_COG",
          "S1A_IW_GRDH_1SDV_20260316T154747_20260316T154812_063654_080064_6B83_COG"
        ],
        "sourceSceneCount": 3,
        "floodProbability": 0.484,
        "confidence": 0.637,
        "classification": "possible_flood",
        "vvMean": 73.01,
        "vhMean": 38.83,
        "method": "sentinel1-multiscene-hybrid-v3",
        "georeference": "copernicus-stac-bbox-linearized"
      },
      "geometry": {
        "type": "Polygon",
        "coordinates": [
          [
            [
              37.2670625,
              -2.6555
            ],
            [
              37.268625,
              -2.6555
            ],
            [
              37.268625,
              -2.653952380952381
            ],
            [
              37.2670625,
              -2.653952380952381
            ],
            [
              37.2670625,
              -2.6555
            ]
          ]
        ]
      }
    },
    {
      "type": "Feature",
      "properties": {
        "cellId": "s1-duringFlooding-20-30",
        "window": "duringFlooding",
        "observedAt": "2026-03-16T15:47:47.961154Z",
        "sceneId": "S1A_IW_GRDH_1SDV_20260309T155545_20260309T155610_063552_07FC94_E210_COG,S1C_IW_GRDH_1SDV_20260312T031130_20260312T031155_006725_00D94D_F15F_COG,S1A_IW_GRDH_1SDV_20260316T154747_20260316T154812_063654_080064_6B83_COG",
        "sceneIds": [
          "S1A_IW_GRDH_1SDV_20260309T155545_20260309T155610_063552_07FC94_E210_COG",
          "S1C_IW_GRDH_1SDV_20260312T031130_20260312T031155_006725_00D94D_F15F_COG",
          "S1A_IW_GRDH_1SDV_20260316T154747_20260316T154812_063654_080064_6B83_COG"
        ],
        "sourceSceneCount": 3,
        "floodProbability": 0.508,
        "confidence": 0.632,
        "classification": "possible_flood",
        "vvMean": 75.99,
        "vhMean": 35.62,
        "method": "sentinel1-multiscene-hybrid-v3",
        "georeference": "copernicus-stac-bbox-linearized"
      },
      "geometry": {
        "type": "Polygon",
        "coordinates": [
          [
            [
              37.274875,
              -2.6555
            ],
            [
              37.2764375,
              -2.6555
            ],
            [
              37.2764375,
              -2.653952380952381
            ],
            [
              37.274875,
              -2.653952380952381
            ],
            [
              37.274875,
              -2.6555
            ]
          ]
        ]
      }
    },
    {
      "type": "Feature",
      "properties": {
        "cellId": "s1-duringFlooding-20-32",
        "window": "duringFlooding",
        "observedAt": "2026-03-16T15:47:47.961154Z",
        "sceneId": "S1A_IW_GRDH_1SDV_20260309T155545_20260309T155610_063552_07FC94_E210_COG,S1C_IW_GRDH_1SDV_20260312T031130_20260312T031155_006725_00D94D_F15F_COG,S1A_IW_GRDH_1SDV_20260316T154747_20260316T154812_063654_080064_6B83_COG",
        "sceneIds": [
          "S1A_IW_GRDH_1SDV_20260309T155545_20260309T155610_063552_07FC94_E210_COG",
          "S1C_IW_GRDH_1SDV_20260312T031130_20260312T031155_006725_00D94D_F15F_COG",
          "S1A_IW_GRDH_1SDV_20260316T154747_20260316T154812_063654_080064_6B83_COG"
        ],
        "sourceSceneCount": 3,
        "floodProbability": 0.464,
        "confidence": 0.65,
        "classification": "possible_flood",
        "vvMean": 71.17,
        "vhMean": 37.83,
        "method": "sentinel1-multiscene-hybrid-v3",
        "georeference": "copernicus-stac-bbox-linearized"
      },
      "geometry": {
        "type": "Polygon",
        "coordinates": [
          [
            [
              37.278,
              -2.6555
            ],
            [
              37.2795625,
              -2.6555
            ],
            [
              37.2795625,
              -2.653952380952381
            ],
            [
              37.278,
              -2.653952380952381
            ],
            [
              37.278,
              -2.6555
            ]
          ]
        ]
      }
    },
    {
      "type": "Feature",
      "properties": {
        "cellId": "s1-duringFlooding-20-33",
        "window": "duringFlooding",
        "observedAt": "2026-03-16T15:47:47.961154Z",
        "sceneId": "S1A_IW_GRDH_1SDV_20260309T155545_20260309T155610_063552_07FC94_E210_COG,S1C_IW_GRDH_1SDV_20260312T031130_20260312T031155_006725_00D94D_F15F_COG,S1A_IW_GRDH_1SDV_20260316T154747_20260316T154812_063654_080064_6B83_COG",
        "sceneIds": [
          "S1A_IW_GRDH_1SDV_20260309T155545_20260309T155610_063552_07FC94_E210_COG",
          "S1C_IW_GRDH_1SDV_20260312T031130_20260312T031155_006725_00D94D_F15F_COG",
          "S1A_IW_GRDH_1SDV_20260316T154747_20260316T154812_063654_080064_6B83_COG"
        ],
        "sourceSceneCount": 3,
        "floodProbability": 0.506,
        "confidence": 0.63,
        "classification": "possible_flood",
        "vvMean": 71.79,
        "vhMean": 34.98,
        "method": "sentinel1-multiscene-hybrid-v3",
        "georeference": "copernicus-stac-bbox-linearized"
      },
      "geometry": {
        "type": "Polygon",
        "coordinates": [
          [
            [
              37.2795625,
              -2.6555
            ],
            [
              37.281124999999996,
              -2.6555
            ],
            [
              37.281124999999996,
              -2.653952380952381
            ],
            [
              37.2795625,
              -2.653952380952381
            ],
            [
              37.2795625,
              -2.6555
            ]
          ]
        ]
      }
    },
    {
      "type": "Feature",
      "properties": {
        "cellId": "s1-duringFlooding-20-38",
        "window": "duringFlooding",
        "observedAt": "2026-03-16T15:47:47.961154Z",
        "sceneId": "S1A_IW_GRDH_1SDV_20260309T155545_20260309T155610_063552_07FC94_E210_COG,S1C_IW_GRDH_1SDV_20260312T031130_20260312T031155_006725_00D94D_F15F_COG,S1A_IW_GRDH_1SDV_20260316T154747_20260316T154812_063654_080064_6B83_COG",
        "sceneIds": [
          "S1A_IW_GRDH_1SDV_20260309T155545_20260309T155610_063552_07FC94_E210_COG",
          "S1C_IW_GRDH_1SDV_20260312T031130_20260312T031155_006725_00D94D_F15F_COG",
          "S1A_IW_GRDH_1SDV_20260316T154747_20260316T154812_063654_080064_6B83_COG"
        ],
        "sourceSceneCount": 3,
        "floodProbability": 0.47,
        "confidence": 0.645,
        "classification": "possible_flood",
        "vvMean": 70.09,
        "vhMean": 38.72,
        "method": "sentinel1-multiscene-hybrid-v3",
        "georeference": "copernicus-stac-bbox-linearized"
      },
      "geometry": {
        "type": "Polygon",
        "coordinates": [
          [
            [
              37.287375,
              -2.6555
            ],
            [
              37.288937499999996,
              -2.6555
            ],
            [
              37.288937499999996,
              -2.653952380952381
            ],
            [
              37.287375,
              -2.653952380952381
            ],
            [
              37.287375,
              -2.6555
            ]
          ]
        ]
      }
    },
    {
      "type": "Feature",
      "properties": {
        "cellId": "s1-duringFlooding-20-39",
        "window": "duringFlooding",
        "observedAt": "2026-03-16T15:47:47.961154Z",
        "sceneId": "S1A_IW_GRDH_1SDV_20260309T155545_20260309T155610_063552_07FC94_E210_COG,S1C_IW_GRDH_1SDV_20260312T031130_20260312T031155_006725_00D94D_F15F_COG,S1A_IW_GRDH_1SDV_20260316T154747_20260316T154812_063654_080064_6B83_COG",
        "sceneIds": [
          "S1A_IW_GRDH_1SDV_20260309T155545_20260309T155610_063552_07FC94_E210_COG",
          "S1C_IW_GRDH_1SDV_20260312T031130_20260312T031155_006725_00D94D_F15F_COG",
          "S1A_IW_GRDH_1SDV_20260316T154747_20260316T154812_063654_080064_6B83_COG"
        ],
        "sourceSceneCount": 3,
        "floodProbability": 0.452,
        "confidence": 0.657,
        "classification": "possible_flood",
        "vvMean": 74.59,
        "vhMean": 40.88,
        "method": "sentinel1-multiscene-hybrid-v3",
        "georeference": "copernicus-stac-bbox-linearized"
      },
      "geometry": {
        "type": "Polygon",
        "coordinates": [
          [
            [
              37.288937499999996,
              -2.6555
            ],
            [
              37.290499999999994,
              -2.6555
            ],
            [
              37.290499999999994,
              -2.653952380952381
            ],
            [
              37.288937499999996,
              -2.653952380952381
            ],
            [
              37.288937499999996,
              -2.6555
            ]
          ]
        ]
      }
    },
    {
      "type": "Feature",
      "properties": {
        "cellId": "s1-duringFlooding-21-24",
        "window": "duringFlooding",
        "observedAt": "2026-03-16T15:47:47.961154Z",
        "sceneId": "S1A_IW_GRDH_1SDV_20260309T155545_20260309T155610_063552_07FC94_E210_COG,S1C_IW_GRDH_1SDV_20260312T031130_20260312T031155_006725_00D94D_F15F_COG,S1A_IW_GRDH_1SDV_20260316T154747_20260316T154812_063654_080064_6B83_COG",
        "sceneIds": [
          "S1A_IW_GRDH_1SDV_20260309T155545_20260309T155610_063552_07FC94_E210_COG",
          "S1C_IW_GRDH_1SDV_20260312T031130_20260312T031155_006725_00D94D_F15F_COG",
          "S1A_IW_GRDH_1SDV_20260316T154747_20260316T154812_063654_080064_6B83_COG"
        ],
        "sourceSceneCount": 3,
        "floodProbability": 0.459,
        "confidence": 0.653,
        "classification": "possible_flood",
        "vvMean": 74.81,
        "vhMean": 33.25,
        "method": "sentinel1-multiscene-hybrid-v3",
        "georeference": "copernicus-stac-bbox-linearized"
      },
      "geometry": {
        "type": "Polygon",
        "coordinates": [
          [
            [
              37.2655,
              -2.6570476190476193
            ],
            [
              37.2670625,
              -2.6570476190476193
            ],
            [
              37.2670625,
              -2.6555
            ],
            [
              37.2655,
              -2.6555
            ],
            [
              37.2655,
              -2.6570476190476193
            ]
          ]
        ]
      }
    },
    {
      "type": "Feature",
      "properties": {
        "cellId": "s1-duringFlooding-21-25",
        "window": "duringFlooding",
        "observedAt": "2026-03-16T15:47:47.961154Z",
        "sceneId": "S1A_IW_GRDH_1SDV_20260309T155545_20260309T155610_063552_07FC94_E210_COG,S1C_IW_GRDH_1SDV_20260312T031130_20260312T031155_006725_00D94D_F15F_COG,S1A_IW_GRDH_1SDV_20260316T154747_20260316T154812_063654_080064_6B83_COG",
        "sceneIds": [
          "S1A_IW_GRDH_1SDV_20260309T155545_20260309T155610_063552_07FC94_E210_COG",
          "S1C_IW_GRDH_1SDV_20260312T031130_20260312T031155_006725_00D94D_F15F_COG",
          "S1A_IW_GRDH_1SDV_20260316T154747_20260316T154812_063654_080064_6B83_COG"
        ],
        "sourceSceneCount": 3,
        "floodProbability": 0.522,
        "confidence": 0.641,
        "classification": "probable_flood",
        "vvMean": 62.44,
        "vhMean": 34.81,
        "method": "sentinel1-multiscene-hybrid-v3",
        "georeference": "copernicus-stac-bbox-linearized"
      },
      "geometry": {
        "type": "Polygon",
        "coordinates": [
          [
            [
              37.2670625,
              -2.6570476190476193
            ],
            [
              37.268625,
              -2.6570476190476193
            ],
            [
              37.268625,
              -2.6555
            ],
            [
              37.2670625,
              -2.6555
            ],
            [
              37.2670625,
              -2.6570476190476193
            ]
          ]
        ]
      }
    },
    {
      "type": "Feature",
      "properties": {
        "cellId": "s1-duringFlooding-21-26",
        "window": "duringFlooding",
        "observedAt": "2026-03-16T15:47:47.961154Z",
        "sceneId": "S1A_IW_GRDH_1SDV_20260309T155545_20260309T155610_063552_07FC94_E210_COG,S1C_IW_GRDH_1SDV_20260312T031130_20260312T031155_006725_00D94D_F15F_COG,S1A_IW_GRDH_1SDV_20260316T154747_20260316T154812_063654_080064_6B83_COG",
        "sceneIds": [
          "S1A_IW_GRDH_1SDV_20260309T155545_20260309T155610_063552_07FC94_E210_COG",
          "S1C_IW_GRDH_1SDV_20260312T031130_20260312T031155_006725_00D94D_F15F_COG",
          "S1A_IW_GRDH_1SDV_20260316T154747_20260316T154812_063654_080064_6B83_COG"
        ],
        "sourceSceneCount": 3,
        "floodProbability": 0.483,
        "confidence": 0.637,
        "classification": "possible_flood",
        "vvMean": 67.68,
        "vhMean": 37.16,
        "method": "sentinel1-multiscene-hybrid-v3",
        "georeference": "copernicus-stac-bbox-linearized"
      },
      "geometry": {
        "type": "Polygon",
        "coordinates": [
          [
            [
              37.268625,
              -2.6570476190476193
            ],
            [
              37.2701875,
              -2.6570476190476193
            ],
            [
              37.2701875,
              -2.6555
            ],
            [
              37.268625,
              -2.6555
            ],
            [
              37.268625,
              -2.6570476190476193
            ]
          ]
        ]
      }
    },
    {
      "type": "Feature",
      "properties": {
        "cellId": "s1-duringFlooding-22-24",
        "window": "duringFlooding",
        "observedAt": "2026-03-16T15:47:47.961154Z",
        "sceneId": "S1A_IW_GRDH_1SDV_20260309T155545_20260309T155610_063552_07FC94_E210_COG,S1C_IW_GRDH_1SDV_20260312T031130_20260312T031155_006725_00D94D_F15F_COG,S1A_IW_GRDH_1SDV_20260316T154747_20260316T154812_063654_080064_6B83_COG",
        "sceneIds": [
          "S1A_IW_GRDH_1SDV_20260309T155545_20260309T155610_063552_07FC94_E210_COG",
          "S1C_IW_GRDH_1SDV_20260312T031130_20260312T031155_006725_00D94D_F15F_COG",
          "S1A_IW_GRDH_1SDV_20260316T154747_20260316T154812_063654_080064_6B83_COG"
        ],
        "sourceSceneCount": 3,
        "floodProbability": 0.454,
        "confidence": 0.656,
        "classification": "possible_flood",
        "vvMean": 72.65,
        "vhMean": 34.87,
        "method": "sentinel1-multiscene-hybrid-v3",
        "georeference": "copernicus-stac-bbox-linearized"
      },
      "geometry": {
        "type": "Polygon",
        "coordinates": [
          [
            [
              37.2655,
              -2.6585952380952382
            ],
            [
              37.2670625,
              -2.6585952380952382
            ],
            [
              37.2670625,
              -2.6570476190476193
            ],
            [
              37.2655,
              -2.6570476190476193
            ],
            [
              37.2655,
              -2.6585952380952382
            ]
          ]
        ]
      }
    },
    {
      "type": "Feature",
      "properties": {
        "cellId": "s1-duringFlooding-22-25",
        "window": "duringFlooding",
        "observedAt": "2026-03-16T15:47:47.961154Z",
        "sceneId": "S1A_IW_GRDH_1SDV_20260309T155545_20260309T155610_063552_07FC94_E210_COG,S1C_IW_GRDH_1SDV_20260312T031130_20260312T031155_006725_00D94D_F15F_COG,S1A_IW_GRDH_1SDV_20260316T154747_20260316T154812_063654_080064_6B83_COG",
        "sceneIds": [
          "S1A_IW_GRDH_1SDV_20260309T155545_20260309T155610_063552_07FC94_E210_COG",
          "S1C_IW_GRDH_1SDV_20260312T031130_20260312T031155_006725_00D94D_F15F_COG",
          "S1A_IW_GRDH_1SDV_20260316T154747_20260316T154812_063654_080064_6B83_COG"
        ],
        "sourceSceneCount": 3,
        "floodProbability": 0.514,
        "confidence": 0.636,
        "classification": "possible_flood",
        "vvMean": 63.82,
        "vhMean": 36.79,
        "method": "sentinel1-multiscene-hybrid-v3",
        "georeference": "copernicus-stac-bbox-linearized"
      },
      "geometry": {
        "type": "Polygon",
        "coordinates": [
          [
            [
              37.2670625,
              -2.6585952380952382
            ],
            [
              37.268625,
              -2.6585952380952382
            ],
            [
              37.268625,
              -2.6570476190476193
            ],
            [
              37.2670625,
              -2.6570476190476193
            ],
            [
              37.2670625,
              -2.6585952380952382
            ]
          ]
        ]
      }
    },
    {
      "type": "Feature",
      "properties": {
        "cellId": "s1-duringFlooding-22-26",
        "window": "duringFlooding",
        "observedAt": "2026-03-16T15:47:47.961154Z",
        "sceneId": "S1A_IW_GRDH_1SDV_20260309T155545_20260309T155610_063552_07FC94_E210_COG,S1C_IW_GRDH_1SDV_20260312T031130_20260312T031155_006725_00D94D_F15F_COG,S1A_IW_GRDH_1SDV_20260316T154747_20260316T154812_063654_080064_6B83_COG",
        "sceneIds": [
          "S1A_IW_GRDH_1SDV_20260309T155545_20260309T155610_063552_07FC94_E210_COG",
          "S1C_IW_GRDH_1SDV_20260312T031130_20260312T031155_006725_00D94D_F15F_COG",
          "S1A_IW_GRDH_1SDV_20260316T154747_20260316T154812_063654_080064_6B83_COG"
        ],
        "sourceSceneCount": 3,
        "floodProbability": 0.48,
        "confidence": 0.64,
        "classification": "possible_flood",
        "vvMean": 66.14,
        "vhMean": 39.44,
        "method": "sentinel1-multiscene-hybrid-v3",
        "georeference": "copernicus-stac-bbox-linearized"
      },
      "geometry": {
        "type": "Polygon",
        "coordinates": [
          [
            [
              37.268625,
              -2.6585952380952382
            ],
            [
              37.2701875,
              -2.6585952380952382
            ],
            [
              37.2701875,
              -2.6570476190476193
            ],
            [
              37.268625,
              -2.6570476190476193
            ],
            [
              37.268625,
              -2.6585952380952382
            ]
          ]
        ]
      }
    },
    {
      "type": "Feature",
      "properties": {
        "cellId": "s1-duringFlooding-23-28",
        "window": "duringFlooding",
        "observedAt": "2026-03-16T15:47:47.961154Z",
        "sceneId": "S1A_IW_GRDH_1SDV_20260309T155545_20260309T155610_063552_07FC94_E210_COG,S1C_IW_GRDH_1SDV_20260312T031130_20260312T031155_006725_00D94D_F15F_COG,S1A_IW_GRDH_1SDV_20260316T154747_20260316T154812_063654_080064_6B83_COG",
        "sceneIds": [
          "S1A_IW_GRDH_1SDV_20260309T155545_20260309T155610_063552_07FC94_E210_COG",
          "S1C_IW_GRDH_1SDV_20260312T031130_20260312T031155_006725_00D94D_F15F_COG",
          "S1A_IW_GRDH_1SDV_20260316T154747_20260316T154812_063654_080064_6B83_COG"
        ],
        "sourceSceneCount": 3,
        "floodProbability": 0.474,
        "confidence": 0.643,
        "classification": "possible_flood",
        "vvMean": 70.79,
        "vhMean": 38.64,
        "method": "sentinel1-multiscene-hybrid-v3",
        "georeference": "copernicus-stac-bbox-linearized"
      },
      "geometry": {
        "type": "Polygon",
        "coordinates": [
          [
            [
              37.27175,
              -2.660142857142857
            ],
            [
              37.273312499999996,
              -2.660142857142857
            ],
            [
              37.273312499999996,
              -2.6585952380952382
            ],
            [
              37.27175,
              -2.6585952380952382
            ],
            [
              37.27175,
              -2.660142857142857
            ]
          ]
        ]
      }
    },
    {
      "type": "Feature",
      "properties": {
        "cellId": "s1-duringFlooding-23-29",
        "window": "duringFlooding",
        "observedAt": "2026-03-16T15:47:47.961154Z",
        "sceneId": "S1A_IW_GRDH_1SDV_20260309T155545_20260309T155610_063552_07FC94_E210_COG,S1C_IW_GRDH_1SDV_20260312T031130_20260312T031155_006725_00D94D_F15F_COG,S1A_IW_GRDH_1SDV_20260316T154747_20260316T154812_063654_080064_6B83_COG",
        "sceneIds": [
          "S1A_IW_GRDH_1SDV_20260309T155545_20260309T155610_063552_07FC94_E210_COG",
          "S1C_IW_GRDH_1SDV_20260312T031130_20260312T031155_006725_00D94D_F15F_COG",
          "S1A_IW_GRDH_1SDV_20260316T154747_20260316T154812_063654_080064_6B83_COG"
        ],
        "sourceSceneCount": 3,
        "floodProbability": 0.496,
        "confidence": 0.629,
        "classification": "possible_flood",
        "vvMean": 71.71,
        "vhMean": 37.6,
        "method": "sentinel1-multiscene-hybrid-v3",
        "georeference": "copernicus-stac-bbox-linearized"
      },
      "geometry": {
        "type": "Polygon",
        "coordinates": [
          [
            [
              37.273312499999996,
              -2.660142857142857
            ],
            [
              37.274875,
              -2.660142857142857
            ],
            [
              37.274875,
              -2.6585952380952382
            ],
            [
              37.273312499999996,
              -2.6585952380952382
            ],
            [
              37.273312499999996,
              -2.660142857142857
            ]
          ]
        ]
      }
    },
    {
      "type": "Feature",
      "properties": {
        "cellId": "s1-duringFlooding-24-27",
        "window": "duringFlooding",
        "observedAt": "2026-03-16T15:47:47.961154Z",
        "sceneId": "S1A_IW_GRDH_1SDV_20260309T155545_20260309T155610_063552_07FC94_E210_COG,S1C_IW_GRDH_1SDV_20260312T031130_20260312T031155_006725_00D94D_F15F_COG,S1A_IW_GRDH_1SDV_20260316T154747_20260316T154812_063654_080064_6B83_COG",
        "sceneIds": [
          "S1A_IW_GRDH_1SDV_20260309T155545_20260309T155610_063552_07FC94_E210_COG",
          "S1C_IW_GRDH_1SDV_20260312T031130_20260312T031155_006725_00D94D_F15F_COG",
          "S1A_IW_GRDH_1SDV_20260316T154747_20260316T154812_063654_080064_6B83_COG"
        ],
        "sourceSceneCount": 3,
        "floodProbability": 0.451,
        "confidence": 0.657,
        "classification": "possible_flood",
        "vvMean": 77.49,
        "vhMean": 39.34,
        "method": "sentinel1-multiscene-hybrid-v3",
        "georeference": "copernicus-stac-bbox-linearized"
      },
      "geometry": {
        "type": "Polygon",
        "coordinates": [
          [
            [
              37.2701875,
              -2.6616904761904765
            ],
            [
              37.27175,
              -2.6616904761904765
            ],
            [
              37.27175,
              -2.660142857142857
            ],
            [
              37.2701875,
              -2.660142857142857
            ],
            [
              37.2701875,
              -2.6616904761904765
            ]
          ]
        ]
      }
    },
    {
      "type": "Feature",
      "properties": {
        "cellId": "s1-duringFlooding-24-28",
        "window": "duringFlooding",
        "observedAt": "2026-03-16T15:47:47.961154Z",
        "sceneId": "S1A_IW_GRDH_1SDV_20260309T155545_20260309T155610_063552_07FC94_E210_COG,S1C_IW_GRDH_1SDV_20260312T031130_20260312T031155_006725_00D94D_F15F_COG,S1A_IW_GRDH_1SDV_20260316T154747_20260316T154812_063654_080064_6B83_COG",
        "sceneIds": [
          "S1A_IW_GRDH_1SDV_20260309T155545_20260309T155610_063552_07FC94_E210_COG",
          "S1C_IW_GRDH_1SDV_20260312T031130_20260312T031155_006725_00D94D_F15F_COG",
          "S1A_IW_GRDH_1SDV_20260316T154747_20260316T154812_063654_080064_6B83_COG"
        ],
        "sourceSceneCount": 3,
        "floodProbability": 0.476,
        "confidence": 0.642,
        "classification": "possible_flood",
        "vvMean": 72.75,
        "vhMean": 40.34,
        "method": "sentinel1-multiscene-hybrid-v3",
        "georeference": "copernicus-stac-bbox-linearized"
      },
      "geometry": {
        "type": "Polygon",
        "coordinates": [
          [
            [
              37.27175,
              -2.6616904761904765
            ],
            [
              37.273312499999996,
              -2.6616904761904765
            ],
            [
              37.273312499999996,
              -2.660142857142857
            ],
            [
              37.27175,
              -2.660142857142857
            ],
            [
              37.27175,
              -2.6616904761904765
            ]
          ]
        ]
      }
    },
    {
      "type": "Feature",
      "properties": {
        "cellId": "s1-duringFlooding-24-29",
        "window": "duringFlooding",
        "observedAt": "2026-03-16T15:47:47.961154Z",
        "sceneId": "S1A_IW_GRDH_1SDV_20260309T155545_20260309T155610_063552_07FC94_E210_COG,S1C_IW_GRDH_1SDV_20260312T031130_20260312T031155_006725_00D94D_F15F_COG,S1A_IW_GRDH_1SDV_20260316T154747_20260316T154812_063654_080064_6B83_COG",
        "sceneIds": [
          "S1A_IW_GRDH_1SDV_20260309T155545_20260309T155610_063552_07FC94_E210_COG",
          "S1C_IW_GRDH_1SDV_20260312T031130_20260312T031155_006725_00D94D_F15F_COG",
          "S1A_IW_GRDH_1SDV_20260316T154747_20260316T154812_063654_080064_6B83_COG"
        ],
        "sourceSceneCount": 3,
        "floodProbability": 0.482,
        "confidence": 0.638,
        "classification": "possible_flood",
        "vvMean": 75.67,
        "vhMean": 42.04,
        "method": "sentinel1-multiscene-hybrid-v3",
        "georeference": "copernicus-stac-bbox-linearized"
      },
      "geometry": {
        "type": "Polygon",
        "coordinates": [
          [
            [
              37.273312499999996,
              -2.6616904761904765
            ],
            [
              37.274875,
              -2.6616904761904765
            ],
            [
              37.274875,
              -2.660142857142857
            ],
            [
              37.273312499999996,
              -2.660142857142857
            ],
            [
              37.273312499999996,
              -2.6616904761904765
            ]
          ]
        ]
      }
    },
    {
      "type": "Feature",
      "properties": {
        "cellId": "s1-duringFlooding-24-30",
        "window": "duringFlooding",
        "observedAt": "2026-03-16T15:47:47.961154Z",
        "sceneId": "S1A_IW_GRDH_1SDV_20260309T155545_20260309T155610_063552_07FC94_E210_COG,S1C_IW_GRDH_1SDV_20260312T031130_20260312T031155_006725_00D94D_F15F_COG,S1A_IW_GRDH_1SDV_20260316T154747_20260316T154812_063654_080064_6B83_COG",
        "sceneIds": [
          "S1A_IW_GRDH_1SDV_20260309T155545_20260309T155610_063552_07FC94_E210_COG",
          "S1C_IW_GRDH_1SDV_20260312T031130_20260312T031155_006725_00D94D_F15F_COG",
          "S1A_IW_GRDH_1SDV_20260316T154747_20260316T154812_063654_080064_6B83_COG"
        ],
        "sourceSceneCount": 3,
        "floodProbability": 0.489,
        "confidence": 0.634,
        "classification": "possible_flood",
        "vvMean": 76.34,
        "vhMean": 42.23,
        "method": "sentinel1-multiscene-hybrid-v3",
        "georeference": "copernicus-stac-bbox-linearized"
      },
      "geometry": {
        "type": "Polygon",
        "coordinates": [
          [
            [
              37.274875,
              -2.6616904761904765
            ],
            [
              37.2764375,
              -2.6616904761904765
            ],
            [
              37.2764375,
              -2.660142857142857
            ],
            [
              37.274875,
              -2.660142857142857
            ],
            [
              37.274875,
              -2.6616904761904765
            ]
          ]
        ]
      }
    },
    {
      "type": "Feature",
      "properties": {
        "cellId": "s1-duringFlooding-24-41",
        "window": "duringFlooding",
        "observedAt": "2026-03-16T15:47:47.961154Z",
        "sceneId": "S1A_IW_GRDH_1SDV_20260309T155545_20260309T155610_063552_07FC94_E210_COG,S1C_IW_GRDH_1SDV_20260312T031130_20260312T031155_006725_00D94D_F15F_COG,S1A_IW_GRDH_1SDV_20260316T154747_20260316T154812_063654_080064_6B83_COG",
        "sceneIds": [
          "S1A_IW_GRDH_1SDV_20260309T155545_20260309T155610_063552_07FC94_E210_COG",
          "S1C_IW_GRDH_1SDV_20260312T031130_20260312T031155_006725_00D94D_F15F_COG",
          "S1A_IW_GRDH_1SDV_20260316T154747_20260316T154812_063654_080064_6B83_COG"
        ],
        "sourceSceneCount": 3,
        "floodProbability": 0.463,
        "confidence": 0.65,
        "classification": "possible_flood",
        "vvMean": 81.68,
        "vhMean": 38.2,
        "method": "sentinel1-multiscene-hybrid-v3",
        "georeference": "copernicus-stac-bbox-linearized"
      },
      "geometry": {
        "type": "Polygon",
        "coordinates": [
          [
            [
              37.2920625,
              -2.6616904761904765
            ],
            [
              37.293625,
              -2.6616904761904765
            ],
            [
              37.293625,
              -2.660142857142857
            ],
            [
              37.2920625,
              -2.660142857142857
            ],
            [
              37.2920625,
              -2.6616904761904765
            ]
          ]
        ]
      }
    },
    {
      "type": "Feature",
      "properties": {
        "cellId": "s1-duringFlooding-24-42",
        "window": "duringFlooding",
        "observedAt": "2026-03-16T15:47:47.961154Z",
        "sceneId": "S1A_IW_GRDH_1SDV_20260309T155545_20260309T155610_063552_07FC94_E210_COG,S1C_IW_GRDH_1SDV_20260312T031130_20260312T031155_006725_00D94D_F15F_COG,S1A_IW_GRDH_1SDV_20260316T154747_20260316T154812_063654_080064_6B83_COG",
        "sceneIds": [
          "S1A_IW_GRDH_1SDV_20260309T155545_20260309T155610_063552_07FC94_E210_COG",
          "S1C_IW_GRDH_1SDV_20260312T031130_20260312T031155_006725_00D94D_F15F_COG",
          "S1A_IW_GRDH_1SDV_20260316T154747_20260316T154812_063654_080064_6B83_COG"
        ],
        "sourceSceneCount": 3,
        "floodProbability": 0.504,
        "confidence": 0.629,
        "classification": "possible_flood",
        "vvMean": 84.96,
        "vhMean": 39.89,
        "method": "sentinel1-multiscene-hybrid-v3",
        "georeference": "copernicus-stac-bbox-linearized"
      },
      "geometry": {
        "type": "Polygon",
        "coordinates": [
          [
            [
              37.293625,
              -2.6616904761904765
            ],
            [
              37.2951875,
              -2.6616904761904765
            ],
            [
              37.2951875,
              -2.660142857142857
            ],
            [
              37.293625,
              -2.660142857142857
            ],
            [
              37.293625,
              -2.6616904761904765
            ]
          ]
        ]
      }
    },
    {
      "type": "Feature",
      "properties": {
        "cellId": "s1-duringFlooding-24-43",
        "window": "duringFlooding",
        "observedAt": "2026-03-16T15:47:47.961154Z",
        "sceneId": "S1A_IW_GRDH_1SDV_20260309T155545_20260309T155610_063552_07FC94_E210_COG,S1C_IW_GRDH_1SDV_20260312T031130_20260312T031155_006725_00D94D_F15F_COG,S1A_IW_GRDH_1SDV_20260316T154747_20260316T154812_063654_080064_6B83_COG",
        "sceneIds": [
          "S1A_IW_GRDH_1SDV_20260309T155545_20260309T155610_063552_07FC94_E210_COG",
          "S1C_IW_GRDH_1SDV_20260312T031130_20260312T031155_006725_00D94D_F15F_COG",
          "S1A_IW_GRDH_1SDV_20260316T154747_20260316T154812_063654_080064_6B83_COG"
        ],
        "sourceSceneCount": 3,
        "floodProbability": 0.469,
        "confidence": 0.646,
        "classification": "possible_flood",
        "vvMean": 75.22,
        "vhMean": 38.37,
        "method": "sentinel1-multiscene-hybrid-v3",
        "georeference": "copernicus-stac-bbox-linearized"
      },
      "geometry": {
        "type": "Polygon",
        "coordinates": [
          [
            [
              37.2951875,
              -2.6616904761904765
            ],
            [
              37.296749999999996,
              -2.6616904761904765
            ],
            [
              37.296749999999996,
              -2.660142857142857
            ],
            [
              37.2951875,
              -2.660142857142857
            ],
            [
              37.2951875,
              -2.6616904761904765
            ]
          ]
        ]
      }
    },
    {
      "type": "Feature",
      "properties": {
        "cellId": "s1-duringFlooding-24-47",
        "window": "duringFlooding",
        "observedAt": "2026-03-16T15:47:47.961154Z",
        "sceneId": "S1A_IW_GRDH_1SDV_20260309T155545_20260309T155610_063552_07FC94_E210_COG,S1C_IW_GRDH_1SDV_20260312T031130_20260312T031155_006725_00D94D_F15F_COG,S1A_IW_GRDH_1SDV_20260316T154747_20260316T154812_063654_080064_6B83_COG",
        "sceneIds": [
          "S1A_IW_GRDH_1SDV_20260309T155545_20260309T155610_063552_07FC94_E210_COG",
          "S1C_IW_GRDH_1SDV_20260312T031130_20260312T031155_006725_00D94D_F15F_COG",
          "S1A_IW_GRDH_1SDV_20260316T154747_20260316T154812_063654_080064_6B83_COG"
        ],
        "sourceSceneCount": 3,
        "floodProbability": 0.458,
        "confidence": 0.653,
        "classification": "possible_flood",
        "vvMean": 68.61,
        "vhMean": 41.83,
        "method": "sentinel1-multiscene-hybrid-v3",
        "georeference": "copernicus-stac-bbox-linearized"
      },
      "geometry": {
        "type": "Polygon",
        "coordinates": [
          [
            [
              37.3014375,
              -2.6616904761904765
            ],
            [
              37.303,
              -2.6616904761904765
            ],
            [
              37.303,
              -2.660142857142857
            ],
            [
              37.3014375,
              -2.660142857142857
            ],
            [
              37.3014375,
              -2.6616904761904765
            ]
          ]
        ]
      }
    },
    {
      "type": "Feature",
      "properties": {
        "cellId": "s1-duringFlooding-25-27",
        "window": "duringFlooding",
        "observedAt": "2026-03-16T15:47:47.961154Z",
        "sceneId": "S1A_IW_GRDH_1SDV_20260309T155545_20260309T155610_063552_07FC94_E210_COG,S1C_IW_GRDH_1SDV_20260312T031130_20260312T031155_006725_00D94D_F15F_COG,S1A_IW_GRDH_1SDV_20260316T154747_20260316T154812_063654_080064_6B83_COG",
        "sceneIds": [
          "S1A_IW_GRDH_1SDV_20260309T155545_20260309T155610_063552_07FC94_E210_COG",
          "S1C_IW_GRDH_1SDV_20260312T031130_20260312T031155_006725_00D94D_F15F_COG",
          "S1A_IW_GRDH_1SDV_20260316T154747_20260316T154812_063654_080064_6B83_COG"
        ],
        "sourceSceneCount": 3,
        "floodProbability": 0.47,
        "confidence": 0.646,
        "classification": "possible_flood",
        "vvMean": 76.13,
        "vhMean": 33.46,
        "method": "sentinel1-multiscene-hybrid-v3",
        "georeference": "copernicus-stac-bbox-linearized"
      },
      "geometry": {
        "type": "Polygon",
        "coordinates": [
          [
            [
              37.2701875,
              -2.6632380952380954
            ],
            [
              37.27175,
              -2.6632380952380954
            ],
            [
              37.27175,
              -2.6616904761904765
            ],
            [
              37.2701875,
              -2.6616904761904765
            ],
            [
              37.2701875,
              -2.6632380952380954
            ]
          ]
        ]
      }
    },
    {
      "type": "Feature",
      "properties": {
        "cellId": "s1-duringFlooding-25-28",
        "window": "duringFlooding",
        "observedAt": "2026-03-16T15:47:47.961154Z",
        "sceneId": "S1A_IW_GRDH_1SDV_20260309T155545_20260309T155610_063552_07FC94_E210_COG,S1C_IW_GRDH_1SDV_20260312T031130_20260312T031155_006725_00D94D_F15F_COG,S1A_IW_GRDH_1SDV_20260316T154747_20260316T154812_063654_080064_6B83_COG",
        "sceneIds": [
          "S1A_IW_GRDH_1SDV_20260309T155545_20260309T155610_063552_07FC94_E210_COG",
          "S1C_IW_GRDH_1SDV_20260312T031130_20260312T031155_006725_00D94D_F15F_COG",
          "S1A_IW_GRDH_1SDV_20260316T154747_20260316T154812_063654_080064_6B83_COG"
        ],
        "sourceSceneCount": 3,
        "floodProbability": 0.532,
        "confidence": 0.647,
        "classification": "probable_flood",
        "vvMean": 70.46,
        "vhMean": 35.35,
        "method": "sentinel1-multiscene-hybrid-v3",
        "georeference": "copernicus-stac-bbox-linearized"
      },
      "geometry": {
        "type": "Polygon",
        "coordinates": [
          [
            [
              37.27175,
              -2.6632380952380954
            ],
            [
              37.273312499999996,
              -2.6632380952380954
            ],
            [
              37.273312499999996,
              -2.6616904761904765
            ],
            [
              37.27175,
              -2.6616904761904765
            ],
            [
              37.27175,
              -2.6632380952380954
            ]
          ]
        ]
      }
    },
    {
      "type": "Feature",
      "properties": {
        "cellId": "s1-duringFlooding-25-30",
        "window": "duringFlooding",
        "observedAt": "2026-03-16T15:47:47.961154Z",
        "sceneId": "S1A_IW_GRDH_1SDV_20260309T155545_20260309T155610_063552_07FC94_E210_COG,S1C_IW_GRDH_1SDV_20260312T031130_20260312T031155_006725_00D94D_F15F_COG,S1A_IW_GRDH_1SDV_20260316T154747_20260316T154812_063654_080064_6B83_COG",
        "sceneIds": [
          "S1A_IW_GRDH_1SDV_20260309T155545_20260309T155610_063552_07FC94_E210_COG",
          "S1C_IW_GRDH_1SDV_20260312T031130_20260312T031155_006725_00D94D_F15F_COG",
          "S1A_IW_GRDH_1SDV_20260316T154747_20260316T154812_063654_080064_6B83_COG"
        ],
        "sourceSceneCount": 3,
        "floodProbability": 0.511,
        "confidence": 0.634,
        "classification": "possible_flood",
        "vvMean": 69.84,
        "vhMean": 35.4,
        "method": "sentinel1-multiscene-hybrid-v3",
        "georeference": "copernicus-stac-bbox-linearized"
      },
      "geometry": {
        "type": "Polygon",
        "coordinates": [
          [
            [
              37.274875,
              -2.6632380952380954
            ],
            [
              37.2764375,
              -2.6632380952380954
            ],
            [
              37.2764375,
              -2.6616904761904765
            ],
            [
              37.274875,
              -2.6616904761904765
            ],
            [
              37.274875,
              -2.6632380952380954
            ]
          ]
        ]
      }
    },
    {
      "type": "Feature",
      "properties": {
        "cellId": "s1-duringFlooding-25-44",
        "window": "duringFlooding",
        "observedAt": "2026-03-16T15:47:47.961154Z",
        "sceneId": "S1A_IW_GRDH_1SDV_20260309T155545_20260309T155610_063552_07FC94_E210_COG,S1C_IW_GRDH_1SDV_20260312T031130_20260312T031155_006725_00D94D_F15F_COG,S1A_IW_GRDH_1SDV_20260316T154747_20260316T154812_063654_080064_6B83_COG",
        "sceneIds": [
          "S1A_IW_GRDH_1SDV_20260309T155545_20260309T155610_063552_07FC94_E210_COG",
          "S1C_IW_GRDH_1SDV_20260312T031130_20260312T031155_006725_00D94D_F15F_COG",
          "S1A_IW_GRDH_1SDV_20260316T154747_20260316T154812_063654_080064_6B83_COG"
        ],
        "sourceSceneCount": 3,
        "floodProbability": 0.54,
        "confidence": 0.652,
        "classification": "probable_flood",
        "vvMean": 60.83,
        "vhMean": 34.46,
        "method": "sentinel1-multiscene-hybrid-v3",
        "georeference": "copernicus-stac-bbox-linearized"
      },
      "geometry": {
        "type": "Polygon",
        "coordinates": [
          [
            [
              37.296749999999996,
              -2.6632380952380954
            ],
            [
              37.298312499999994,
              -2.6632380952380954
            ],
            [
              37.298312499999994,
              -2.6616904761904765
            ],
            [
              37.296749999999996,
              -2.6616904761904765
            ],
            [
              37.296749999999996,
              -2.6632380952380954
            ]
          ]
        ]
      }
    },
    {
      "type": "Feature",
      "properties": {
        "cellId": "s1-duringFlooding-25-47",
        "window": "duringFlooding",
        "observedAt": "2026-03-16T15:47:47.961154Z",
        "sceneId": "S1A_IW_GRDH_1SDV_20260309T155545_20260309T155610_063552_07FC94_E210_COG,S1C_IW_GRDH_1SDV_20260312T031130_20260312T031155_006725_00D94D_F15F_COG,S1A_IW_GRDH_1SDV_20260316T154747_20260316T154812_063654_080064_6B83_COG",
        "sceneIds": [
          "S1A_IW_GRDH_1SDV_20260309T155545_20260309T155610_063552_07FC94_E210_COG",
          "S1C_IW_GRDH_1SDV_20260312T031130_20260312T031155_006725_00D94D_F15F_COG",
          "S1A_IW_GRDH_1SDV_20260316T154747_20260316T154812_063654_080064_6B83_COG"
        ],
        "sourceSceneCount": 3,
        "floodProbability": 0.477,
        "confidence": 0.641,
        "classification": "possible_flood",
        "vvMean": 69.31,
        "vhMean": 37.76,
        "method": "sentinel1-multiscene-hybrid-v3",
        "georeference": "copernicus-stac-bbox-linearized"
      },
      "geometry": {
        "type": "Polygon",
        "coordinates": [
          [
            [
              37.3014375,
              -2.6632380952380954
            ],
            [
              37.303,
              -2.6632380952380954
            ],
            [
              37.303,
              -2.6616904761904765
            ],
            [
              37.3014375,
              -2.6616904761904765
            ],
            [
              37.3014375,
              -2.6632380952380954
            ]
          ]
        ]
      }
    },
    {
      "type": "Feature",
      "properties": {
        "cellId": "s1-duringFlooding-26-28",
        "window": "duringFlooding",
        "observedAt": "2026-03-16T15:47:47.961154Z",
        "sceneId": "S1A_IW_GRDH_1SDV_20260309T155545_20260309T155610_063552_07FC94_E210_COG,S1C_IW_GRDH_1SDV_20260312T031130_20260312T031155_006725_00D94D_F15F_COG,S1A_IW_GRDH_1SDV_20260316T154747_20260316T154812_063654_080064_6B83_COG",
        "sceneIds": [
          "S1A_IW_GRDH_1SDV_20260309T155545_20260309T155610_063552_07FC94_E210_COG",
          "S1C_IW_GRDH_1SDV_20260312T031130_20260312T031155_006725_00D94D_F15F_COG",
          "S1A_IW_GRDH_1SDV_20260316T154747_20260316T154812_063654_080064_6B83_COG"
        ],
        "sourceSceneCount": 3,
        "floodProbability": 0.465,
        "confidence": 0.648,
        "classification": "possible_flood",
        "vvMean": 75.72,
        "vhMean": 36.98,
        "method": "sentinel1-multiscene-hybrid-v3",
        "georeference": "copernicus-stac-bbox-linearized"
      },
      "geometry": {
        "type": "Polygon",
        "coordinates": [
          [
            [
              37.27175,
              -2.6647857142857143
            ],
            [
              37.273312499999996,
              -2.6647857142857143
            ],
            [
              37.273312499999996,
              -2.6632380952380954
            ],
            [
              37.27175,
              -2.6632380952380954
            ],
            [
              37.27175,
              -2.6647857142857143
            ]
          ]
        ]
      }
    },
    {
      "type": "Feature",
      "properties": {
        "cellId": "s1-duringFlooding-26-30",
        "window": "duringFlooding",
        "observedAt": "2026-03-16T15:47:47.961154Z",
        "sceneId": "S1A_IW_GRDH_1SDV_20260309T155545_20260309T155610_063552_07FC94_E210_COG,S1C_IW_GRDH_1SDV_20260312T031130_20260312T031155_006725_00D94D_F15F_COG,S1A_IW_GRDH_1SDV_20260316T154747_20260316T154812_063654_080064_6B83_COG",
        "sceneIds": [
          "S1A_IW_GRDH_1SDV_20260309T155545_20260309T155610_063552_07FC94_E210_COG",
          "S1C_IW_GRDH_1SDV_20260312T031130_20260312T031155_006725_00D94D_F15F_COG",
          "S1A_IW_GRDH_1SDV_20260316T154747_20260316T154812_063654_080064_6B83_COG"
        ],
        "sourceSceneCount": 3,
        "floodProbability": 0.457,
        "confidence": 0.653,
        "classification": "possible_flood",
        "vvMean": 70.28,
        "vhMean": 38.69,
        "method": "sentinel1-multiscene-hybrid-v3",
        "georeference": "copernicus-stac-bbox-linearized"
      },
      "geometry": {
        "type": "Polygon",
        "coordinates": [
          [
            [
              37.274875,
              -2.6647857142857143
            ],
            [
              37.2764375,
              -2.6647857142857143
            ],
            [
              37.2764375,
              -2.6632380952380954
            ],
            [
              37.274875,
              -2.6632380952380954
            ],
            [
              37.274875,
              -2.6647857142857143
            ]
          ]
        ]
      }
    },
    {
      "type": "Feature",
      "properties": {
        "cellId": "s1-duringFlooding-27-28",
        "window": "duringFlooding",
        "observedAt": "2026-03-16T15:47:47.961154Z",
        "sceneId": "S1A_IW_GRDH_1SDV_20260309T155545_20260309T155610_063552_07FC94_E210_COG,S1C_IW_GRDH_1SDV_20260312T031130_20260312T031155_006725_00D94D_F15F_COG,S1A_IW_GRDH_1SDV_20260316T154747_20260316T154812_063654_080064_6B83_COG",
        "sceneIds": [
          "S1A_IW_GRDH_1SDV_20260309T155545_20260309T155610_063552_07FC94_E210_COG",
          "S1C_IW_GRDH_1SDV_20260312T031130_20260312T031155_006725_00D94D_F15F_COG",
          "S1A_IW_GRDH_1SDV_20260316T154747_20260316T154812_063654_080064_6B83_COG"
        ],
        "sourceSceneCount": 3,
        "floodProbability": 0.497,
        "confidence": 0.629,
        "classification": "possible_flood",
        "vvMean": 70.32,
        "vhMean": 36.8,
        "method": "sentinel1-multiscene-hybrid-v3",
        "georeference": "copernicus-stac-bbox-linearized"
      },
      "geometry": {
        "type": "Polygon",
        "coordinates": [
          [
            [
              37.27175,
              -2.6663333333333337
            ],
            [
              37.273312499999996,
              -2.6663333333333337
            ],
            [
              37.273312499999996,
              -2.6647857142857143
            ],
            [
              37.27175,
              -2.6647857142857143
            ],
            [
              37.27175,
              -2.6663333333333337
            ]
          ]
        ]
      }
    },
    {
      "type": "Feature",
      "properties": {
        "cellId": "s1-duringFlooding-27-29",
        "window": "duringFlooding",
        "observedAt": "2026-03-16T15:47:47.961154Z",
        "sceneId": "S1A_IW_GRDH_1SDV_20260309T155545_20260309T155610_063552_07FC94_E210_COG,S1C_IW_GRDH_1SDV_20260312T031130_20260312T031155_006725_00D94D_F15F_COG,S1A_IW_GRDH_1SDV_20260316T154747_20260316T154812_063654_080064_6B83_COG",
        "sceneIds": [
          "S1A_IW_GRDH_1SDV_20260309T155545_20260309T155610_063552_07FC94_E210_COG",
          "S1C_IW_GRDH_1SDV_20260312T031130_20260312T031155_006725_00D94D_F15F_COG",
          "S1A_IW_GRDH_1SDV_20260316T154747_20260316T154812_063654_080064_6B83_COG"
        ],
        "sourceSceneCount": 3,
        "floodProbability": 0.487,
        "confidence": 0.635,
        "classification": "possible_flood",
        "vvMean": 70.19,
        "vhMean": 36.19,
        "method": "sentinel1-multiscene-hybrid-v3",
        "georeference": "copernicus-stac-bbox-linearized"
      },
      "geometry": {
        "type": "Polygon",
        "coordinates": [
          [
            [
              37.273312499999996,
              -2.6663333333333337
            ],
            [
              37.274875,
              -2.6663333333333337
            ],
            [
              37.274875,
              -2.6647857142857143
            ],
            [
              37.273312499999996,
              -2.6647857142857143
            ],
            [
              37.273312499999996,
              -2.6663333333333337
            ]
          ]
        ]
      }
    },
    {
      "type": "Feature",
      "properties": {
        "cellId": "s1-duringFlooding-28-29",
        "window": "duringFlooding",
        "observedAt": "2026-03-16T15:47:47.961154Z",
        "sceneId": "S1A_IW_GRDH_1SDV_20260309T155545_20260309T155610_063552_07FC94_E210_COG,S1C_IW_GRDH_1SDV_20260312T031130_20260312T031155_006725_00D94D_F15F_COG,S1A_IW_GRDH_1SDV_20260316T154747_20260316T154812_063654_080064_6B83_COG",
        "sceneIds": [
          "S1A_IW_GRDH_1SDV_20260309T155545_20260309T155610_063552_07FC94_E210_COG",
          "S1C_IW_GRDH_1SDV_20260312T031130_20260312T031155_006725_00D94D_F15F_COG",
          "S1A_IW_GRDH_1SDV_20260316T154747_20260316T154812_063654_080064_6B83_COG"
        ],
        "sourceSceneCount": 3,
        "floodProbability": 0.466,
        "confidence": 0.648,
        "classification": "possible_flood",
        "vvMean": 65.71,
        "vhMean": 39.6,
        "method": "sentinel1-multiscene-hybrid-v3",
        "georeference": "copernicus-stac-bbox-linearized"
      },
      "geometry": {
        "type": "Polygon",
        "coordinates": [
          [
            [
              37.273312499999996,
              -2.6678809523809526
            ],
            [
              37.274875,
              -2.6678809523809526
            ],
            [
              37.274875,
              -2.6663333333333337
            ],
            [
              37.273312499999996,
              -2.6663333333333337
            ],
            [
              37.273312499999996,
              -2.6678809523809526
            ]
          ]
        ]
      }
    },
    {
      "type": "Feature",
      "properties": {
        "cellId": "s1-duringFlooding-28-31",
        "window": "duringFlooding",
        "observedAt": "2026-03-16T15:47:47.961154Z",
        "sceneId": "S1A_IW_GRDH_1SDV_20260309T155545_20260309T155610_063552_07FC94_E210_COG,S1C_IW_GRDH_1SDV_20260312T031130_20260312T031155_006725_00D94D_F15F_COG,S1A_IW_GRDH_1SDV_20260316T154747_20260316T154812_063654_080064_6B83_COG",
        "sceneIds": [
          "S1A_IW_GRDH_1SDV_20260309T155545_20260309T155610_063552_07FC94_E210_COG",
          "S1C_IW_GRDH_1SDV_20260312T031130_20260312T031155_006725_00D94D_F15F_COG",
          "S1A_IW_GRDH_1SDV_20260316T154747_20260316T154812_063654_080064_6B83_COG"
        ],
        "sourceSceneCount": 3,
        "floodProbability": 0.451,
        "confidence": 0.658,
        "classification": "possible_flood",
        "vvMean": 72.57,
        "vhMean": 41.46,
        "method": "sentinel1-multiscene-hybrid-v3",
        "georeference": "copernicus-stac-bbox-linearized"
      },
      "geometry": {
        "type": "Polygon",
        "coordinates": [
          [
            [
              37.2764375,
              -2.6678809523809526
            ],
            [
              37.278,
              -2.6678809523809526
            ],
            [
              37.278,
              -2.6663333333333337
            ],
            [
              37.2764375,
              -2.6663333333333337
            ],
            [
              37.2764375,
              -2.6678809523809526
            ]
          ]
        ]
      }
    },
    {
      "type": "Feature",
      "properties": {
        "cellId": "s1-duringFlooding-29-33",
        "window": "duringFlooding",
        "observedAt": "2026-03-16T15:47:47.961154Z",
        "sceneId": "S1A_IW_GRDH_1SDV_20260309T155545_20260309T155610_063552_07FC94_E210_COG,S1C_IW_GRDH_1SDV_20260312T031130_20260312T031155_006725_00D94D_F15F_COG,S1A_IW_GRDH_1SDV_20260316T154747_20260316T154812_063654_080064_6B83_COG",
        "sceneIds": [
          "S1A_IW_GRDH_1SDV_20260309T155545_20260309T155610_063552_07FC94_E210_COG",
          "S1C_IW_GRDH_1SDV_20260312T031130_20260312T031155_006725_00D94D_F15F_COG",
          "S1A_IW_GRDH_1SDV_20260316T154747_20260316T154812_063654_080064_6B83_COG"
        ],
        "sourceSceneCount": 3,
        "floodProbability": 0.489,
        "confidence": 0.634,
        "classification": "possible_flood",
        "vvMean": 68.46,
        "vhMean": 39.83,
        "method": "sentinel1-multiscene-hybrid-v3",
        "georeference": "copernicus-stac-bbox-linearized"
      },
      "geometry": {
        "type": "Polygon",
        "coordinates": [
          [
            [
              37.2795625,
              -2.6694285714285715
            ],
            [
              37.281124999999996,
              -2.6694285714285715
            ],
            [
              37.281124999999996,
              -2.6678809523809526
            ],
            [
              37.2795625,
              -2.6678809523809526
            ],
            [
              37.2795625,
              -2.6694285714285715
            ]
          ]
        ]
      }
    },
    {
      "type": "Feature",
      "properties": {
        "cellId": "s1-duringFlooding-29-34",
        "window": "duringFlooding",
        "observedAt": "2026-03-16T15:47:47.961154Z",
        "sceneId": "S1A_IW_GRDH_1SDV_20260309T155545_20260309T155610_063552_07FC94_E210_COG,S1C_IW_GRDH_1SDV_20260312T031130_20260312T031155_006725_00D94D_F15F_COG,S1A_IW_GRDH_1SDV_20260316T154747_20260316T154812_063654_080064_6B83_COG",
        "sceneIds": [
          "S1A_IW_GRDH_1SDV_20260309T155545_20260309T155610_063552_07FC94_E210_COG",
          "S1C_IW_GRDH_1SDV_20260312T031130_20260312T031155_006725_00D94D_F15F_COG",
          "S1A_IW_GRDH_1SDV_20260316T154747_20260316T154812_063654_080064_6B83_COG"
        ],
        "sourceSceneCount": 3,
        "floodProbability": 0.464,
        "confidence": 0.649,
        "classification": "possible_flood",
        "vvMean": 75.46,
        "vhMean": 39.23,
        "method": "sentinel1-multiscene-hybrid-v3",
        "georeference": "copernicus-stac-bbox-linearized"
      },
      "geometry": {
        "type": "Polygon",
        "coordinates": [
          [
            [
              37.281124999999996,
              -2.6694285714285715
            ],
            [
              37.2826875,
              -2.6694285714285715
            ],
            [
              37.2826875,
              -2.6678809523809526
            ],
            [
              37.281124999999996,
              -2.6678809523809526
            ],
            [
              37.281124999999996,
              -2.6694285714285715
            ]
          ]
        ]
      }
    },
    {
      "type": "Feature",
      "properties": {
        "cellId": "s1-duringFlooding-29-35",
        "window": "duringFlooding",
        "observedAt": "2026-03-16T15:47:47.961154Z",
        "sceneId": "S1A_IW_GRDH_1SDV_20260309T155545_20260309T155610_063552_07FC94_E210_COG,S1C_IW_GRDH_1SDV_20260312T031130_20260312T031155_006725_00D94D_F15F_COG,S1A_IW_GRDH_1SDV_20260316T154747_20260316T154812_063654_080064_6B83_COG",
        "sceneIds": [
          "S1A_IW_GRDH_1SDV_20260309T155545_20260309T155610_063552_07FC94_E210_COG",
          "S1C_IW_GRDH_1SDV_20260312T031130_20260312T031155_006725_00D94D_F15F_COG",
          "S1A_IW_GRDH_1SDV_20260316T154747_20260316T154812_063654_080064_6B83_COG"
        ],
        "sourceSceneCount": 3,
        "floodProbability": 0.541,
        "confidence": 0.652,
        "classification": "probable_flood",
        "vvMean": 71.6,
        "vhMean": 36.27,
        "method": "sentinel1-multiscene-hybrid-v3",
        "georeference": "copernicus-stac-bbox-linearized"
      },
      "geometry": {
        "type": "Polygon",
        "coordinates": [
          [
            [
              37.2826875,
              -2.6694285714285715
            ],
            [
              37.28425,
              -2.6694285714285715
            ],
            [
              37.28425,
              -2.6678809523809526
            ],
            [
              37.2826875,
              -2.6678809523809526
            ],
            [
              37.2826875,
              -2.6694285714285715
            ]
          ]
        ]
      }
    },
    {
      "type": "Feature",
      "properties": {
        "cellId": "s1-duringFlooding-29-43",
        "window": "duringFlooding",
        "observedAt": "2026-03-16T15:47:47.961154Z",
        "sceneId": "S1A_IW_GRDH_1SDV_20260309T155545_20260309T155610_063552_07FC94_E210_COG,S1C_IW_GRDH_1SDV_20260312T031130_20260312T031155_006725_00D94D_F15F_COG,S1A_IW_GRDH_1SDV_20260316T154747_20260316T154812_063654_080064_6B83_COG",
        "sceneIds": [
          "S1A_IW_GRDH_1SDV_20260309T155545_20260309T155610_063552_07FC94_E210_COG",
          "S1C_IW_GRDH_1SDV_20260312T031130_20260312T031155_006725_00D94D_F15F_COG",
          "S1A_IW_GRDH_1SDV_20260316T154747_20260316T154812_063654_080064_6B83_COG"
        ],
        "sourceSceneCount": 3,
        "floodProbability": 0.472,
        "confidence": 0.644,
        "classification": "possible_flood",
        "vvMean": 82.81,
        "vhMean": 35.44,
        "method": "sentinel1-multiscene-hybrid-v3",
        "georeference": "copernicus-stac-bbox-linearized"
      },
      "geometry": {
        "type": "Polygon",
        "coordinates": [
          [
            [
              37.2951875,
              -2.6694285714285715
            ],
            [
              37.296749999999996,
              -2.6694285714285715
            ],
            [
              37.296749999999996,
              -2.6678809523809526
            ],
            [
              37.2951875,
              -2.6678809523809526
            ],
            [
              37.2951875,
              -2.6694285714285715
            ]
          ]
        ]
      }
    },
    {
      "type": "Feature",
      "properties": {
        "cellId": "s1-duringFlooding-30-31",
        "window": "duringFlooding",
        "observedAt": "2026-03-16T15:47:47.961154Z",
        "sceneId": "S1A_IW_GRDH_1SDV_20260309T155545_20260309T155610_063552_07FC94_E210_COG,S1C_IW_GRDH_1SDV_20260312T031130_20260312T031155_006725_00D94D_F15F_COG,S1A_IW_GRDH_1SDV_20260316T154747_20260316T154812_063654_080064_6B83_COG",
        "sceneIds": [
          "S1A_IW_GRDH_1SDV_20260309T155545_20260309T155610_063552_07FC94_E210_COG",
          "S1C_IW_GRDH_1SDV_20260312T031130_20260312T031155_006725_00D94D_F15F_COG",
          "S1A_IW_GRDH_1SDV_20260316T154747_20260316T154812_063654_080064_6B83_COG"
        ],
        "sourceSceneCount": 3,
        "floodProbability": 0.453,
        "confidence": 0.656,
        "classification": "possible_flood",
        "vvMean": 71.41,
        "vhMean": 42.55,
        "method": "sentinel1-multiscene-hybrid-v3",
        "georeference": "copernicus-stac-bbox-linearized"
      },
      "geometry": {
        "type": "Polygon",
        "coordinates": [
          [
            [
              37.2764375,
              -2.670976190476191
            ],
            [
              37.278,
              -2.670976190476191
            ],
            [
              37.278,
              -2.6694285714285715
            ],
            [
              37.2764375,
              -2.6694285714285715
            ],
            [
              37.2764375,
              -2.670976190476191
            ]
          ]
        ]
      }
    },
    {
      "type": "Feature",
      "properties": {
        "cellId": "s1-duringFlooding-30-34",
        "window": "duringFlooding",
        "observedAt": "2026-03-16T15:47:47.961154Z",
        "sceneId": "S1A_IW_GRDH_1SDV_20260309T155545_20260309T155610_063552_07FC94_E210_COG,S1C_IW_GRDH_1SDV_20260312T031130_20260312T031155_006725_00D94D_F15F_COG,S1A_IW_GRDH_1SDV_20260316T154747_20260316T154812_063654_080064_6B83_COG",
        "sceneIds": [
          "S1A_IW_GRDH_1SDV_20260309T155545_20260309T155610_063552_07FC94_E210_COG",
          "S1C_IW_GRDH_1SDV_20260312T031130_20260312T031155_006725_00D94D_F15F_COG",
          "S1A_IW_GRDH_1SDV_20260316T154747_20260316T154812_063654_080064_6B83_COG"
        ],
        "sourceSceneCount": 3,
        "floodProbability": 0.468,
        "confidence": 0.647,
        "classification": "possible_flood",
        "vvMean": 75.1,
        "vhMean": 39.1,
        "method": "sentinel1-multiscene-hybrid-v3",
        "georeference": "copernicus-stac-bbox-linearized"
      },
      "geometry": {
        "type": "Polygon",
        "coordinates": [
          [
            [
              37.281124999999996,
              -2.670976190476191
            ],
            [
              37.2826875,
              -2.670976190476191
            ],
            [
              37.2826875,
              -2.6694285714285715
            ],
            [
              37.281124999999996,
              -2.6694285714285715
            ],
            [
              37.281124999999996,
              -2.670976190476191
            ]
          ]
        ]
      }
    },
    {
      "type": "Feature",
      "properties": {
        "cellId": "s1-duringFlooding-30-35",
        "window": "duringFlooding",
        "observedAt": "2026-03-16T15:47:47.961154Z",
        "sceneId": "S1A_IW_GRDH_1SDV_20260309T155545_20260309T155610_063552_07FC94_E210_COG,S1C_IW_GRDH_1SDV_20260312T031130_20260312T031155_006725_00D94D_F15F_COG,S1A_IW_GRDH_1SDV_20260316T154747_20260316T154812_063654_080064_6B83_COG",
        "sceneIds": [
          "S1A_IW_GRDH_1SDV_20260309T155545_20260309T155610_063552_07FC94_E210_COG",
          "S1C_IW_GRDH_1SDV_20260312T031130_20260312T031155_006725_00D94D_F15F_COG",
          "S1A_IW_GRDH_1SDV_20260316T154747_20260316T154812_063654_080064_6B83_COG"
        ],
        "sourceSceneCount": 3,
        "floodProbability": 0.545,
        "confidence": 0.655,
        "classification": "probable_flood",
        "vvMean": 71.65,
        "vhMean": 39.46,
        "method": "sentinel1-multiscene-hybrid-v3",
        "georeference": "copernicus-stac-bbox-linearized"
      },
      "geometry": {
        "type": "Polygon",
        "coordinates": [
          [
            [
              37.2826875,
              -2.670976190476191
            ],
            [
              37.28425,
              -2.670976190476191
            ],
            [
              37.28425,
              -2.6694285714285715
            ],
            [
              37.2826875,
              -2.6694285714285715
            ],
            [
              37.2826875,
              -2.670976190476191
            ]
          ]
        ]
      }
    },
    {
      "type": "Feature",
      "properties": {
        "cellId": "s1-duringFlooding-30-38",
        "window": "duringFlooding",
        "observedAt": "2026-03-16T15:47:47.961154Z",
        "sceneId": "S1A_IW_GRDH_1SDV_20260309T155545_20260309T155610_063552_07FC94_E210_COG,S1C_IW_GRDH_1SDV_20260312T031130_20260312T031155_006725_00D94D_F15F_COG,S1A_IW_GRDH_1SDV_20260316T154747_20260316T154812_063654_080064_6B83_COG",
        "sceneIds": [
          "S1A_IW_GRDH_1SDV_20260309T155545_20260309T155610_063552_07FC94_E210_COG",
          "S1C_IW_GRDH_1SDV_20260312T031130_20260312T031155_006725_00D94D_F15F_COG",
          "S1A_IW_GRDH_1SDV_20260316T154747_20260316T154812_063654_080064_6B83_COG"
        ],
        "sourceSceneCount": 3,
        "floodProbability": 0.477,
        "confidence": 0.641,
        "classification": "possible_flood",
        "vvMean": 75.22,
        "vhMean": 37.81,
        "method": "sentinel1-multiscene-hybrid-v3",
        "georeference": "copernicus-stac-bbox-linearized"
      },
      "geometry": {
        "type": "Polygon",
        "coordinates": [
          [
            [
              37.287375,
              -2.670976190476191
            ],
            [
              37.288937499999996,
              -2.670976190476191
            ],
            [
              37.288937499999996,
              -2.6694285714285715
            ],
            [
              37.287375,
              -2.6694285714285715
            ],
            [
              37.287375,
              -2.670976190476191
            ]
          ]
        ]
      }
    },
    {
      "type": "Feature",
      "properties": {
        "cellId": "s1-duringFlooding-30-39",
        "window": "duringFlooding",
        "observedAt": "2026-03-16T15:47:47.961154Z",
        "sceneId": "S1A_IW_GRDH_1SDV_20260309T155545_20260309T155610_063552_07FC94_E210_COG,S1C_IW_GRDH_1SDV_20260312T031130_20260312T031155_006725_00D94D_F15F_COG,S1A_IW_GRDH_1SDV_20260316T154747_20260316T154812_063654_080064_6B83_COG",
        "sceneIds": [
          "S1A_IW_GRDH_1SDV_20260309T155545_20260309T155610_063552_07FC94_E210_COG",
          "S1C_IW_GRDH_1SDV_20260312T031130_20260312T031155_006725_00D94D_F15F_COG",
          "S1A_IW_GRDH_1SDV_20260316T154747_20260316T154812_063654_080064_6B83_COG"
        ],
        "sourceSceneCount": 3,
        "floodProbability": 0.468,
        "confidence": 0.647,
        "classification": "possible_flood",
        "vvMean": 79.82,
        "vhMean": 44.56,
        "method": "sentinel1-multiscene-hybrid-v3",
        "georeference": "copernicus-stac-bbox-linearized"
      },
      "geometry": {
        "type": "Polygon",
        "coordinates": [
          [
            [
              37.288937499999996,
              -2.670976190476191
            ],
            [
              37.290499999999994,
              -2.670976190476191
            ],
            [
              37.290499999999994,
              -2.6694285714285715
            ],
            [
              37.288937499999996,
              -2.6694285714285715
            ],
            [
              37.288937499999996,
              -2.670976190476191
            ]
          ]
        ]
      }
    },
    {
      "type": "Feature",
      "properties": {
        "cellId": "s1-duringFlooding-30-44",
        "window": "duringFlooding",
        "observedAt": "2026-03-16T15:47:47.961154Z",
        "sceneId": "S1A_IW_GRDH_1SDV_20260309T155545_20260309T155610_063552_07FC94_E210_COG,S1C_IW_GRDH_1SDV_20260312T031130_20260312T031155_006725_00D94D_F15F_COG,S1A_IW_GRDH_1SDV_20260316T154747_20260316T154812_063654_080064_6B83_COG",
        "sceneIds": [
          "S1A_IW_GRDH_1SDV_20260309T155545_20260309T155610_063552_07FC94_E210_COG",
          "S1C_IW_GRDH_1SDV_20260312T031130_20260312T031155_006725_00D94D_F15F_COG",
          "S1A_IW_GRDH_1SDV_20260316T154747_20260316T154812_063654_080064_6B83_COG"
        ],
        "sourceSceneCount": 3,
        "floodProbability": 0.466,
        "confidence": 0.648,
        "classification": "possible_flood",
        "vvMean": 84.75,
        "vhMean": 39.34,
        "method": "sentinel1-multiscene-hybrid-v3",
        "georeference": "copernicus-stac-bbox-linearized"
      },
      "geometry": {
        "type": "Polygon",
        "coordinates": [
          [
            [
              37.296749999999996,
              -2.670976190476191
            ],
            [
              37.298312499999994,
              -2.670976190476191
            ],
            [
              37.298312499999994,
              -2.6694285714285715
            ],
            [
              37.296749999999996,
              -2.6694285714285715
            ],
            [
              37.296749999999996,
              -2.670976190476191
            ]
          ]
        ]
      }
    },
    {
      "type": "Feature",
      "properties": {
        "cellId": "s1-duringFlooding-31-35",
        "window": "duringFlooding",
        "observedAt": "2026-03-16T15:47:47.961154Z",
        "sceneId": "S1A_IW_GRDH_1SDV_20260309T155545_20260309T155610_063552_07FC94_E210_COG,S1C_IW_GRDH_1SDV_20260312T031130_20260312T031155_006725_00D94D_F15F_COG,S1A_IW_GRDH_1SDV_20260316T154747_20260316T154812_063654_080064_6B83_COG",
        "sceneIds": [
          "S1A_IW_GRDH_1SDV_20260309T155545_20260309T155610_063552_07FC94_E210_COG",
          "S1C_IW_GRDH_1SDV_20260312T031130_20260312T031155_006725_00D94D_F15F_COG",
          "S1A_IW_GRDH_1SDV_20260316T154747_20260316T154812_063654_080064_6B83_COG"
        ],
        "sourceSceneCount": 3,
        "floodProbability": 0.462,
        "confidence": 0.65,
        "classification": "possible_flood",
        "vvMean": 65.38,
        "vhMean": 41.64,
        "method": "sentinel1-multiscene-hybrid-v3",
        "georeference": "copernicus-stac-bbox-linearized"
      },
      "geometry": {
        "type": "Polygon",
        "coordinates": [
          [
            [
              37.2826875,
              -2.6725238095238097
            ],
            [
              37.28425,
              -2.6725238095238097
            ],
            [
              37.28425,
              -2.670976190476191
            ],
            [
              37.2826875,
              -2.670976190476191
            ],
            [
              37.2826875,
              -2.6725238095238097
            ]
          ]
        ]
      }
    },
    {
      "type": "Feature",
      "properties": {
        "cellId": "s1-duringFlooding-32-20",
        "window": "duringFlooding",
        "observedAt": "2026-03-16T15:47:47.961154Z",
        "sceneId": "S1A_IW_GRDH_1SDV_20260309T155545_20260309T155610_063552_07FC94_E210_COG,S1C_IW_GRDH_1SDV_20260312T031130_20260312T031155_006725_00D94D_F15F_COG,S1A_IW_GRDH_1SDV_20260316T154747_20260316T154812_063654_080064_6B83_COG",
        "sceneIds": [
          "S1A_IW_GRDH_1SDV_20260309T155545_20260309T155610_063552_07FC94_E210_COG",
          "S1C_IW_GRDH_1SDV_20260312T031130_20260312T031155_006725_00D94D_F15F_COG",
          "S1A_IW_GRDH_1SDV_20260316T154747_20260316T154812_063654_080064_6B83_COG"
        ],
        "sourceSceneCount": 3,
        "floodProbability": 0.504,
        "confidence": 0.63,
        "classification": "possible_flood",
        "vvMean": 77.78,
        "vhMean": 43.12,
        "method": "sentinel1-multiscene-hybrid-v3",
        "georeference": "copernicus-stac-bbox-linearized"
      },
      "geometry": {
        "type": "Polygon",
        "coordinates": [
          [
            [
              37.25925,
              -2.6740714285714287
            ],
            [
              37.2608125,
              -2.6740714285714287
            ],
            [
              37.2608125,
              -2.6725238095238097
            ],
            [
              37.25925,
              -2.6725238095238097
            ],
            [
              37.25925,
              -2.6740714285714287
            ]
          ]
        ]
      }
    },
    {
      "type": "Feature",
      "properties": {
        "cellId": "s1-duringFlooding-32-21",
        "window": "duringFlooding",
        "observedAt": "2026-03-16T15:47:47.961154Z",
        "sceneId": "S1A_IW_GRDH_1SDV_20260309T155545_20260309T155610_063552_07FC94_E210_COG,S1C_IW_GRDH_1SDV_20260312T031130_20260312T031155_006725_00D94D_F15F_COG,S1A_IW_GRDH_1SDV_20260316T154747_20260316T154812_063654_080064_6B83_COG",
        "sceneIds": [
          "S1A_IW_GRDH_1SDV_20260309T155545_20260309T155610_063552_07FC94_E210_COG",
          "S1C_IW_GRDH_1SDV_20260312T031130_20260312T031155_006725_00D94D_F15F_COG",
          "S1A_IW_GRDH_1SDV_20260316T154747_20260316T154812_063654_080064_6B83_COG"
        ],
        "sourceSceneCount": 3,
        "floodProbability": 0.451,
        "confidence": 0.657,
        "classification": "possible_flood",
        "vvMean": 95.17,
        "vhMean": 44.47,
        "method": "sentinel1-multiscene-hybrid-v3",
        "georeference": "copernicus-stac-bbox-linearized"
      },
      "geometry": {
        "type": "Polygon",
        "coordinates": [
          [
            [
              37.2608125,
              -2.6740714285714287
            ],
            [
              37.262375,
              -2.6740714285714287
            ],
            [
              37.262375,
              -2.6725238095238097
            ],
            [
              37.2608125,
              -2.6725238095238097
            ],
            [
              37.2608125,
              -2.6740714285714287
            ]
          ]
        ]
      }
    },
    {
      "type": "Feature",
      "properties": {
        "cellId": "s1-duringFlooding-33-20",
        "window": "duringFlooding",
        "observedAt": "2026-03-16T15:47:47.961154Z",
        "sceneId": "S1A_IW_GRDH_1SDV_20260309T155545_20260309T155610_063552_07FC94_E210_COG,S1C_IW_GRDH_1SDV_20260312T031130_20260312T031155_006725_00D94D_F15F_COG,S1A_IW_GRDH_1SDV_20260316T154747_20260316T154812_063654_080064_6B83_COG",
        "sceneIds": [
          "S1A_IW_GRDH_1SDV_20260309T155545_20260309T155610_063552_07FC94_E210_COG",
          "S1C_IW_GRDH_1SDV_20260312T031130_20260312T031155_006725_00D94D_F15F_COG",
          "S1A_IW_GRDH_1SDV_20260316T154747_20260316T154812_063654_080064_6B83_COG"
        ],
        "sourceSceneCount": 3,
        "floodProbability": 0.514,
        "confidence": 0.636,
        "classification": "possible_flood",
        "vvMean": 76.18,
        "vhMean": 39.03,
        "method": "sentinel1-multiscene-hybrid-v3",
        "georeference": "copernicus-stac-bbox-linearized"
      },
      "geometry": {
        "type": "Polygon",
        "coordinates": [
          [
            [
              37.25925,
              -2.675619047619048
            ],
            [
              37.2608125,
              -2.675619047619048
            ],
            [
              37.2608125,
              -2.6740714285714287
            ],
            [
              37.25925,
              -2.6740714285714287
            ],
            [
              37.25925,
              -2.675619047619048
            ]
          ]
        ]
      }
    },
    {
      "type": "Feature",
      "properties": {
        "cellId": "s1-duringFlooding-39-0",
        "window": "duringFlooding",
        "observedAt": "2026-03-16T15:47:47.961154Z",
        "sceneId": "S1A_IW_GRDH_1SDV_20260309T155545_20260309T155610_063552_07FC94_E210_COG,S1C_IW_GRDH_1SDV_20260312T031130_20260312T031155_006725_00D94D_F15F_COG,S1A_IW_GRDH_1SDV_20260316T154747_20260316T154812_063654_080064_6B83_COG",
        "sceneIds": [
          "S1A_IW_GRDH_1SDV_20260309T155545_20260309T155610_063552_07FC94_E210_COG",
          "S1C_IW_GRDH_1SDV_20260312T031130_20260312T031155_006725_00D94D_F15F_COG",
          "S1A_IW_GRDH_1SDV_20260316T154747_20260316T154812_063654_080064_6B83_COG"
        ],
        "sourceSceneCount": 3,
        "floodProbability": 0.454,
        "confidence": 0.655,
        "classification": "possible_flood",
        "vvMean": 77.97,
        "vhMean": 42.93,
        "method": "sentinel1-multiscene-hybrid-v3",
        "georeference": "copernicus-stac-bbox-linearized"
      },
      "geometry": {
        "type": "Polygon",
        "coordinates": [
          [
            [
              37.228,
              -2.684904761904762
            ],
            [
              37.2295625,
              -2.684904761904762
            ],
            [
              37.2295625,
              -2.683357142857143
            ],
            [
              37.228,
              -2.683357142857143
            ],
            [
              37.228,
              -2.684904761904762
            ]
          ]
        ]
      }
    }
  ]
}
