{
  "type": "FeatureCollection",
  "features": [
    {
      "type": "Feature",
      "properties": {
        "cellId": "s1-beforeFlooding-0-0",
        "window": "beforeFlooding",
        "observedAt": "2026-02-20T15:47:48.023501Z",
        "sceneId": "S1A_IW_GRDH_1SDV_20260220T154748_20260220T154813_063304_07F31C_2469_COG",
        "floodProbability": 0.463,
        "confidence": 0.57,
        "classification": "possible_flood",
        "vvMean": 116.44,
        "vhMean": 72.67,
        "method": "sentinel1-calibrated-low-backscatter-v1",
        "georeference": "copernicus-stac-bbox-linearized"
      },
      "geometry": {
        "type": "Polygon",
        "coordinates": [
          [
            [
              37.228,
              -2.624547619047619
            ],
            [
              37.2295625,
              -2.624547619047619
            ],
            [
              37.2295625,
              -2.623
            ],
            [
              37.228,
              -2.623
            ],
            [
              37.228,
              -2.624547619047619
            ]
          ]
        ]
      }
    },
    {
      "type": "Feature",
      "properties": {
        "cellId": "s1-beforeFlooding-0-1",
        "window": "beforeFlooding",
        "observedAt": "2026-02-20T15:47:48.023501Z",
        "sceneId": "S1A_IW_GRDH_1SDV_20260220T154748_20260220T154813_063304_07F31C_2469_COG",
        "floodProbability": 0.515,
        "confidence": 0.552,
        "classification": "possible_flood",
        "vvMean": 114.89,
        "vhMean": 61.89,
        "method": "sentinel1-calibrated-low-backscatter-v1",
        "georeference": "copernicus-stac-bbox-linearized"
      },
      "geometry": {
        "type": "Polygon",
        "coordinates": [
          [
            [
              37.2295625,
              -2.624547619047619
            ],
            [
              37.231125,
              -2.624547619047619
            ],
            [
              37.231125,
              -2.623
            ],
            [
              37.2295625,
              -2.623
            ],
            [
              37.2295625,
              -2.624547619047619
            ]
          ]
        ]
      }
    },
    {
      "type": "Feature",
      "properties": {
        "cellId": "s1-beforeFlooding-1-6",
        "window": "beforeFlooding",
        "observedAt": "2026-02-20T15:47:48.023501Z",
        "sceneId": "S1A_IW_GRDH_1SDV_20260220T154748_20260220T154813_063304_07F31C_2469_COG",
        "floodProbability": 0.453,
        "confidence": 0.579,
        "classification": "possible_flood",
        "vvMean": 109.78,
        "vhMean": 62.11,
        "method": "sentinel1-calibrated-low-backscatter-v1",
        "georeference": "copernicus-stac-bbox-linearized"
      },
      "geometry": {
        "type": "Polygon",
        "coordinates": [
          [
            [
              37.237375,
              -2.6260952380952385
            ],
            [
              37.2389375,
              -2.6260952380952385
            ],
            [
              37.2389375,
              -2.624547619047619
            ],
            [
              37.237375,
              -2.624547619047619
            ],
            [
              37.237375,
              -2.6260952380952385
            ]
          ]
        ]
      }
    },
    {
      "type": "Feature",
      "properties": {
        "cellId": "s1-beforeFlooding-4-43",
        "window": "beforeFlooding",
        "observedAt": "2026-02-20T15:47:48.023501Z",
        "sceneId": "S1A_IW_GRDH_1SDV_20260220T154748_20260220T154813_063304_07F31C_2469_COG",
        "floodProbability": 0.582,
        "confidence": 0.607,
        "classification": "possible_flood",
        "vvMean": 99.78,
        "vhMean": 58,
        "method": "sentinel1-calibrated-low-backscatter-v1",
        "georeference": "copernicus-stac-bbox-linearized"
      },
      "geometry": {
        "type": "Polygon",
        "coordinates": [
          [
            [
              37.2951875,
              -2.6307380952380957
            ],
            [
              37.296749999999996,
              -2.6307380952380957
            ],
            [
              37.296749999999996,
              -2.6291904761904763
            ],
            [
              37.2951875,
              -2.6291904761904763
            ],
            [
              37.2951875,
              -2.6307380952380957
            ]
          ]
        ]
      }
    },
    {
      "type": "Feature",
      "properties": {
        "cellId": "s1-beforeFlooding-4-44",
        "window": "beforeFlooding",
        "observedAt": "2026-02-20T15:47:48.023501Z",
        "sceneId": "S1A_IW_GRDH_1SDV_20260220T154748_20260220T154813_063304_07F31C_2469_COG",
        "floodProbability": 0.453,
        "confidence": 0.578,
        "classification": "possible_flood",
        "vvMean": 117.22,
        "vhMean": 69.22,
        "method": "sentinel1-calibrated-low-backscatter-v1",
        "georeference": "copernicus-stac-bbox-linearized"
      },
      "geometry": {
        "type": "Polygon",
        "coordinates": [
          [
            [
              37.296749999999996,
              -2.6307380952380957
            ],
            [
              37.298312499999994,
              -2.6307380952380957
            ],
            [
              37.298312499999994,
              -2.6291904761904763
            ],
            [
              37.296749999999996,
              -2.6291904761904763
            ],
            [
              37.296749999999996,
              -2.6307380952380957
            ]
          ]
        ]
      }
    },
    {
      "type": "Feature",
      "properties": {
        "cellId": "s1-beforeFlooding-5-43",
        "window": "beforeFlooding",
        "observedAt": "2026-02-20T15:47:48.023501Z",
        "sceneId": "S1A_IW_GRDH_1SDV_20260220T154748_20260220T154813_063304_07F31C_2469_COG",
        "floodProbability": 0.454,
        "confidence": 0.578,
        "classification": "possible_flood",
        "vvMean": 131.67,
        "vhMean": 65.33,
        "method": "sentinel1-calibrated-low-backscatter-v1",
        "georeference": "copernicus-stac-bbox-linearized"
      },
      "geometry": {
        "type": "Polygon",
        "coordinates": [
          [
            [
              37.2951875,
              -2.6322857142857146
            ],
            [
              37.296749999999996,
              -2.6322857142857146
            ],
            [
              37.296749999999996,
              -2.6307380952380957
            ],
            [
              37.2951875,
              -2.6307380952380957
            ],
            [
              37.2951875,
              -2.6322857142857146
            ]
          ]
        ]
      }
    },
    {
      "type": "Feature",
      "properties": {
        "cellId": "s1-beforeFlooding-5-45",
        "window": "beforeFlooding",
        "observedAt": "2026-02-20T15:47:48.023501Z",
        "sceneId": "S1A_IW_GRDH_1SDV_20260220T154748_20260220T154813_063304_07F31C_2469_COG",
        "floodProbability": 0.454,
        "confidence": 0.578,
        "classification": "possible_flood",
        "vvMean": 127.44,
        "vhMean": 79.67,
        "method": "sentinel1-calibrated-low-backscatter-v1",
        "georeference": "copernicus-stac-bbox-linearized"
      },
      "geometry": {
        "type": "Polygon",
        "coordinates": [
          [
            [
              37.298312499999994,
              -2.6322857142857146
            ],
            [
              37.299875,
              -2.6322857142857146
            ],
            [
              37.299875,
              -2.6307380952380957
            ],
            [
              37.298312499999994,
              -2.6307380952380957
            ],
            [
              37.298312499999994,
              -2.6322857142857146
            ]
          ]
        ]
      }
    },
    {
      "type": "Feature",
      "properties": {
        "cellId": "s1-beforeFlooding-10-1",
        "window": "beforeFlooding",
        "observedAt": "2026-02-20T15:47:48.023501Z",
        "sceneId": "S1A_IW_GRDH_1SDV_20260220T154748_20260220T154813_063304_07F31C_2469_COG",
        "floodProbability": 0.567,
        "confidence": 0.595,
        "classification": "possible_flood",
        "vvMean": 91.22,
        "vhMean": 51.33,
        "method": "sentinel1-calibrated-low-backscatter-v1",
        "georeference": "copernicus-stac-bbox-linearized"
      },
      "geometry": {
        "type": "Polygon",
        "coordinates": [
          [
            [
              37.2295625,
              -2.6400238095238096
            ],
            [
              37.231125,
              -2.6400238095238096
            ],
            [
              37.231125,
              -2.6384761904761906
            ],
            [
              37.2295625,
              -2.6384761904761906
            ],
            [
              37.2295625,
              -2.6400238095238096
            ]
          ]
        ]
      }
    },
    {
      "type": "Feature",
      "properties": {
        "cellId": "s1-beforeFlooding-10-2",
        "window": "beforeFlooding",
        "observedAt": "2026-02-20T15:47:48.023501Z",
        "sceneId": "S1A_IW_GRDH_1SDV_20260220T154748_20260220T154813_063304_07F31C_2469_COG",
        "floodProbability": 0.541,
        "confidence": 0.573,
        "classification": "possible_flood",
        "vvMean": 116.56,
        "vhMean": 53.89,
        "method": "sentinel1-calibrated-low-backscatter-v1",
        "georeference": "copernicus-stac-bbox-linearized"
      },
      "geometry": {
        "type": "Polygon",
        "coordinates": [
          [
            [
              37.231125,
              -2.6400238095238096
            ],
            [
              37.232687500000004,
              -2.6400238095238096
            ],
            [
              37.232687500000004,
              -2.6384761904761906
            ],
            [
              37.231125,
              -2.6384761904761906
            ],
            [
              37.231125,
              -2.6400238095238096
            ]
          ]
        ]
      }
    },
    {
      "type": "Feature",
      "properties": {
        "cellId": "s1-beforeFlooding-10-10",
        "window": "beforeFlooding",
        "observedAt": "2026-02-20T15:47:48.023501Z",
        "sceneId": "S1A_IW_GRDH_1SDV_20260220T154748_20260220T154813_063304_07F31C_2469_COG",
        "floodProbability": 0.466,
        "confidence": 0.568,
        "classification": "possible_flood",
        "vvMean": 98.67,
        "vhMean": 80.56,
        "method": "sentinel1-calibrated-low-backscatter-v1",
        "georeference": "copernicus-stac-bbox-linearized"
      },
      "geometry": {
        "type": "Polygon",
        "coordinates": [
          [
            [
              37.243625,
              -2.6400238095238096
            ],
            [
              37.2451875,
              -2.6400238095238096
            ],
            [
              37.2451875,
              -2.6384761904761906
            ],
            [
              37.243625,
              -2.6384761904761906
            ],
            [
              37.243625,
              -2.6400238095238096
            ]
          ]
        ]
      }
    },
    {
      "type": "Feature",
      "properties": {
        "cellId": "s1-beforeFlooding-11-0",
        "window": "beforeFlooding",
        "observedAt": "2026-02-20T15:47:48.023501Z",
        "sceneId": "S1A_IW_GRDH_1SDV_20260220T154748_20260220T154813_063304_07F31C_2469_COG",
        "floodProbability": 0.519,
        "confidence": 0.555,
        "classification": "possible_flood",
        "vvMean": 107.89,
        "vhMean": 68.67,
        "method": "sentinel1-calibrated-low-backscatter-v1",
        "georeference": "copernicus-stac-bbox-linearized"
      },
      "geometry": {
        "type": "Polygon",
        "coordinates": [
          [
            [
              37.228,
              -2.641571428571429
            ],
            [
              37.2295625,
              -2.641571428571429
            ],
            [
              37.2295625,
              -2.6400238095238096
            ],
            [
              37.228,
              -2.6400238095238096
            ],
            [
              37.228,
              -2.641571428571429
            ]
          ]
        ]
      }
    },
    {
      "type": "Feature",
      "properties": {
        "cellId": "s1-beforeFlooding-11-2",
        "window": "beforeFlooding",
        "observedAt": "2026-02-20T15:47:48.023501Z",
        "sceneId": "S1A_IW_GRDH_1SDV_20260220T154748_20260220T154813_063304_07F31C_2469_COG",
        "floodProbability": 0.451,
        "confidence": 0.58,
        "classification": "possible_flood",
        "vvMean": 125.11,
        "vhMean": 66.67,
        "method": "sentinel1-calibrated-low-backscatter-v1",
        "georeference": "copernicus-stac-bbox-linearized"
      },
      "geometry": {
        "type": "Polygon",
        "coordinates": [
          [
            [
              37.231125,
              -2.641571428571429
            ],
            [
              37.232687500000004,
              -2.641571428571429
            ],
            [
              37.232687500000004,
              -2.6400238095238096
            ],
            [
              37.231125,
              -2.6400238095238096
            ],
            [
              37.231125,
              -2.641571428571429
            ]
          ]
        ]
      }
    },
    {
      "type": "Feature",
      "properties": {
        "cellId": "s1-beforeFlooding-11-11",
        "window": "beforeFlooding",
        "observedAt": "2026-02-20T15:47:48.023501Z",
        "sceneId": "S1A_IW_GRDH_1SDV_20260220T154748_20260220T154813_063304_07F31C_2469_COG",
        "floodProbability": 0.506,
        "confidence": 0.545,
        "classification": "possible_flood",
        "vvMean": 105.44,
        "vhMean": 68.56,
        "method": "sentinel1-calibrated-low-backscatter-v1",
        "georeference": "copernicus-stac-bbox-linearized"
      },
      "geometry": {
        "type": "Polygon",
        "coordinates": [
          [
            [
              37.2451875,
              -2.641571428571429
            ],
            [
              37.24675,
              -2.641571428571429
            ],
            [
              37.24675,
              -2.6400238095238096
            ],
            [
              37.2451875,
              -2.6400238095238096
            ],
            [
              37.2451875,
              -2.641571428571429
            ]
          ]
        ]
      }
    },
    {
      "type": "Feature",
      "properties": {
        "cellId": "s1-beforeFlooding-12-42",
        "window": "beforeFlooding",
        "observedAt": "2026-02-20T15:47:48.023501Z",
        "sceneId": "S1A_IW_GRDH_1SDV_20260220T154748_20260220T154813_063304_07F31C_2469_COG",
        "floodProbability": 0.464,
        "confidence": 0.57,
        "classification": "possible_flood",
        "vvMean": 107,
        "vhMean": 64.22,
        "method": "sentinel1-calibrated-low-backscatter-v1",
        "georeference": "copernicus-stac-bbox-linearized"
      },
      "geometry": {
        "type": "Polygon",
        "coordinates": [
          [
            [
              37.293625,
              -2.643119047619048
            ],
            [
              37.2951875,
              -2.643119047619048
            ],
            [
              37.2951875,
              -2.641571428571429
            ],
            [
              37.293625,
              -2.641571428571429
            ],
            [
              37.293625,
              -2.643119047619048
            ]
          ]
        ]
      }
    },
    {
      "type": "Feature",
      "properties": {
        "cellId": "s1-beforeFlooding-13-0",
        "window": "beforeFlooding",
        "observedAt": "2026-02-20T15:47:48.023501Z",
        "sceneId": "S1A_IW_GRDH_1SDV_20260220T154748_20260220T154813_063304_07F31C_2469_COG",
        "floodProbability": 0.682,
        "confidence": 0.689,
        "classification": "probable_flood",
        "vvMean": 95.11,
        "vhMean": 46.67,
        "method": "sentinel1-calibrated-low-backscatter-v1",
        "georeference": "copernicus-stac-bbox-linearized"
      },
      "geometry": {
        "type": "Polygon",
        "coordinates": [
          [
            [
              37.228,
              -2.6446666666666667
            ],
            [
              37.2295625,
              -2.6446666666666667
            ],
            [
              37.2295625,
              -2.643119047619048
            ],
            [
              37.228,
              -2.643119047619048
            ],
            [
              37.228,
              -2.6446666666666667
            ]
          ]
        ]
      }
    },
    {
      "type": "Feature",
      "properties": {
        "cellId": "s1-beforeFlooding-13-40",
        "window": "beforeFlooding",
        "observedAt": "2026-02-20T15:47:48.023501Z",
        "sceneId": "S1A_IW_GRDH_1SDV_20260220T154748_20260220T154813_063304_07F31C_2469_COG",
        "floodProbability": 0.462,
        "confidence": 0.571,
        "classification": "possible_flood",
        "vvMean": 130.89,
        "vhMean": 67.67,
        "method": "sentinel1-calibrated-low-backscatter-v1",
        "georeference": "copernicus-stac-bbox-linearized"
      },
      "geometry": {
        "type": "Polygon",
        "coordinates": [
          [
            [
              37.290499999999994,
              -2.6446666666666667
            ],
            [
              37.2920625,
              -2.6446666666666667
            ],
            [
              37.2920625,
              -2.643119047619048
            ],
            [
              37.290499999999994,
              -2.643119047619048
            ],
            [
              37.290499999999994,
              -2.6446666666666667
            ]
          ]
        ]
      }
    },
    {
      "type": "Feature",
      "properties": {
        "cellId": "s1-beforeFlooding-14-0",
        "window": "beforeFlooding",
        "observedAt": "2026-02-20T15:47:48.023501Z",
        "sceneId": "S1A_IW_GRDH_1SDV_20260220T154748_20260220T154813_063304_07F31C_2469_COG",
        "floodProbability": 0.642,
        "confidence": 0.656,
        "classification": "probable_flood",
        "vvMean": 120.78,
        "vhMean": 54.11,
        "method": "sentinel1-calibrated-low-backscatter-v1",
        "georeference": "copernicus-stac-bbox-linearized"
      },
      "geometry": {
        "type": "Polygon",
        "coordinates": [
          [
            [
              37.228,
              -2.646214285714286
            ],
            [
              37.2295625,
              -2.646214285714286
            ],
            [
              37.2295625,
              -2.6446666666666667
            ],
            [
              37.228,
              -2.6446666666666667
            ],
            [
              37.228,
              -2.646214285714286
            ]
          ]
        ]
      }
    },
    {
      "type": "Feature",
      "properties": {
        "cellId": "s1-beforeFlooding-14-11",
        "window": "beforeFlooding",
        "observedAt": "2026-02-20T15:47:48.023501Z",
        "sceneId": "S1A_IW_GRDH_1SDV_20260220T154748_20260220T154813_063304_07F31C_2469_COG",
        "floodProbability": 0.524,
        "confidence": 0.56,
        "classification": "possible_flood",
        "vvMean": 123.89,
        "vhMean": 46.67,
        "method": "sentinel1-calibrated-low-backscatter-v1",
        "georeference": "copernicus-stac-bbox-linearized"
      },
      "geometry": {
        "type": "Polygon",
        "coordinates": [
          [
            [
              37.2451875,
              -2.646214285714286
            ],
            [
              37.24675,
              -2.646214285714286
            ],
            [
              37.24675,
              -2.6446666666666667
            ],
            [
              37.2451875,
              -2.6446666666666667
            ],
            [
              37.2451875,
              -2.646214285714286
            ]
          ]
        ]
      }
    },
    {
      "type": "Feature",
      "properties": {
        "cellId": "s1-beforeFlooding-15-0",
        "window": "beforeFlooding",
        "observedAt": "2026-02-20T15:47:48.023501Z",
        "sceneId": "S1A_IW_GRDH_1SDV_20260220T154748_20260220T154813_063304_07F31C_2469_COG",
        "floodProbability": 0.677,
        "confidence": 0.685,
        "classification": "probable_flood",
        "vvMean": 91.67,
        "vhMean": 55.89,
        "method": "sentinel1-calibrated-low-backscatter-v1",
        "georeference": "copernicus-stac-bbox-linearized"
      },
      "geometry": {
        "type": "Polygon",
        "coordinates": [
          [
            [
              37.228,
              -2.647761904761905
            ],
            [
              37.2295625,
              -2.647761904761905
            ],
            [
              37.2295625,
              -2.646214285714286
            ],
            [
              37.228,
              -2.646214285714286
            ],
            [
              37.228,
              -2.647761904761905
            ]
          ]
        ]
      }
    },
    {
      "type": "Feature",
      "properties": {
        "cellId": "s1-beforeFlooding-15-12",
        "window": "beforeFlooding",
        "observedAt": "2026-02-20T15:47:48.023501Z",
        "sceneId": "S1A_IW_GRDH_1SDV_20260220T154748_20260220T154813_063304_07F31C_2469_COG",
        "floodProbability": 0.537,
        "confidence": 0.571,
        "classification": "possible_flood",
        "vvMean": 94.33,
        "vhMean": 71,
        "method": "sentinel1-calibrated-low-backscatter-v1",
        "georeference": "copernicus-stac-bbox-linearized"
      },
      "geometry": {
        "type": "Polygon",
        "coordinates": [
          [
            [
              37.24675,
              -2.647761904761905
            ],
            [
              37.2483125,
              -2.647761904761905
            ],
            [
              37.2483125,
              -2.646214285714286
            ],
            [
              37.24675,
              -2.646214285714286
            ],
            [
              37.24675,
              -2.647761904761905
            ]
          ]
        ]
      }
    },
    {
      "type": "Feature",
      "properties": {
        "cellId": "s1-beforeFlooding-15-17",
        "window": "beforeFlooding",
        "observedAt": "2026-02-20T15:47:48.023501Z",
        "sceneId": "S1A_IW_GRDH_1SDV_20260220T154748_20260220T154813_063304_07F31C_2469_COG",
        "floodProbability": 0.516,
        "confidence": 0.553,
        "classification": "possible_flood",
        "vvMean": 123,
        "vhMean": 79,
        "method": "sentinel1-calibrated-low-backscatter-v1",
        "georeference": "copernicus-stac-bbox-linearized"
      },
      "geometry": {
        "type": "Polygon",
        "coordinates": [
          [
            [
              37.2545625,
              -2.647761904761905
            ],
            [
              37.256125,
              -2.647761904761905
            ],
            [
              37.256125,
              -2.646214285714286
            ],
            [
              37.2545625,
              -2.646214285714286
            ],
            [
              37.2545625,
              -2.647761904761905
            ]
          ]
        ]
      }
    },
    {
      "type": "Feature",
      "properties": {
        "cellId": "s1-beforeFlooding-16-0",
        "window": "beforeFlooding",
        "observedAt": "2026-02-20T15:47:48.023501Z",
        "sceneId": "S1A_IW_GRDH_1SDV_20260220T154748_20260220T154813_063304_07F31C_2469_COG",
        "floodProbability": 0.488,
        "confidence": 0.55,
        "classification": "possible_flood",
        "vvMean": 109.11,
        "vhMean": 65.78,
        "method": "sentinel1-calibrated-low-backscatter-v1",
        "georeference": "copernicus-stac-bbox-linearized"
      },
      "geometry": {
        "type": "Polygon",
        "coordinates": [
          [
            [
              37.228,
              -2.649309523809524
            ],
            [
              37.2295625,
              -2.649309523809524
            ],
            [
              37.2295625,
              -2.647761904761905
            ],
            [
              37.228,
              -2.647761904761905
            ],
            [
              37.228,
              -2.649309523809524
            ]
          ]
        ]
      }
    },
    {
      "type": "Feature",
      "properties": {
        "cellId": "s1-beforeFlooding-16-13",
        "window": "beforeFlooding",
        "observedAt": "2026-02-20T15:47:48.023501Z",
        "sceneId": "S1A_IW_GRDH_1SDV_20260220T154748_20260220T154813_063304_07F31C_2469_COG",
        "floodProbability": 0.54,
        "confidence": 0.573,
        "classification": "possible_flood",
        "vvMean": 102.89,
        "vhMean": 66.22,
        "method": "sentinel1-calibrated-low-backscatter-v1",
        "georeference": "copernicus-stac-bbox-linearized"
      },
      "geometry": {
        "type": "Polygon",
        "coordinates": [
          [
            [
              37.2483125,
              -2.649309523809524
            ],
            [
              37.249875,
              -2.649309523809524
            ],
            [
              37.249875,
              -2.647761904761905
            ],
            [
              37.2483125,
              -2.647761904761905
            ],
            [
              37.2483125,
              -2.649309523809524
            ]
          ]
        ]
      }
    },
    {
      "type": "Feature",
      "properties": {
        "cellId": "s1-beforeFlooding-16-17",
        "window": "beforeFlooding",
        "observedAt": "2026-02-20T15:47:48.023501Z",
        "sceneId": "S1A_IW_GRDH_1SDV_20260220T154748_20260220T154813_063304_07F31C_2469_COG",
        "floodProbability": 0.478,
        "confidence": 0.558,
        "classification": "possible_flood",
        "vvMean": 126.44,
        "vhMean": 63.89,
        "method": "sentinel1-calibrated-low-backscatter-v1",
        "georeference": "copernicus-stac-bbox-linearized"
      },
      "geometry": {
        "type": "Polygon",
        "coordinates": [
          [
            [
              37.2545625,
              -2.649309523809524
            ],
            [
              37.256125,
              -2.649309523809524
            ],
            [
              37.256125,
              -2.647761904761905
            ],
            [
              37.2545625,
              -2.647761904761905
            ],
            [
              37.2545625,
              -2.649309523809524
            ]
          ]
        ]
      }
    },
    {
      "type": "Feature",
      "properties": {
        "cellId": "s1-beforeFlooding-17-13",
        "window": "beforeFlooding",
        "observedAt": "2026-02-20T15:47:48.023501Z",
        "sceneId": "S1A_IW_GRDH_1SDV_20260220T154748_20260220T154813_063304_07F31C_2469_COG",
        "floodProbability": 0.566,
        "confidence": 0.594,
        "classification": "possible_flood",
        "vvMean": 105.89,
        "vhMean": 66,
        "method": "sentinel1-calibrated-low-backscatter-v1",
        "georeference": "copernicus-stac-bbox-linearized"
      },
      "geometry": {
        "type": "Polygon",
        "coordinates": [
          [
            [
              37.2483125,
              -2.6508571428571432
            ],
            [
              37.249875,
              -2.6508571428571432
            ],
            [
              37.249875,
              -2.649309523809524
            ],
            [
              37.2483125,
              -2.649309523809524
            ],
            [
              37.2483125,
              -2.6508571428571432
            ]
          ]
        ]
      }
    },
    {
      "type": "Feature",
      "properties": {
        "cellId": "s1-beforeFlooding-17-14",
        "window": "beforeFlooding",
        "observedAt": "2026-02-20T15:47:48.023501Z",
        "sceneId": "S1A_IW_GRDH_1SDV_20260220T154748_20260220T154813_063304_07F31C_2469_COG",
        "floodProbability": 0.599,
        "confidence": 0.622,
        "classification": "possible_flood",
        "vvMean": 93.33,
        "vhMean": 59.11,
        "method": "sentinel1-calibrated-low-backscatter-v1",
        "georeference": "copernicus-stac-bbox-linearized"
      },
      "geometry": {
        "type": "Polygon",
        "coordinates": [
          [
            [
              37.249875,
              -2.6508571428571432
            ],
            [
              37.2514375,
              -2.6508571428571432
            ],
            [
              37.2514375,
              -2.649309523809524
            ],
            [
              37.249875,
              -2.649309523809524
            ],
            [
              37.249875,
              -2.6508571428571432
            ]
          ]
        ]
      }
    },
    {
      "type": "Feature",
      "properties": {
        "cellId": "s1-beforeFlooding-17-15",
        "window": "beforeFlooding",
        "observedAt": "2026-02-20T15:47:48.023501Z",
        "sceneId": "S1A_IW_GRDH_1SDV_20260220T154748_20260220T154813_063304_07F31C_2469_COG",
        "floodProbability": 0.567,
        "confidence": 0.595,
        "classification": "possible_flood",
        "vvMean": 110.78,
        "vhMean": 58.67,
        "method": "sentinel1-calibrated-low-backscatter-v1",
        "georeference": "copernicus-stac-bbox-linearized"
      },
      "geometry": {
        "type": "Polygon",
        "coordinates": [
          [
            [
              37.2514375,
              -2.6508571428571432
            ],
            [
              37.253,
              -2.6508571428571432
            ],
            [
              37.253,
              -2.649309523809524
            ],
            [
              37.2514375,
              -2.649309523809524
            ],
            [
              37.2514375,
              -2.6508571428571432
            ]
          ]
        ]
      }
    },
    {
      "type": "Feature",
      "properties": {
        "cellId": "s1-beforeFlooding-17-18",
        "window": "beforeFlooding",
        "observedAt": "2026-02-20T15:47:48.023501Z",
        "sceneId": "S1A_IW_GRDH_1SDV_20260220T154748_20260220T154813_063304_07F31C_2469_COG",
        "floodProbability": 0.461,
        "confidence": 0.572,
        "classification": "possible_flood",
        "vvMean": 110.33,
        "vhMean": 69.56,
        "method": "sentinel1-calibrated-low-backscatter-v1",
        "georeference": "copernicus-stac-bbox-linearized"
      },
      "geometry": {
        "type": "Polygon",
        "coordinates": [
          [
            [
              37.256125,
              -2.6508571428571432
            ],
            [
              37.2576875,
              -2.6508571428571432
            ],
            [
              37.2576875,
              -2.649309523809524
            ],
            [
              37.256125,
              -2.649309523809524
            ],
            [
              37.256125,
              -2.6508571428571432
            ]
          ]
        ]
      }
    },
    {
      "type": "Feature",
      "properties": {
        "cellId": "s1-beforeFlooding-18-0",
        "window": "beforeFlooding",
        "observedAt": "2026-02-20T15:47:48.023501Z",
        "sceneId": "S1A_IW_GRDH_1SDV_20260220T154748_20260220T154813_063304_07F31C_2469_COG",
        "floodProbability": 0.594,
        "confidence": 0.617,
        "classification": "possible_flood",
        "vvMean": 118,
        "vhMean": 49.22,
        "method": "sentinel1-calibrated-low-backscatter-v1",
        "georeference": "copernicus-stac-bbox-linearized"
      },
      "geometry": {
        "type": "Polygon",
        "coordinates": [
          [
            [
              37.228,
              -2.652404761904762
            ],
            [
              37.2295625,
              -2.652404761904762
            ],
            [
              37.2295625,
              -2.6508571428571432
            ],
            [
              37.228,
              -2.6508571428571432
            ],
            [
              37.228,
              -2.652404761904762
            ]
          ]
        ]
      }
    },
    {
      "type": "Feature",
      "properties": {
        "cellId": "s1-beforeFlooding-18-14",
        "window": "beforeFlooding",
        "observedAt": "2026-02-20T15:47:48.023501Z",
        "sceneId": "S1A_IW_GRDH_1SDV_20260220T154748_20260220T154813_063304_07F31C_2469_COG",
        "floodProbability": 0.575,
        "confidence": 0.602,
        "classification": "possible_flood",
        "vvMean": 109.44,
        "vhMean": 62.33,
        "method": "sentinel1-calibrated-low-backscatter-v1",
        "georeference": "copernicus-stac-bbox-linearized"
      },
      "geometry": {
        "type": "Polygon",
        "coordinates": [
          [
            [
              37.249875,
              -2.652404761904762
            ],
            [
              37.2514375,
              -2.652404761904762
            ],
            [
              37.2514375,
              -2.6508571428571432
            ],
            [
              37.249875,
              -2.6508571428571432
            ],
            [
              37.249875,
              -2.652404761904762
            ]
          ]
        ]
      }
    },
    {
      "type": "Feature",
      "properties": {
        "cellId": "s1-beforeFlooding-18-19",
        "window": "beforeFlooding",
        "observedAt": "2026-02-20T15:47:48.023501Z",
        "sceneId": "S1A_IW_GRDH_1SDV_20260220T154748_20260220T154813_063304_07F31C_2469_COG",
        "floodProbability": 0.506,
        "confidence": 0.545,
        "classification": "possible_flood",
        "vvMean": 103.89,
        "vhMean": 61.22,
        "method": "sentinel1-calibrated-low-backscatter-v1",
        "georeference": "copernicus-stac-bbox-linearized"
      },
      "geometry": {
        "type": "Polygon",
        "coordinates": [
          [
            [
              37.2576875,
              -2.652404761904762
            ],
            [
              37.25925,
              -2.652404761904762
            ],
            [
              37.25925,
              -2.6508571428571432
            ],
            [
              37.2576875,
              -2.6508571428571432
            ],
            [
              37.2576875,
              -2.652404761904762
            ]
          ]
        ]
      }
    },
    {
      "type": "Feature",
      "properties": {
        "cellId": "s1-beforeFlooding-18-20",
        "window": "beforeFlooding",
        "observedAt": "2026-02-20T15:47:48.023501Z",
        "sceneId": "S1A_IW_GRDH_1SDV_20260220T154748_20260220T154813_063304_07F31C_2469_COG",
        "floodProbability": 0.489,
        "confidence": 0.549,
        "classification": "possible_flood",
        "vvMean": 111.67,
        "vhMean": 76.56,
        "method": "sentinel1-calibrated-low-backscatter-v1",
        "georeference": "copernicus-stac-bbox-linearized"
      },
      "geometry": {
        "type": "Polygon",
        "coordinates": [
          [
            [
              37.25925,
              -2.652404761904762
            ],
            [
              37.2608125,
              -2.652404761904762
            ],
            [
              37.2608125,
              -2.6508571428571432
            ],
            [
              37.25925,
              -2.6508571428571432
            ],
            [
              37.25925,
              -2.652404761904762
            ]
          ]
        ]
      }
    },
    {
      "type": "Feature",
      "properties": {
        "cellId": "s1-beforeFlooding-19-0",
        "window": "beforeFlooding",
        "observedAt": "2026-02-20T15:47:48.023501Z",
        "sceneId": "S1A_IW_GRDH_1SDV_20260220T154748_20260220T154813_063304_07F31C_2469_COG",
        "floodProbability": 0.546,
        "confidence": 0.578,
        "classification": "possible_flood",
        "vvMean": 111,
        "vhMean": 66.56,
        "method": "sentinel1-calibrated-low-backscatter-v1",
        "georeference": "copernicus-stac-bbox-linearized"
      },
      "geometry": {
        "type": "Polygon",
        "coordinates": [
          [
            [
              37.228,
              -2.653952380952381
            ],
            [
              37.2295625,
              -2.653952380952381
            ],
            [
              37.2295625,
              -2.652404761904762
            ],
            [
              37.228,
              -2.652404761904762
            ],
            [
              37.228,
              -2.653952380952381
            ]
          ]
        ]
      }
    },
    {
      "type": "Feature",
      "properties": {
        "cellId": "s1-beforeFlooding-19-14",
        "window": "beforeFlooding",
        "observedAt": "2026-02-20T15:47:48.023501Z",
        "sceneId": "S1A_IW_GRDH_1SDV_20260220T154748_20260220T154813_063304_07F31C_2469_COG",
        "floodProbability": 0.568,
        "confidence": 0.595,
        "classification": "possible_flood",
        "vvMean": 96,
        "vhMean": 60.56,
        "method": "sentinel1-calibrated-low-backscatter-v1",
        "georeference": "copernicus-stac-bbox-linearized"
      },
      "geometry": {
        "type": "Polygon",
        "coordinates": [
          [
            [
              37.249875,
              -2.653952380952381
            ],
            [
              37.2514375,
              -2.653952380952381
            ],
            [
              37.2514375,
              -2.652404761904762
            ],
            [
              37.249875,
              -2.652404761904762
            ],
            [
              37.249875,
              -2.653952380952381
            ]
          ]
        ]
      }
    },
    {
      "type": "Feature",
      "properties": {
        "cellId": "s1-beforeFlooding-19-15",
        "window": "beforeFlooding",
        "observedAt": "2026-02-20T15:47:48.023501Z",
        "sceneId": "S1A_IW_GRDH_1SDV_20260220T154748_20260220T154813_063304_07F31C_2469_COG",
        "floodProbability": 0.497,
        "confidence": 0.542,
        "classification": "possible_flood",
        "vvMean": 126.11,
        "vhMean": 63.56,
        "method": "sentinel1-calibrated-low-backscatter-v1",
        "georeference": "copernicus-stac-bbox-linearized"
      },
      "geometry": {
        "type": "Polygon",
        "coordinates": [
          [
            [
              37.2514375,
              -2.653952380952381
            ],
            [
              37.253,
              -2.653952380952381
            ],
            [
              37.253,
              -2.652404761904762
            ],
            [
              37.2514375,
              -2.652404761904762
            ],
            [
              37.2514375,
              -2.653952380952381
            ]
          ]
        ]
      }
    },
    {
      "type": "Feature",
      "properties": {
        "cellId": "s1-beforeFlooding-19-19",
        "window": "beforeFlooding",
        "observedAt": "2026-02-20T15:47:48.023501Z",
        "sceneId": "S1A_IW_GRDH_1SDV_20260220T154748_20260220T154813_063304_07F31C_2469_COG",
        "floodProbability": 0.503,
        "confidence": 0.542,
        "classification": "possible_flood",
        "vvMean": 110.22,
        "vhMean": 57.78,
        "method": "sentinel1-calibrated-low-backscatter-v1",
        "georeference": "copernicus-stac-bbox-linearized"
      },
      "geometry": {
        "type": "Polygon",
        "coordinates": [
          [
            [
              37.2576875,
              -2.653952380952381
            ],
            [
              37.25925,
              -2.653952380952381
            ],
            [
              37.25925,
              -2.652404761904762
            ],
            [
              37.2576875,
              -2.652404761904762
            ],
            [
              37.2576875,
              -2.653952380952381
            ]
          ]
        ]
      }
    },
    {
      "type": "Feature",
      "properties": {
        "cellId": "s1-beforeFlooding-19-20",
        "window": "beforeFlooding",
        "observedAt": "2026-02-20T15:47:48.023501Z",
        "sceneId": "S1A_IW_GRDH_1SDV_20260220T154748_20260220T154813_063304_07F31C_2469_COG",
        "floodProbability": 0.485,
        "confidence": 0.553,
        "classification": "possible_flood",
        "vvMean": 132.44,
        "vhMean": 67.56,
        "method": "sentinel1-calibrated-low-backscatter-v1",
        "georeference": "copernicus-stac-bbox-linearized"
      },
      "geometry": {
        "type": "Polygon",
        "coordinates": [
          [
            [
              37.25925,
              -2.653952380952381
            ],
            [
              37.2608125,
              -2.653952380952381
            ],
            [
              37.2608125,
              -2.652404761904762
            ],
            [
              37.25925,
              -2.652404761904762
            ],
            [
              37.25925,
              -2.653952380952381
            ]
          ]
        ]
      }
    },
    {
      "type": "Feature",
      "properties": {
        "cellId": "s1-beforeFlooding-19-21",
        "window": "beforeFlooding",
        "observedAt": "2026-02-20T15:47:48.023501Z",
        "sceneId": "S1A_IW_GRDH_1SDV_20260220T154748_20260220T154813_063304_07F31C_2469_COG",
        "floodProbability": 0.514,
        "confidence": 0.551,
        "classification": "possible_flood",
        "vvMean": 104.67,
        "vhMean": 55.67,
        "method": "sentinel1-calibrated-low-backscatter-v1",
        "georeference": "copernicus-stac-bbox-linearized"
      },
      "geometry": {
        "type": "Polygon",
        "coordinates": [
          [
            [
              37.2608125,
              -2.653952380952381
            ],
            [
              37.262375,
              -2.653952380952381
            ],
            [
              37.262375,
              -2.652404761904762
            ],
            [
              37.2608125,
              -2.652404761904762
            ],
            [
              37.2608125,
              -2.653952380952381
            ]
          ]
        ]
      }
    },
    {
      "type": "Feature",
      "properties": {
        "cellId": "s1-beforeFlooding-20-14",
        "window": "beforeFlooding",
        "observedAt": "2026-02-20T15:47:48.023501Z",
        "sceneId": "S1A_IW_GRDH_1SDV_20260220T154748_20260220T154813_063304_07F31C_2469_COG",
        "floodProbability": 0.53,
        "confidence": 0.565,
        "classification": "possible_flood",
        "vvMean": 113.89,
        "vhMean": 62.67,
        "method": "sentinel1-calibrated-low-backscatter-v1",
        "georeference": "copernicus-stac-bbox-linearized"
      },
      "geometry": {
        "type": "Polygon",
        "coordinates": [
          [
            [
              37.249875,
              -2.6555
            ],
            [
              37.2514375,
              -2.6555
            ],
            [
              37.2514375,
              -2.653952380952381
            ],
            [
              37.249875,
              -2.653952380952381
            ],
            [
              37.249875,
              -2.6555
            ]
          ]
        ]
      }
    },
    {
      "type": "Feature",
      "properties": {
        "cellId": "s1-beforeFlooding-20-15",
        "window": "beforeFlooding",
        "observedAt": "2026-02-20T15:47:48.023501Z",
        "sceneId": "S1A_IW_GRDH_1SDV_20260220T154748_20260220T154813_063304_07F31C_2469_COG",
        "floodProbability": 0.521,
        "confidence": 0.557,
        "classification": "possible_flood",
        "vvMean": 117.11,
        "vhMean": 54.11,
        "method": "sentinel1-calibrated-low-backscatter-v1",
        "georeference": "copernicus-stac-bbox-linearized"
      },
      "geometry": {
        "type": "Polygon",
        "coordinates": [
          [
            [
              37.2514375,
              -2.6555
            ],
            [
              37.253,
              -2.6555
            ],
            [
              37.253,
              -2.653952380952381
            ],
            [
              37.2514375,
              -2.653952380952381
            ],
            [
              37.2514375,
              -2.6555
            ]
          ]
        ]
      }
    },
    {
      "type": "Feature",
      "properties": {
        "cellId": "s1-beforeFlooding-20-18",
        "window": "beforeFlooding",
        "observedAt": "2026-02-20T15:47:48.023501Z",
        "sceneId": "S1A_IW_GRDH_1SDV_20260220T154748_20260220T154813_063304_07F31C_2469_COG",
        "floodProbability": 0.602,
        "confidence": 0.624,
        "classification": "possible_flood",
        "vvMean": 106.11,
        "vhMean": 45.33,
        "method": "sentinel1-calibrated-low-backscatter-v1",
        "georeference": "copernicus-stac-bbox-linearized"
      },
      "geometry": {
        "type": "Polygon",
        "coordinates": [
          [
            [
              37.256125,
              -2.6555
            ],
            [
              37.2576875,
              -2.6555
            ],
            [
              37.2576875,
              -2.653952380952381
            ],
            [
              37.256125,
              -2.653952380952381
            ],
            [
              37.256125,
              -2.6555
            ]
          ]
        ]
      }
    },
    {
      "type": "Feature",
      "properties": {
        "cellId": "s1-beforeFlooding-20-19",
        "window": "beforeFlooding",
        "observedAt": "2026-02-20T15:47:48.023501Z",
        "sceneId": "S1A_IW_GRDH_1SDV_20260220T154748_20260220T154813_063304_07F31C_2469_COG",
        "floodProbability": 0.508,
        "confidence": 0.547,
        "classification": "possible_flood",
        "vvMean": 125.56,
        "vhMean": 55.44,
        "method": "sentinel1-calibrated-low-backscatter-v1",
        "georeference": "copernicus-stac-bbox-linearized"
      },
      "geometry": {
        "type": "Polygon",
        "coordinates": [
          [
            [
              37.2576875,
              -2.6555
            ],
            [
              37.25925,
              -2.6555
            ],
            [
              37.25925,
              -2.653952380952381
            ],
            [
              37.2576875,
              -2.653952380952381
            ],
            [
              37.2576875,
              -2.6555
            ]
          ]
        ]
      }
    },
    {
      "type": "Feature",
      "properties": {
        "cellId": "s1-beforeFlooding-20-21",
        "window": "beforeFlooding",
        "observedAt": "2026-02-20T15:47:48.023501Z",
        "sceneId": "S1A_IW_GRDH_1SDV_20260220T154748_20260220T154813_063304_07F31C_2469_COG",
        "floodProbability": 0.497,
        "confidence": 0.542,
        "classification": "possible_flood",
        "vvMean": 110,
        "vhMean": 64.44,
        "method": "sentinel1-calibrated-low-backscatter-v1",
        "georeference": "copernicus-stac-bbox-linearized"
      },
      "geometry": {
        "type": "Polygon",
        "coordinates": [
          [
            [
              37.2608125,
              -2.6555
            ],
            [
              37.262375,
              -2.6555
            ],
            [
              37.262375,
              -2.653952380952381
            ],
            [
              37.2608125,
              -2.653952380952381
            ],
            [
              37.2608125,
              -2.6555
            ]
          ]
        ]
      }
    },
    {
      "type": "Feature",
      "properties": {
        "cellId": "s1-beforeFlooding-20-22",
        "window": "beforeFlooding",
        "observedAt": "2026-02-20T15:47:48.023501Z",
        "sceneId": "S1A_IW_GRDH_1SDV_20260220T154748_20260220T154813_063304_07F31C_2469_COG",
        "floodProbability": 0.49,
        "confidence": 0.549,
        "classification": "possible_flood",
        "vvMean": 112.33,
        "vhMean": 63.33,
        "method": "sentinel1-calibrated-low-backscatter-v1",
        "georeference": "copernicus-stac-bbox-linearized"
      },
      "geometry": {
        "type": "Polygon",
        "coordinates": [
          [
            [
              37.262375,
              -2.6555
            ],
            [
              37.2639375,
              -2.6555
            ],
            [
              37.2639375,
              -2.653952380952381
            ],
            [
              37.262375,
              -2.653952380952381
            ],
            [
              37.262375,
              -2.6555
            ]
          ]
        ]
      }
    },
    {
      "type": "Feature",
      "properties": {
        "cellId": "s1-beforeFlooding-20-23",
        "window": "beforeFlooding",
        "observedAt": "2026-02-20T15:47:48.023501Z",
        "sceneId": "S1A_IW_GRDH_1SDV_20260220T154748_20260220T154813_063304_07F31C_2469_COG",
        "floodProbability": 0.49,
        "confidence": 0.548,
        "classification": "possible_flood",
        "vvMean": 116.89,
        "vhMean": 62.33,
        "method": "sentinel1-calibrated-low-backscatter-v1",
        "georeference": "copernicus-stac-bbox-linearized"
      },
      "geometry": {
        "type": "Polygon",
        "coordinates": [
          [
            [
              37.2639375,
              -2.6555
            ],
            [
              37.2655,
              -2.6555
            ],
            [
              37.2655,
              -2.653952380952381
            ],
            [
              37.2639375,
              -2.653952380952381
            ],
            [
              37.2639375,
              -2.6555
            ]
          ]
        ]
      }
    },
    {
      "type": "Feature",
      "properties": {
        "cellId": "s1-beforeFlooding-21-2",
        "window": "beforeFlooding",
        "observedAt": "2026-02-20T15:47:48.023501Z",
        "sceneId": "S1A_IW_GRDH_1SDV_20260220T154748_20260220T154813_063304_07F31C_2469_COG",
        "floodProbability": 0.594,
        "confidence": 0.617,
        "classification": "possible_flood",
        "vvMean": 113.11,
        "vhMean": 54.11,
        "method": "sentinel1-calibrated-low-backscatter-v1",
        "georeference": "copernicus-stac-bbox-linearized"
      },
      "geometry": {
        "type": "Polygon",
        "coordinates": [
          [
            [
              37.231125,
              -2.6570476190476193
            ],
            [
              37.232687500000004,
              -2.6570476190476193
            ],
            [
              37.232687500000004,
              -2.6555
            ],
            [
              37.231125,
              -2.6555
            ],
            [
              37.231125,
              -2.6570476190476193
            ]
          ]
        ]
      }
    },
    {
      "type": "Feature",
      "properties": {
        "cellId": "s1-beforeFlooding-21-4",
        "window": "beforeFlooding",
        "observedAt": "2026-02-20T15:47:48.023501Z",
        "sceneId": "S1A_IW_GRDH_1SDV_20260220T154748_20260220T154813_063304_07F31C_2469_COG",
        "floodProbability": 0.464,
        "confidence": 0.57,
        "classification": "possible_flood",
        "vvMean": 125.11,
        "vhMean": 59.33,
        "method": "sentinel1-calibrated-low-backscatter-v1",
        "georeference": "copernicus-stac-bbox-linearized"
      },
      "geometry": {
        "type": "Polygon",
        "coordinates": [
          [
            [
              37.23425,
              -2.6570476190476193
            ],
            [
              37.2358125,
              -2.6570476190476193
            ],
            [
              37.2358125,
              -2.6555
            ],
            [
              37.23425,
              -2.6555
            ],
            [
              37.23425,
              -2.6570476190476193
            ]
          ]
        ]
      }
    },
    {
      "type": "Feature",
      "properties": {
        "cellId": "s1-beforeFlooding-21-6",
        "window": "beforeFlooding",
        "observedAt": "2026-02-20T15:47:48.023501Z",
        "sceneId": "S1A_IW_GRDH_1SDV_20260220T154748_20260220T154813_063304_07F31C_2469_COG",
        "floodProbability": 0.62,
        "confidence": 0.638,
        "classification": "possible_flood",
        "vvMean": 108,
        "vhMean": 60.78,
        "method": "sentinel1-calibrated-low-backscatter-v1",
        "georeference": "copernicus-stac-bbox-linearized"
      },
      "geometry": {
        "type": "Polygon",
        "coordinates": [
          [
            [
              37.237375,
              -2.6570476190476193
            ],
            [
              37.2389375,
              -2.6570476190476193
            ],
            [
              37.2389375,
              -2.6555
            ],
            [
              37.237375,
              -2.6555
            ],
            [
              37.237375,
              -2.6570476190476193
            ]
          ]
        ]
      }
    },
    {
      "type": "Feature",
      "properties": {
        "cellId": "s1-beforeFlooding-21-7",
        "window": "beforeFlooding",
        "observedAt": "2026-02-20T15:47:48.023501Z",
        "sceneId": "S1A_IW_GRDH_1SDV_20260220T154748_20260220T154813_063304_07F31C_2469_COG",
        "floodProbability": 0.535,
        "confidence": 0.569,
        "classification": "possible_flood",
        "vvMean": 111.67,
        "vhMean": 68,
        "method": "sentinel1-calibrated-low-backscatter-v1",
        "georeference": "copernicus-stac-bbox-linearized"
      },
      "geometry": {
        "type": "Polygon",
        "coordinates": [
          [
            [
              37.2389375,
              -2.6570476190476193
            ],
            [
              37.2405,
              -2.6570476190476193
            ],
            [
              37.2405,
              -2.6555
            ],
            [
              37.2389375,
              -2.6555
            ],
            [
              37.2389375,
              -2.6570476190476193
            ]
          ]
        ]
      }
    },
    {
      "type": "Feature",
      "properties": {
        "cellId": "s1-beforeFlooding-21-8",
        "window": "beforeFlooding",
        "observedAt": "2026-02-20T15:47:48.023501Z",
        "sceneId": "S1A_IW_GRDH_1SDV_20260220T154748_20260220T154813_063304_07F31C_2469_COG",
        "floodProbability": 0.647,
        "confidence": 0.66,
        "classification": "probable_flood",
        "vvMean": 101.56,
        "vhMean": 49.22,
        "method": "sentinel1-calibrated-low-backscatter-v1",
        "georeference": "copernicus-stac-bbox-linearized"
      },
      "geometry": {
        "type": "Polygon",
        "coordinates": [
          [
            [
              37.2405,
              -2.6570476190476193
            ],
            [
              37.2420625,
              -2.6570476190476193
            ],
            [
              37.2420625,
              -2.6555
            ],
            [
              37.2405,
              -2.6555
            ],
            [
              37.2405,
              -2.6570476190476193
            ]
          ]
        ]
      }
    },
    {
      "type": "Feature",
      "properties": {
        "cellId": "s1-beforeFlooding-21-9",
        "window": "beforeFlooding",
        "observedAt": "2026-02-20T15:47:48.023501Z",
        "sceneId": "S1A_IW_GRDH_1SDV_20260220T154748_20260220T154813_063304_07F31C_2469_COG",
        "floodProbability": 0.453,
        "confidence": 0.579,
        "classification": "possible_flood",
        "vvMean": 122.78,
        "vhMean": 71.67,
        "method": "sentinel1-calibrated-low-backscatter-v1",
        "georeference": "copernicus-stac-bbox-linearized"
      },
      "geometry": {
        "type": "Polygon",
        "coordinates": [
          [
            [
              37.2420625,
              -2.6570476190476193
            ],
            [
              37.243625,
              -2.6570476190476193
            ],
            [
              37.243625,
              -2.6555
            ],
            [
              37.2420625,
              -2.6555
            ],
            [
              37.2420625,
              -2.6570476190476193
            ]
          ]
        ]
      }
    },
    {
      "type": "Feature",
      "properties": {
        "cellId": "s1-beforeFlooding-21-11",
        "window": "beforeFlooding",
        "observedAt": "2026-02-20T15:47:48.023501Z",
        "sceneId": "S1A_IW_GRDH_1SDV_20260220T154748_20260220T154813_063304_07F31C_2469_COG",
        "floodProbability": 0.509,
        "confidence": 0.547,
        "classification": "possible_flood",
        "vvMean": 110.11,
        "vhMean": 67.22,
        "method": "sentinel1-calibrated-low-backscatter-v1",
        "georeference": "copernicus-stac-bbox-linearized"
      },
      "geometry": {
        "type": "Polygon",
        "coordinates": [
          [
            [
              37.2451875,
              -2.6570476190476193
            ],
            [
              37.24675,
              -2.6570476190476193
            ],
            [
              37.24675,
              -2.6555
            ],
            [
              37.2451875,
              -2.6555
            ],
            [
              37.2451875,
              -2.6570476190476193
            ]
          ]
        ]
      }
    },
    {
      "type": "Feature",
      "properties": {
        "cellId": "s1-beforeFlooding-21-12",
        "window": "beforeFlooding",
        "observedAt": "2026-02-20T15:47:48.023501Z",
        "sceneId": "S1A_IW_GRDH_1SDV_20260220T154748_20260220T154813_063304_07F31C_2469_COG",
        "floodProbability": 0.615,
        "confidence": 0.635,
        "classification": "possible_flood",
        "vvMean": 98,
        "vhMean": 62,
        "method": "sentinel1-calibrated-low-backscatter-v1",
        "georeference": "copernicus-stac-bbox-linearized"
      },
      "geometry": {
        "type": "Polygon",
        "coordinates": [
          [
            [
              37.24675,
              -2.6570476190476193
            ],
            [
              37.2483125,
              -2.6570476190476193
            ],
            [
              37.2483125,
              -2.6555
            ],
            [
              37.24675,
              -2.6555
            ],
            [
              37.24675,
              -2.6570476190476193
            ]
          ]
        ]
      }
    },
    {
      "type": "Feature",
      "properties": {
        "cellId": "s1-beforeFlooding-21-14",
        "window": "beforeFlooding",
        "observedAt": "2026-02-20T15:47:48.023501Z",
        "sceneId": "S1A_IW_GRDH_1SDV_20260220T154748_20260220T154813_063304_07F31C_2469_COG",
        "floodProbability": 0.518,
        "confidence": 0.555,
        "classification": "possible_flood",
        "vvMean": 102.11,
        "vhMean": 64.67,
        "method": "sentinel1-calibrated-low-backscatter-v1",
        "georeference": "copernicus-stac-bbox-linearized"
      },
      "geometry": {
        "type": "Polygon",
        "coordinates": [
          [
            [
              37.249875,
              -2.6570476190476193
            ],
            [
              37.2514375,
              -2.6570476190476193
            ],
            [
              37.2514375,
              -2.6555
            ],
            [
              37.249875,
              -2.6555
            ],
            [
              37.249875,
              -2.6570476190476193
            ]
          ]
        ]
      }
    },
    {
      "type": "Feature",
      "properties": {
        "cellId": "s1-beforeFlooding-21-17",
        "window": "beforeFlooding",
        "observedAt": "2026-02-20T15:47:48.023501Z",
        "sceneId": "S1A_IW_GRDH_1SDV_20260220T154748_20260220T154813_063304_07F31C_2469_COG",
        "floodProbability": 0.493,
        "confidence": 0.546,
        "classification": "possible_flood",
        "vvMean": 108.78,
        "vhMean": 57.22,
        "method": "sentinel1-calibrated-low-backscatter-v1",
        "georeference": "copernicus-stac-bbox-linearized"
      },
      "geometry": {
        "type": "Polygon",
        "coordinates": [
          [
            [
              37.2545625,
              -2.6570476190476193
            ],
            [
              37.256125,
              -2.6570476190476193
            ],
            [
              37.256125,
              -2.6555
            ],
            [
              37.2545625,
              -2.6555
            ],
            [
              37.2545625,
              -2.6570476190476193
            ]
          ]
        ]
      }
    },
    {
      "type": "Feature",
      "properties": {
        "cellId": "s1-beforeFlooding-21-18",
        "window": "beforeFlooding",
        "observedAt": "2026-02-20T15:47:48.023501Z",
        "sceneId": "S1A_IW_GRDH_1SDV_20260220T154748_20260220T154813_063304_07F31C_2469_COG",
        "floodProbability": 0.619,
        "confidence": 0.638,
        "classification": "possible_flood",
        "vvMean": 110.56,
        "vhMean": 55.11,
        "method": "sentinel1-calibrated-low-backscatter-v1",
        "georeference": "copernicus-stac-bbox-linearized"
      },
      "geometry": {
        "type": "Polygon",
        "coordinates": [
          [
            [
              37.256125,
              -2.6570476190476193
            ],
            [
              37.2576875,
              -2.6570476190476193
            ],
            [
              37.2576875,
              -2.6555
            ],
            [
              37.256125,
              -2.6555
            ],
            [
              37.256125,
              -2.6570476190476193
            ]
          ]
        ]
      }
    },
    {
      "type": "Feature",
      "properties": {
        "cellId": "s1-beforeFlooding-21-19",
        "window": "beforeFlooding",
        "observedAt": "2026-02-20T15:47:48.023501Z",
        "sceneId": "S1A_IW_GRDH_1SDV_20260220T154748_20260220T154813_063304_07F31C_2469_COG",
        "floodProbability": 0.544,
        "confidence": 0.576,
        "classification": "possible_flood",
        "vvMean": 118.33,
        "vhMean": 61.78,
        "method": "sentinel1-calibrated-low-backscatter-v1",
        "georeference": "copernicus-stac-bbox-linearized"
      },
      "geometry": {
        "type": "Polygon",
        "coordinates": [
          [
            [
              37.2576875,
              -2.6570476190476193
            ],
            [
              37.25925,
              -2.6570476190476193
            ],
            [
              37.25925,
              -2.6555
            ],
            [
              37.2576875,
              -2.6555
            ],
            [
              37.2576875,
              -2.6570476190476193
            ]
          ]
        ]
      }
    },
    {
      "type": "Feature",
      "properties": {
        "cellId": "s1-beforeFlooding-21-20",
        "window": "beforeFlooding",
        "observedAt": "2026-02-20T15:47:48.023501Z",
        "sceneId": "S1A_IW_GRDH_1SDV_20260220T154748_20260220T154813_063304_07F31C_2469_COG",
        "floodProbability": 0.522,
        "confidence": 0.558,
        "classification": "possible_flood",
        "vvMean": 114.22,
        "vhMean": 56.33,
        "method": "sentinel1-calibrated-low-backscatter-v1",
        "georeference": "copernicus-stac-bbox-linearized"
      },
      "geometry": {
        "type": "Polygon",
        "coordinates": [
          [
            [
              37.25925,
              -2.6570476190476193
            ],
            [
              37.2608125,
              -2.6570476190476193
            ],
            [
              37.2608125,
              -2.6555
            ],
            [
              37.25925,
              -2.6555
            ],
            [
              37.25925,
              -2.6570476190476193
            ]
          ]
        ]
      }
    },
    {
      "type": "Feature",
      "properties": {
        "cellId": "s1-beforeFlooding-21-21",
        "window": "beforeFlooding",
        "observedAt": "2026-02-20T15:47:48.023501Z",
        "sceneId": "S1A_IW_GRDH_1SDV_20260220T154748_20260220T154813_063304_07F31C_2469_COG",
        "floodProbability": 0.467,
        "confidence": 0.567,
        "classification": "possible_flood",
        "vvMean": 121.78,
        "vhMean": 66.22,
        "method": "sentinel1-calibrated-low-backscatter-v1",
        "georeference": "copernicus-stac-bbox-linearized"
      },
      "geometry": {
        "type": "Polygon",
        "coordinates": [
          [
            [
              37.2608125,
              -2.6570476190476193
            ],
            [
              37.262375,
              -2.6570476190476193
            ],
            [
              37.262375,
              -2.6555
            ],
            [
              37.2608125,
              -2.6555
            ],
            [
              37.2608125,
              -2.6570476190476193
            ]
          ]
        ]
      }
    },
    {
      "type": "Feature",
      "properties": {
        "cellId": "s1-beforeFlooding-21-22",
        "window": "beforeFlooding",
        "observedAt": "2026-02-20T15:47:48.023501Z",
        "sceneId": "S1A_IW_GRDH_1SDV_20260220T154748_20260220T154813_063304_07F31C_2469_COG",
        "floodProbability": 0.461,
        "confidence": 0.572,
        "classification": "possible_flood",
        "vvMean": 154.89,
        "vhMean": 64.33,
        "method": "sentinel1-calibrated-low-backscatter-v1",
        "georeference": "copernicus-stac-bbox-linearized"
      },
      "geometry": {
        "type": "Polygon",
        "coordinates": [
          [
            [
              37.262375,
              -2.6570476190476193
            ],
            [
              37.2639375,
              -2.6570476190476193
            ],
            [
              37.2639375,
              -2.6555
            ],
            [
              37.262375,
              -2.6555
            ],
            [
              37.262375,
              -2.6570476190476193
            ]
          ]
        ]
      }
    },
    {
      "type": "Feature",
      "properties": {
        "cellId": "s1-beforeFlooding-22-2",
        "window": "beforeFlooding",
        "observedAt": "2026-02-20T15:47:48.023501Z",
        "sceneId": "S1A_IW_GRDH_1SDV_20260220T154748_20260220T154813_063304_07F31C_2469_COG",
        "floodProbability": 0.535,
        "confidence": 0.569,
        "classification": "possible_flood",
        "vvMean": 127.67,
        "vhMean": 58.67,
        "method": "sentinel1-calibrated-low-backscatter-v1",
        "georeference": "copernicus-stac-bbox-linearized"
      },
      "geometry": {
        "type": "Polygon",
        "coordinates": [
          [
            [
              37.231125,
              -2.6585952380952382
            ],
            [
              37.232687500000004,
              -2.6585952380952382
            ],
            [
              37.232687500000004,
              -2.6570476190476193
            ],
            [
              37.231125,
              -2.6570476190476193
            ],
            [
              37.231125,
              -2.6585952380952382
            ]
          ]
        ]
      }
    },
    {
      "type": "Feature",
      "properties": {
        "cellId": "s1-beforeFlooding-22-3",
        "window": "beforeFlooding",
        "observedAt": "2026-02-20T15:47:48.023501Z",
        "sceneId": "S1A_IW_GRDH_1SDV_20260220T154748_20260220T154813_063304_07F31C_2469_COG",
        "floodProbability": 0.574,
        "confidence": 0.601,
        "classification": "possible_flood",
        "vvMean": 114,
        "vhMean": 52.56,
        "method": "sentinel1-calibrated-low-backscatter-v1",
        "georeference": "copernicus-stac-bbox-linearized"
      },
      "geometry": {
        "type": "Polygon",
        "coordinates": [
          [
            [
              37.232687500000004,
              -2.6585952380952382
            ],
            [
              37.23425,
              -2.6585952380952382
            ],
            [
              37.23425,
              -2.6570476190476193
            ],
            [
              37.232687500000004,
              -2.6570476190476193
            ],
            [
              37.232687500000004,
              -2.6585952380952382
            ]
          ]
        ]
      }
    },
    {
      "type": "Feature",
      "properties": {
        "cellId": "s1-beforeFlooding-22-4",
        "window": "beforeFlooding",
        "observedAt": "2026-02-20T15:47:48.023501Z",
        "sceneId": "S1A_IW_GRDH_1SDV_20260220T154748_20260220T154813_063304_07F31C_2469_COG",
        "floodProbability": 0.501,
        "confidence": 0.541,
        "classification": "possible_flood",
        "vvMean": 120.33,
        "vhMean": 58.44,
        "method": "sentinel1-calibrated-low-backscatter-v1",
        "georeference": "copernicus-stac-bbox-linearized"
      },
      "geometry": {
        "type": "Polygon",
        "coordinates": [
          [
            [
              37.23425,
              -2.6585952380952382
            ],
            [
              37.2358125,
              -2.6585952380952382
            ],
            [
              37.2358125,
              -2.6570476190476193
            ],
            [
              37.23425,
              -2.6570476190476193
            ],
            [
              37.23425,
              -2.6585952380952382
            ]
          ]
        ]
      }
    },
    {
      "type": "Feature",
      "properties": {
        "cellId": "s1-beforeFlooding-22-6",
        "window": "beforeFlooding",
        "observedAt": "2026-02-20T15:47:48.023501Z",
        "sceneId": "S1A_IW_GRDH_1SDV_20260220T154748_20260220T154813_063304_07F31C_2469_COG",
        "floodProbability": 0.482,
        "confidence": 0.555,
        "classification": "possible_flood",
        "vvMean": 113.67,
        "vhMean": 66.33,
        "method": "sentinel1-calibrated-low-backscatter-v1",
        "georeference": "copernicus-stac-bbox-linearized"
      },
      "geometry": {
        "type": "Polygon",
        "coordinates": [
          [
            [
              37.237375,
              -2.6585952380952382
            ],
            [
              37.2389375,
              -2.6585952380952382
            ],
            [
              37.2389375,
              -2.6570476190476193
            ],
            [
              37.237375,
              -2.6570476190476193
            ],
            [
              37.237375,
              -2.6585952380952382
            ]
          ]
        ]
      }
    },
    {
      "type": "Feature",
      "properties": {
        "cellId": "s1-beforeFlooding-22-7",
        "window": "beforeFlooding",
        "observedAt": "2026-02-20T15:47:48.023501Z",
        "sceneId": "S1A_IW_GRDH_1SDV_20260220T154748_20260220T154813_063304_07F31C_2469_COG",
        "floodProbability": 0.595,
        "confidence": 0.618,
        "classification": "possible_flood",
        "vvMean": 110,
        "vhMean": 58.11,
        "method": "sentinel1-calibrated-low-backscatter-v1",
        "georeference": "copernicus-stac-bbox-linearized"
      },
      "geometry": {
        "type": "Polygon",
        "coordinates": [
          [
            [
              37.2389375,
              -2.6585952380952382
            ],
            [
              37.2405,
              -2.6585952380952382
            ],
            [
              37.2405,
              -2.6570476190476193
            ],
            [
              37.2389375,
              -2.6570476190476193
            ],
            [
              37.2389375,
              -2.6585952380952382
            ]
          ]
        ]
      }
    },
    {
      "type": "Feature",
      "properties": {
        "cellId": "s1-beforeFlooding-22-8",
        "window": "beforeFlooding",
        "observedAt": "2026-02-20T15:47:48.023501Z",
        "sceneId": "S1A_IW_GRDH_1SDV_20260220T154748_20260220T154813_063304_07F31C_2469_COG",
        "floodProbability": 0.604,
        "confidence": 0.625,
        "classification": "possible_flood",
        "vvMean": 102,
        "vhMean": 59,
        "method": "sentinel1-calibrated-low-backscatter-v1",
        "georeference": "copernicus-stac-bbox-linearized"
      },
      "geometry": {
        "type": "Polygon",
        "coordinates": [
          [
            [
              37.2405,
              -2.6585952380952382
            ],
            [
              37.2420625,
              -2.6585952380952382
            ],
            [
              37.2420625,
              -2.6570476190476193
            ],
            [
              37.2405,
              -2.6570476190476193
            ],
            [
              37.2405,
              -2.6585952380952382
            ]
          ]
        ]
      }
    },
    {
      "type": "Feature",
      "properties": {
        "cellId": "s1-beforeFlooding-22-9",
        "window": "beforeFlooding",
        "observedAt": "2026-02-20T15:47:48.023501Z",
        "sceneId": "S1A_IW_GRDH_1SDV_20260220T154748_20260220T154813_063304_07F31C_2469_COG",
        "floodProbability": 0.462,
        "confidence": 0.571,
        "classification": "possible_flood",
        "vvMean": 143.56,
        "vhMean": 58.33,
        "method": "sentinel1-calibrated-low-backscatter-v1",
        "georeference": "copernicus-stac-bbox-linearized"
      },
      "geometry": {
        "type": "Polygon",
        "coordinates": [
          [
            [
              37.2420625,
              -2.6585952380952382
            ],
            [
              37.243625,
              -2.6585952380952382
            ],
            [
              37.243625,
              -2.6570476190476193
            ],
            [
              37.2420625,
              -2.6570476190476193
            ],
            [
              37.2420625,
              -2.6585952380952382
            ]
          ]
        ]
      }
    },
    {
      "type": "Feature",
      "properties": {
        "cellId": "s1-beforeFlooding-22-10",
        "window": "beforeFlooding",
        "observedAt": "2026-02-20T15:47:48.023501Z",
        "sceneId": "S1A_IW_GRDH_1SDV_20260220T154748_20260220T154813_063304_07F31C_2469_COG",
        "floodProbability": 0.521,
        "confidence": 0.557,
        "classification": "possible_flood",
        "vvMean": 106.44,
        "vhMean": 57.44,
        "method": "sentinel1-calibrated-low-backscatter-v1",
        "georeference": "copernicus-stac-bbox-linearized"
      },
      "geometry": {
        "type": "Polygon",
        "coordinates": [
          [
            [
              37.243625,
              -2.6585952380952382
            ],
            [
              37.2451875,
              -2.6585952380952382
            ],
            [
              37.2451875,
              -2.6570476190476193
            ],
            [
              37.243625,
              -2.6570476190476193
            ],
            [
              37.243625,
              -2.6585952380952382
            ]
          ]
        ]
      }
    },
    {
      "type": "Feature",
      "properties": {
        "cellId": "s1-beforeFlooding-22-12",
        "window": "beforeFlooding",
        "observedAt": "2026-02-20T15:47:48.023501Z",
        "sceneId": "S1A_IW_GRDH_1SDV_20260220T154748_20260220T154813_063304_07F31C_2469_COG",
        "floodProbability": 0.494,
        "confidence": 0.545,
        "classification": "possible_flood",
        "vvMean": 126.89,
        "vhMean": 67.89,
        "method": "sentinel1-calibrated-low-backscatter-v1",
        "georeference": "copernicus-stac-bbox-linearized"
      },
      "geometry": {
        "type": "Polygon",
        "coordinates": [
          [
            [
              37.24675,
              -2.6585952380952382
            ],
            [
              37.2483125,
              -2.6585952380952382
            ],
            [
              37.2483125,
              -2.6570476190476193
            ],
            [
              37.24675,
              -2.6570476190476193
            ],
            [
              37.24675,
              -2.6585952380952382
            ]
          ]
        ]
      }
    },
    {
      "type": "Feature",
      "properties": {
        "cellId": "s1-beforeFlooding-22-13",
        "window": "beforeFlooding",
        "observedAt": "2026-02-20T15:47:48.023501Z",
        "sceneId": "S1A_IW_GRDH_1SDV_20260220T154748_20260220T154813_063304_07F31C_2469_COG",
        "floodProbability": 0.569,
        "confidence": 0.597,
        "classification": "possible_flood",
        "vvMean": 120.89,
        "vhMean": 57.44,
        "method": "sentinel1-calibrated-low-backscatter-v1",
        "georeference": "copernicus-stac-bbox-linearized"
      },
      "geometry": {
        "type": "Polygon",
        "coordinates": [
          [
            [
              37.2483125,
              -2.6585952380952382
            ],
            [
              37.249875,
              -2.6585952380952382
            ],
            [
              37.249875,
              -2.6570476190476193
            ],
            [
              37.2483125,
              -2.6570476190476193
            ],
            [
              37.2483125,
              -2.6585952380952382
            ]
          ]
        ]
      }
    },
    {
      "type": "Feature",
      "properties": {
        "cellId": "s1-beforeFlooding-22-14",
        "window": "beforeFlooding",
        "observedAt": "2026-02-20T15:47:48.023501Z",
        "sceneId": "S1A_IW_GRDH_1SDV_20260220T154748_20260220T154813_063304_07F31C_2469_COG",
        "floodProbability": 0.588,
        "confidence": 0.612,
        "classification": "possible_flood",
        "vvMean": 112,
        "vhMean": 56.44,
        "method": "sentinel1-calibrated-low-backscatter-v1",
        "georeference": "copernicus-stac-bbox-linearized"
      },
      "geometry": {
        "type": "Polygon",
        "coordinates": [
          [
            [
              37.249875,
              -2.6585952380952382
            ],
            [
              37.2514375,
              -2.6585952380952382
            ],
            [
              37.2514375,
              -2.6570476190476193
            ],
            [
              37.249875,
              -2.6570476190476193
            ],
            [
              37.249875,
              -2.6585952380952382
            ]
          ]
        ]
      }
    },
    {
      "type": "Feature",
      "properties": {
        "cellId": "s1-beforeFlooding-22-15",
        "window": "beforeFlooding",
        "observedAt": "2026-02-20T15:47:48.023501Z",
        "sceneId": "S1A_IW_GRDH_1SDV_20260220T154748_20260220T154813_063304_07F31C_2469_COG",
        "floodProbability": 0.485,
        "confidence": 0.552,
        "classification": "possible_flood",
        "vvMean": 107.22,
        "vhMean": 66,
        "method": "sentinel1-calibrated-low-backscatter-v1",
        "georeference": "copernicus-stac-bbox-linearized"
      },
      "geometry": {
        "type": "Polygon",
        "coordinates": [
          [
            [
              37.2514375,
              -2.6585952380952382
            ],
            [
              37.253,
              -2.6585952380952382
            ],
            [
              37.253,
              -2.6570476190476193
            ],
            [
              37.2514375,
              -2.6570476190476193
            ],
            [
              37.2514375,
              -2.6585952380952382
            ]
          ]
        ]
      }
    },
    {
      "type": "Feature",
      "properties": {
        "cellId": "s1-beforeFlooding-22-16",
        "window": "beforeFlooding",
        "observedAt": "2026-02-20T15:47:48.023501Z",
        "sceneId": "S1A_IW_GRDH_1SDV_20260220T154748_20260220T154813_063304_07F31C_2469_COG",
        "floodProbability": 0.52,
        "confidence": 0.557,
        "classification": "possible_flood",
        "vvMean": 118.89,
        "vhMean": 67.11,
        "method": "sentinel1-calibrated-low-backscatter-v1",
        "georeference": "copernicus-stac-bbox-linearized"
      },
      "geometry": {
        "type": "Polygon",
        "coordinates": [
          [
            [
              37.253,
              -2.6585952380952382
            ],
            [
              37.2545625,
              -2.6585952380952382
            ],
            [
              37.2545625,
              -2.6570476190476193
            ],
            [
              37.253,
              -2.6570476190476193
            ],
            [
              37.253,
              -2.6585952380952382
            ]
          ]
        ]
      }
    },
    {
      "type": "Feature",
      "properties": {
        "cellId": "s1-beforeFlooding-22-18",
        "window": "beforeFlooding",
        "observedAt": "2026-02-20T15:47:48.023501Z",
        "sceneId": "S1A_IW_GRDH_1SDV_20260220T154748_20260220T154813_063304_07F31C_2469_COG",
        "floodProbability": 0.503,
        "confidence": 0.542,
        "classification": "possible_flood",
        "vvMean": 111.56,
        "vhMean": 62.11,
        "method": "sentinel1-calibrated-low-backscatter-v1",
        "georeference": "copernicus-stac-bbox-linearized"
      },
      "geometry": {
        "type": "Polygon",
        "coordinates": [
          [
            [
              37.256125,
              -2.6585952380952382
            ],
            [
              37.2576875,
              -2.6585952380952382
            ],
            [
              37.2576875,
              -2.6570476190476193
            ],
            [
              37.256125,
              -2.6570476190476193
            ],
            [
              37.256125,
              -2.6585952380952382
            ]
          ]
        ]
      }
    },
    {
      "type": "Feature",
      "properties": {
        "cellId": "s1-beforeFlooding-22-19",
        "window": "beforeFlooding",
        "observedAt": "2026-02-20T15:47:48.023501Z",
        "sceneId": "S1A_IW_GRDH_1SDV_20260220T154748_20260220T154813_063304_07F31C_2469_COG",
        "floodProbability": 0.515,
        "confidence": 0.552,
        "classification": "possible_flood",
        "vvMean": 109.22,
        "vhMean": 55.56,
        "method": "sentinel1-calibrated-low-backscatter-v1",
        "georeference": "copernicus-stac-bbox-linearized"
      },
      "geometry": {
        "type": "Polygon",
        "coordinates": [
          [
            [
              37.2576875,
              -2.6585952380952382
            ],
            [
              37.25925,
              -2.6585952380952382
            ],
            [
              37.25925,
              -2.6570476190476193
            ],
            [
              37.2576875,
              -2.6570476190476193
            ],
            [
              37.2576875,
              -2.6585952380952382
            ]
          ]
        ]
      }
    },
    {
      "type": "Feature",
      "properties": {
        "cellId": "s1-beforeFlooding-22-25",
        "window": "beforeFlooding",
        "observedAt": "2026-02-20T15:47:48.023501Z",
        "sceneId": "S1A_IW_GRDH_1SDV_20260220T154748_20260220T154813_063304_07F31C_2469_COG",
        "floodProbability": 0.508,
        "confidence": 0.546,
        "classification": "possible_flood",
        "vvMean": 100.11,
        "vhMean": 69.33,
        "method": "sentinel1-calibrated-low-backscatter-v1",
        "georeference": "copernicus-stac-bbox-linearized"
      },
      "geometry": {
        "type": "Polygon",
        "coordinates": [
          [
            [
              37.2670625,
              -2.6585952380952382
            ],
            [
              37.268625,
              -2.6585952380952382
            ],
            [
              37.268625,
              -2.6570476190476193
            ],
            [
              37.2670625,
              -2.6570476190476193
            ],
            [
              37.2670625,
              -2.6585952380952382
            ]
          ]
        ]
      }
    },
    {
      "type": "Feature",
      "properties": {
        "cellId": "s1-beforeFlooding-23-1",
        "window": "beforeFlooding",
        "observedAt": "2026-02-20T15:47:48.023501Z",
        "sceneId": "S1A_IW_GRDH_1SDV_20260220T154748_20260220T154813_063304_07F31C_2469_COG",
        "floodProbability": 0.483,
        "confidence": 0.554,
        "classification": "possible_flood",
        "vvMean": 120,
        "vhMean": 60.11,
        "method": "sentinel1-calibrated-low-backscatter-v1",
        "georeference": "copernicus-stac-bbox-linearized"
      },
      "geometry": {
        "type": "Polygon",
        "coordinates": [
          [
            [
              37.2295625,
              -2.660142857142857
            ],
            [
              37.231125,
              -2.660142857142857
            ],
            [
              37.231125,
              -2.6585952380952382
            ],
            [
              37.2295625,
              -2.6585952380952382
            ],
            [
              37.2295625,
              -2.660142857142857
            ]
          ]
        ]
      }
    },
    {
      "type": "Feature",
      "properties": {
        "cellId": "s1-beforeFlooding-23-2",
        "window": "beforeFlooding",
        "observedAt": "2026-02-20T15:47:48.023501Z",
        "sceneId": "S1A_IW_GRDH_1SDV_20260220T154748_20260220T154813_063304_07F31C_2469_COG",
        "floodProbability": 0.634,
        "confidence": 0.65,
        "classification": "probable_flood",
        "vvMean": 101.44,
        "vhMean": 46.33,
        "method": "sentinel1-calibrated-low-backscatter-v1",
        "georeference": "copernicus-stac-bbox-linearized"
      },
      "geometry": {
        "type": "Polygon",
        "coordinates": [
          [
            [
              37.231125,
              -2.660142857142857
            ],
            [
              37.232687500000004,
              -2.660142857142857
            ],
            [
              37.232687500000004,
              -2.6585952380952382
            ],
            [
              37.231125,
              -2.6585952380952382
            ],
            [
              37.231125,
              -2.660142857142857
            ]
          ]
        ]
      }
    },
    {
      "type": "Feature",
      "properties": {
        "cellId": "s1-beforeFlooding-23-3",
        "window": "beforeFlooding",
        "observedAt": "2026-02-20T15:47:48.023501Z",
        "sceneId": "S1A_IW_GRDH_1SDV_20260220T154748_20260220T154813_063304_07F31C_2469_COG",
        "floodProbability": 0.628,
        "confidence": 0.645,
        "classification": "probable_flood",
        "vvMean": 115.56,
        "vhMean": 49.11,
        "method": "sentinel1-calibrated-low-backscatter-v1",
        "georeference": "copernicus-stac-bbox-linearized"
      },
      "geometry": {
        "type": "Polygon",
        "coordinates": [
          [
            [
              37.232687500000004,
              -2.660142857142857
            ],
            [
              37.23425,
              -2.660142857142857
            ],
            [
              37.23425,
              -2.6585952380952382
            ],
            [
              37.232687500000004,
              -2.6585952380952382
            ],
            [
              37.232687500000004,
              -2.660142857142857
            ]
          ]
        ]
      }
    },
    {
      "type": "Feature",
      "properties": {
        "cellId": "s1-beforeFlooding-23-4",
        "window": "beforeFlooding",
        "observedAt": "2026-02-20T15:47:48.023501Z",
        "sceneId": "S1A_IW_GRDH_1SDV_20260220T154748_20260220T154813_063304_07F31C_2469_COG",
        "floodProbability": 0.62,
        "confidence": 0.638,
        "classification": "possible_flood",
        "vvMean": 112,
        "vhMean": 49.89,
        "method": "sentinel1-calibrated-low-backscatter-v1",
        "georeference": "copernicus-stac-bbox-linearized"
      },
      "geometry": {
        "type": "Polygon",
        "coordinates": [
          [
            [
              37.23425,
              -2.660142857142857
            ],
            [
              37.2358125,
              -2.660142857142857
            ],
            [
              37.2358125,
              -2.6585952380952382
            ],
            [
              37.23425,
              -2.6585952380952382
            ],
            [
              37.23425,
              -2.660142857142857
            ]
          ]
        ]
      }
    },
    {
      "type": "Feature",
      "properties": {
        "cellId": "s1-beforeFlooding-23-5",
        "window": "beforeFlooding",
        "observedAt": "2026-02-20T15:47:48.023501Z",
        "sceneId": "S1A_IW_GRDH_1SDV_20260220T154748_20260220T154813_063304_07F31C_2469_COG",
        "floodProbability": 0.522,
        "confidence": 0.558,
        "classification": "possible_flood",
        "vvMean": 113.78,
        "vhMean": 53.67,
        "method": "sentinel1-calibrated-low-backscatter-v1",
        "georeference": "copernicus-stac-bbox-linearized"
      },
      "geometry": {
        "type": "Polygon",
        "coordinates": [
          [
            [
              37.2358125,
              -2.660142857142857
            ],
            [
              37.237375,
              -2.660142857142857
            ],
            [
              37.237375,
              -2.6585952380952382
            ],
            [
              37.2358125,
              -2.6585952380952382
            ],
            [
              37.2358125,
              -2.660142857142857
            ]
          ]
        ]
      }
    },
    {
      "type": "Feature",
      "properties": {
        "cellId": "s1-beforeFlooding-23-6",
        "window": "beforeFlooding",
        "observedAt": "2026-02-20T15:47:48.023501Z",
        "sceneId": "S1A_IW_GRDH_1SDV_20260220T154748_20260220T154813_063304_07F31C_2469_COG",
        "floodProbability": 0.477,
        "confidence": 0.559,
        "classification": "possible_flood",
        "vvMean": 115.11,
        "vhMean": 57.22,
        "method": "sentinel1-calibrated-low-backscatter-v1",
        "georeference": "copernicus-stac-bbox-linearized"
      },
      "geometry": {
        "type": "Polygon",
        "coordinates": [
          [
            [
              37.237375,
              -2.660142857142857
            ],
            [
              37.2389375,
              -2.660142857142857
            ],
            [
              37.2389375,
              -2.6585952380952382
            ],
            [
              37.237375,
              -2.6585952380952382
            ],
            [
              37.237375,
              -2.660142857142857
            ]
          ]
        ]
      }
    },
    {
      "type": "Feature",
      "properties": {
        "cellId": "s1-beforeFlooding-23-7",
        "window": "beforeFlooding",
        "observedAt": "2026-02-20T15:47:48.023501Z",
        "sceneId": "S1A_IW_GRDH_1SDV_20260220T154748_20260220T154813_063304_07F31C_2469_COG",
        "floodProbability": 0.518,
        "confidence": 0.555,
        "classification": "possible_flood",
        "vvMean": 121.22,
        "vhMean": 63.22,
        "method": "sentinel1-calibrated-low-backscatter-v1",
        "georeference": "copernicus-stac-bbox-linearized"
      },
      "geometry": {
        "type": "Polygon",
        "coordinates": [
          [
            [
              37.2389375,
              -2.660142857142857
            ],
            [
              37.2405,
              -2.660142857142857
            ],
            [
              37.2405,
              -2.6585952380952382
            ],
            [
              37.2389375,
              -2.6585952380952382
            ],
            [
              37.2389375,
              -2.660142857142857
            ]
          ]
        ]
      }
    },
    {
      "type": "Feature",
      "properties": {
        "cellId": "s1-beforeFlooding-23-8",
        "window": "beforeFlooding",
        "observedAt": "2026-02-20T15:47:48.023501Z",
        "sceneId": "S1A_IW_GRDH_1SDV_20260220T154748_20260220T154813_063304_07F31C_2469_COG",
        "floodProbability": 0.558,
        "confidence": 0.587,
        "classification": "possible_flood",
        "vvMean": 112.78,
        "vhMean": 52.11,
        "method": "sentinel1-calibrated-low-backscatter-v1",
        "georeference": "copernicus-stac-bbox-linearized"
      },
      "geometry": {
        "type": "Polygon",
        "coordinates": [
          [
            [
              37.2405,
              -2.660142857142857
            ],
            [
              37.2420625,
              -2.660142857142857
            ],
            [
              37.2420625,
              -2.6585952380952382
            ],
            [
              37.2405,
              -2.6585952380952382
            ],
            [
              37.2405,
              -2.660142857142857
            ]
          ]
        ]
      }
    },
    {
      "type": "Feature",
      "properties": {
        "cellId": "s1-beforeFlooding-23-11",
        "window": "beforeFlooding",
        "observedAt": "2026-02-20T15:47:48.023501Z",
        "sceneId": "S1A_IW_GRDH_1SDV_20260220T154748_20260220T154813_063304_07F31C_2469_COG",
        "floodProbability": 0.575,
        "confidence": 0.601,
        "classification": "possible_flood",
        "vvMean": 95.11,
        "vhMean": 53.11,
        "method": "sentinel1-calibrated-low-backscatter-v1",
        "georeference": "copernicus-stac-bbox-linearized"
      },
      "geometry": {
        "type": "Polygon",
        "coordinates": [
          [
            [
              37.2451875,
              -2.660142857142857
            ],
            [
              37.24675,
              -2.660142857142857
            ],
            [
              37.24675,
              -2.6585952380952382
            ],
            [
              37.2451875,
              -2.6585952380952382
            ],
            [
              37.2451875,
              -2.660142857142857
            ]
          ]
        ]
      }
    },
    {
      "type": "Feature",
      "properties": {
        "cellId": "s1-beforeFlooding-23-12",
        "window": "beforeFlooding",
        "observedAt": "2026-02-20T15:47:48.023501Z",
        "sceneId": "S1A_IW_GRDH_1SDV_20260220T154748_20260220T154813_063304_07F31C_2469_COG",
        "floodProbability": 0.583,
        "confidence": 0.608,
        "classification": "possible_flood",
        "vvMean": 111.67,
        "vhMean": 57.89,
        "method": "sentinel1-calibrated-low-backscatter-v1",
        "georeference": "copernicus-stac-bbox-linearized"
      },
      "geometry": {
        "type": "Polygon",
        "coordinates": [
          [
            [
              37.24675,
              -2.660142857142857
            ],
            [
              37.2483125,
              -2.660142857142857
            ],
            [
              37.2483125,
              -2.6585952380952382
            ],
            [
              37.24675,
              -2.6585952380952382
            ],
            [
              37.24675,
              -2.660142857142857
            ]
          ]
        ]
      }
    },
    {
      "type": "Feature",
      "properties": {
        "cellId": "s1-beforeFlooding-23-13",
        "window": "beforeFlooding",
        "observedAt": "2026-02-20T15:47:48.023501Z",
        "sceneId": "S1A_IW_GRDH_1SDV_20260220T154748_20260220T154813_063304_07F31C_2469_COG",
        "floodProbability": 0.593,
        "confidence": 0.616,
        "classification": "possible_flood",
        "vvMean": 100.44,
        "vhMean": 58.22,
        "method": "sentinel1-calibrated-low-backscatter-v1",
        "georeference": "copernicus-stac-bbox-linearized"
      },
      "geometry": {
        "type": "Polygon",
        "coordinates": [
          [
            [
              37.2483125,
              -2.660142857142857
            ],
            [
              37.249875,
              -2.660142857142857
            ],
            [
              37.249875,
              -2.6585952380952382
            ],
            [
              37.2483125,
              -2.6585952380952382
            ],
            [
              37.2483125,
              -2.660142857142857
            ]
          ]
        ]
      }
    },
    {
      "type": "Feature",
      "properties": {
        "cellId": "s1-beforeFlooding-23-16",
        "window": "beforeFlooding",
        "observedAt": "2026-02-20T15:47:48.023501Z",
        "sceneId": "S1A_IW_GRDH_1SDV_20260220T154748_20260220T154813_063304_07F31C_2469_COG",
        "floodProbability": 0.516,
        "confidence": 0.553,
        "classification": "possible_flood",
        "vvMean": 111.78,
        "vhMean": 62.89,
        "method": "sentinel1-calibrated-low-backscatter-v1",
        "georeference": "copernicus-stac-bbox-linearized"
      },
      "geometry": {
        "type": "Polygon",
        "coordinates": [
          [
            [
              37.253,
              -2.660142857142857
            ],
            [
              37.2545625,
              -2.660142857142857
            ],
            [
              37.2545625,
              -2.6585952380952382
            ],
            [
              37.253,
              -2.6585952380952382
            ],
            [
              37.253,
              -2.660142857142857
            ]
          ]
        ]
      }
    },
    {
      "type": "Feature",
      "properties": {
        "cellId": "s1-beforeFlooding-23-17",
        "window": "beforeFlooding",
        "observedAt": "2026-02-20T15:47:48.023501Z",
        "sceneId": "S1A_IW_GRDH_1SDV_20260220T154748_20260220T154813_063304_07F31C_2469_COG",
        "floodProbability": 0.486,
        "confidence": 0.551,
        "classification": "possible_flood",
        "vvMean": 123.56,
        "vhMean": 60.89,
        "method": "sentinel1-calibrated-low-backscatter-v1",
        "georeference": "copernicus-stac-bbox-linearized"
      },
      "geometry": {
        "type": "Polygon",
        "coordinates": [
          [
            [
              37.2545625,
              -2.660142857142857
            ],
            [
              37.256125,
              -2.660142857142857
            ],
            [
              37.256125,
              -2.6585952380952382
            ],
            [
              37.2545625,
              -2.6585952380952382
            ],
            [
              37.2545625,
              -2.660142857142857
            ]
          ]
        ]
      }
    },
    {
      "type": "Feature",
      "properties": {
        "cellId": "s1-beforeFlooding-23-24",
        "window": "beforeFlooding",
        "observedAt": "2026-02-20T15:47:48.023501Z",
        "sceneId": "S1A_IW_GRDH_1SDV_20260220T154748_20260220T154813_063304_07F31C_2469_COG",
        "floodProbability": 0.472,
        "confidence": 0.563,
        "classification": "possible_flood",
        "vvMean": 108.33,
        "vhMean": 60.44,
        "method": "sentinel1-calibrated-low-backscatter-v1",
        "georeference": "copernicus-stac-bbox-linearized"
      },
      "geometry": {
        "type": "Polygon",
        "coordinates": [
          [
            [
              37.2655,
              -2.660142857142857
            ],
            [
              37.2670625,
              -2.660142857142857
            ],
            [
              37.2670625,
              -2.6585952380952382
            ],
            [
              37.2655,
              -2.6585952380952382
            ],
            [
              37.2655,
              -2.660142857142857
            ]
          ]
        ]
      }
    },
    {
      "type": "Feature",
      "properties": {
        "cellId": "s1-beforeFlooding-24-2",
        "window": "beforeFlooding",
        "observedAt": "2026-02-20T15:47:48.023501Z",
        "sceneId": "S1A_IW_GRDH_1SDV_20260220T154748_20260220T154813_063304_07F31C_2469_COG",
        "floodProbability": 0.664,
        "confidence": 0.675,
        "classification": "probable_flood",
        "vvMean": 104.67,
        "vhMean": 56,
        "method": "sentinel1-calibrated-low-backscatter-v1",
        "georeference": "copernicus-stac-bbox-linearized"
      },
      "geometry": {
        "type": "Polygon",
        "coordinates": [
          [
            [
              37.231125,
              -2.6616904761904765
            ],
            [
              37.232687500000004,
              -2.6616904761904765
            ],
            [
              37.232687500000004,
              -2.660142857142857
            ],
            [
              37.231125,
              -2.660142857142857
            ],
            [
              37.231125,
              -2.6616904761904765
            ]
          ]
        ]
      }
    },
    {
      "type": "Feature",
      "properties": {
        "cellId": "s1-beforeFlooding-24-3",
        "window": "beforeFlooding",
        "observedAt": "2026-02-20T15:47:48.023501Z",
        "sceneId": "S1A_IW_GRDH_1SDV_20260220T154748_20260220T154813_063304_07F31C_2469_COG",
        "floodProbability": 0.599,
        "confidence": 0.622,
        "classification": "possible_flood",
        "vvMean": 116.33,
        "vhMean": 51.78,
        "method": "sentinel1-calibrated-low-backscatter-v1",
        "georeference": "copernicus-stac-bbox-linearized"
      },
      "geometry": {
        "type": "Polygon",
        "coordinates": [
          [
            [
              37.232687500000004,
              -2.6616904761904765
            ],
            [
              37.23425,
              -2.6616904761904765
            ],
            [
              37.23425,
              -2.660142857142857
            ],
            [
              37.232687500000004,
              -2.660142857142857
            ],
            [
              37.232687500000004,
              -2.6616904761904765
            ]
          ]
        ]
      }
    },
    {
      "type": "Feature",
      "properties": {
        "cellId": "s1-beforeFlooding-24-4",
        "window": "beforeFlooding",
        "observedAt": "2026-02-20T15:47:48.023501Z",
        "sceneId": "S1A_IW_GRDH_1SDV_20260220T154748_20260220T154813_063304_07F31C_2469_COG",
        "floodProbability": 0.583,
        "confidence": 0.608,
        "classification": "possible_flood",
        "vvMean": 110.11,
        "vhMean": 54.89,
        "method": "sentinel1-calibrated-low-backscatter-v1",
        "georeference": "copernicus-stac-bbox-linearized"
      },
      "geometry": {
        "type": "Polygon",
        "coordinates": [
          [
            [
              37.23425,
              -2.6616904761904765
            ],
            [
              37.2358125,
              -2.6616904761904765
            ],
            [
              37.2358125,
              -2.660142857142857
            ],
            [
              37.23425,
              -2.660142857142857
            ],
            [
              37.23425,
              -2.6616904761904765
            ]
          ]
        ]
      }
    },
    {
      "type": "Feature",
      "properties": {
        "cellId": "s1-beforeFlooding-24-5",
        "window": "beforeFlooding",
        "observedAt": "2026-02-20T15:47:48.023501Z",
        "sceneId": "S1A_IW_GRDH_1SDV_20260220T154748_20260220T154813_063304_07F31C_2469_COG",
        "floodProbability": 0.626,
        "confidence": 0.643,
        "classification": "probable_flood",
        "vvMean": 116,
        "vhMean": 50.67,
        "method": "sentinel1-calibrated-low-backscatter-v1",
        "georeference": "copernicus-stac-bbox-linearized"
      },
      "geometry": {
        "type": "Polygon",
        "coordinates": [
          [
            [
              37.2358125,
              -2.6616904761904765
            ],
            [
              37.237375,
              -2.6616904761904765
            ],
            [
              37.237375,
              -2.660142857142857
            ],
            [
              37.2358125,
              -2.660142857142857
            ],
            [
              37.2358125,
              -2.6616904761904765
            ]
          ]
        ]
      }
    },
    {
      "type": "Feature",
      "properties": {
        "cellId": "s1-beforeFlooding-24-6",
        "window": "beforeFlooding",
        "observedAt": "2026-02-20T15:47:48.023501Z",
        "sceneId": "S1A_IW_GRDH_1SDV_20260220T154748_20260220T154813_063304_07F31C_2469_COG",
        "floodProbability": 0.633,
        "confidence": 0.649,
        "classification": "probable_flood",
        "vvMean": 111.11,
        "vhMean": 51.56,
        "method": "sentinel1-calibrated-low-backscatter-v1",
        "georeference": "copernicus-stac-bbox-linearized"
      },
      "geometry": {
        "type": "Polygon",
        "coordinates": [
          [
            [
              37.237375,
              -2.6616904761904765
            ],
            [
              37.2389375,
              -2.6616904761904765
            ],
            [
              37.2389375,
              -2.660142857142857
            ],
            [
              37.237375,
              -2.660142857142857
            ],
            [
              37.237375,
              -2.6616904761904765
            ]
          ]
        ]
      }
    },
    {
      "type": "Feature",
      "properties": {
        "cellId": "s1-beforeFlooding-24-7",
        "window": "beforeFlooding",
        "observedAt": "2026-02-20T15:47:48.023501Z",
        "sceneId": "S1A_IW_GRDH_1SDV_20260220T154748_20260220T154813_063304_07F31C_2469_COG",
        "floodProbability": 0.571,
        "confidence": 0.598,
        "classification": "possible_flood",
        "vvMean": 106.33,
        "vhMean": 54.33,
        "method": "sentinel1-calibrated-low-backscatter-v1",
        "georeference": "copernicus-stac-bbox-linearized"
      },
      "geometry": {
        "type": "Polygon",
        "coordinates": [
          [
            [
              37.2389375,
              -2.6616904761904765
            ],
            [
              37.2405,
              -2.6616904761904765
            ],
            [
              37.2405,
              -2.660142857142857
            ],
            [
              37.2389375,
              -2.660142857142857
            ],
            [
              37.2389375,
              -2.6616904761904765
            ]
          ]
        ]
      }
    },
    {
      "type": "Feature",
      "properties": {
        "cellId": "s1-beforeFlooding-24-10",
        "window": "beforeFlooding",
        "observedAt": "2026-02-20T15:47:48.023501Z",
        "sceneId": "S1A_IW_GRDH_1SDV_20260220T154748_20260220T154813_063304_07F31C_2469_COG",
        "floodProbability": 0.473,
        "confidence": 0.563,
        "classification": "possible_flood",
        "vvMean": 114.89,
        "vhMean": 54.78,
        "method": "sentinel1-calibrated-low-backscatter-v1",
        "georeference": "copernicus-stac-bbox-linearized"
      },
      "geometry": {
        "type": "Polygon",
        "coordinates": [
          [
            [
              37.243625,
              -2.6616904761904765
            ],
            [
              37.2451875,
              -2.6616904761904765
            ],
            [
              37.2451875,
              -2.660142857142857
            ],
            [
              37.243625,
              -2.660142857142857
            ],
            [
              37.243625,
              -2.6616904761904765
            ]
          ]
        ]
      }
    },
    {
      "type": "Feature",
      "properties": {
        "cellId": "s1-beforeFlooding-24-11",
        "window": "beforeFlooding",
        "observedAt": "2026-02-20T15:47:48.023501Z",
        "sceneId": "S1A_IW_GRDH_1SDV_20260220T154748_20260220T154813_063304_07F31C_2469_COG",
        "floodProbability": 0.452,
        "confidence": 0.58,
        "classification": "possible_flood",
        "vvMean": 117.78,
        "vhMean": 72.44,
        "method": "sentinel1-calibrated-low-backscatter-v1",
        "georeference": "copernicus-stac-bbox-linearized"
      },
      "geometry": {
        "type": "Polygon",
        "coordinates": [
          [
            [
              37.2451875,
              -2.6616904761904765
            ],
            [
              37.24675,
              -2.6616904761904765
            ],
            [
              37.24675,
              -2.660142857142857
            ],
            [
              37.2451875,
              -2.660142857142857
            ],
            [
              37.2451875,
              -2.6616904761904765
            ]
          ]
        ]
      }
    },
    {
      "type": "Feature",
      "properties": {
        "cellId": "s1-beforeFlooding-24-12",
        "window": "beforeFlooding",
        "observedAt": "2026-02-20T15:47:48.023501Z",
        "sceneId": "S1A_IW_GRDH_1SDV_20260220T154748_20260220T154813_063304_07F31C_2469_COG",
        "floodProbability": 0.675,
        "confidence": 0.683,
        "classification": "probable_flood",
        "vvMean": 96.89,
        "vhMean": 52.78,
        "method": "sentinel1-calibrated-low-backscatter-v1",
        "georeference": "copernicus-stac-bbox-linearized"
      },
      "geometry": {
        "type": "Polygon",
        "coordinates": [
          [
            [
              37.24675,
              -2.6616904761904765
            ],
            [
              37.2483125,
              -2.6616904761904765
            ],
            [
              37.2483125,
              -2.660142857142857
            ],
            [
              37.24675,
              -2.660142857142857
            ],
            [
              37.24675,
              -2.6616904761904765
            ]
          ]
        ]
      }
    },
    {
      "type": "Feature",
      "properties": {
        "cellId": "s1-beforeFlooding-24-13",
        "window": "beforeFlooding",
        "observedAt": "2026-02-20T15:47:48.023501Z",
        "sceneId": "S1A_IW_GRDH_1SDV_20260220T154748_20260220T154813_063304_07F31C_2469_COG",
        "floodProbability": 0.503,
        "confidence": 0.542,
        "classification": "possible_flood",
        "vvMean": 109.33,
        "vhMean": 69.33,
        "method": "sentinel1-calibrated-low-backscatter-v1",
        "georeference": "copernicus-stac-bbox-linearized"
      },
      "geometry": {
        "type": "Polygon",
        "coordinates": [
          [
            [
              37.2483125,
              -2.6616904761904765
            ],
            [
              37.249875,
              -2.6616904761904765
            ],
            [
              37.249875,
              -2.660142857142857
            ],
            [
              37.2483125,
              -2.660142857142857
            ],
            [
              37.2483125,
              -2.6616904761904765
            ]
          ]
        ]
      }
    },
    {
      "type": "Feature",
      "properties": {
        "cellId": "s1-beforeFlooding-24-21",
        "window": "beforeFlooding",
        "observedAt": "2026-02-20T15:47:48.023501Z",
        "sceneId": "S1A_IW_GRDH_1SDV_20260220T154748_20260220T154813_063304_07F31C_2469_COG",
        "floodProbability": 0.46,
        "confidence": 0.572,
        "classification": "possible_flood",
        "vvMean": 120,
        "vhMean": 55,
        "method": "sentinel1-calibrated-low-backscatter-v1",
        "georeference": "copernicus-stac-bbox-linearized"
      },
      "geometry": {
        "type": "Polygon",
        "coordinates": [
          [
            [
              37.2608125,
              -2.6616904761904765
            ],
            [
              37.262375,
              -2.6616904761904765
            ],
            [
              37.262375,
              -2.660142857142857
            ],
            [
              37.2608125,
              -2.660142857142857
            ],
            [
              37.2608125,
              -2.6616904761904765
            ]
          ]
        ]
      }
    },
    {
      "type": "Feature",
      "properties": {
        "cellId": "s1-beforeFlooding-24-22",
        "window": "beforeFlooding",
        "observedAt": "2026-02-20T15:47:48.023501Z",
        "sceneId": "S1A_IW_GRDH_1SDV_20260220T154748_20260220T154813_063304_07F31C_2469_COG",
        "floodProbability": 0.514,
        "confidence": 0.551,
        "classification": "possible_flood",
        "vvMean": 117.89,
        "vhMean": 60.22,
        "method": "sentinel1-calibrated-low-backscatter-v1",
        "georeference": "copernicus-stac-bbox-linearized"
      },
      "geometry": {
        "type": "Polygon",
        "coordinates": [
          [
            [
              37.262375,
              -2.6616904761904765
            ],
            [
              37.2639375,
              -2.6616904761904765
            ],
            [
              37.2639375,
              -2.660142857142857
            ],
            [
              37.262375,
              -2.660142857142857
            ],
            [
              37.262375,
              -2.6616904761904765
            ]
          ]
        ]
      }
    },
    {
      "type": "Feature",
      "properties": {
        "cellId": "s1-beforeFlooding-25-1",
        "window": "beforeFlooding",
        "observedAt": "2026-02-20T15:47:48.023501Z",
        "sceneId": "S1A_IW_GRDH_1SDV_20260220T154748_20260220T154813_063304_07F31C_2469_COG",
        "floodProbability": 0.457,
        "confidence": 0.576,
        "classification": "possible_flood",
        "vvMean": 123.67,
        "vhMean": 56.78,
        "method": "sentinel1-calibrated-low-backscatter-v1",
        "georeference": "copernicus-stac-bbox-linearized"
      },
      "geometry": {
        "type": "Polygon",
        "coordinates": [
          [
            [
              37.2295625,
              -2.6632380952380954
            ],
            [
              37.231125,
              -2.6632380952380954
            ],
            [
              37.231125,
              -2.6616904761904765
            ],
            [
              37.2295625,
              -2.6616904761904765
            ],
            [
              37.2295625,
              -2.6632380952380954
            ]
          ]
        ]
      }
    },
    {
      "type": "Feature",
      "properties": {
        "cellId": "s1-beforeFlooding-25-2",
        "window": "beforeFlooding",
        "observedAt": "2026-02-20T15:47:48.023501Z",
        "sceneId": "S1A_IW_GRDH_1SDV_20260220T154748_20260220T154813_063304_07F31C_2469_COG",
        "floodProbability": 0.628,
        "confidence": 0.645,
        "classification": "probable_flood",
        "vvMean": 109.33,
        "vhMean": 54.44,
        "method": "sentinel1-calibrated-low-backscatter-v1",
        "georeference": "copernicus-stac-bbox-linearized"
      },
      "geometry": {
        "type": "Polygon",
        "coordinates": [
          [
            [
              37.231125,
              -2.6632380952380954
            ],
            [
              37.232687500000004,
              -2.6632380952380954
            ],
            [
              37.232687500000004,
              -2.6616904761904765
            ],
            [
              37.231125,
              -2.6616904761904765
            ],
            [
              37.231125,
              -2.6632380952380954
            ]
          ]
        ]
      }
    },
    {
      "type": "Feature",
      "properties": {
        "cellId": "s1-beforeFlooding-25-4",
        "window": "beforeFlooding",
        "observedAt": "2026-02-20T15:47:48.023501Z",
        "sceneId": "S1A_IW_GRDH_1SDV_20260220T154748_20260220T154813_063304_07F31C_2469_COG",
        "floodProbability": 0.52,
        "confidence": 0.556,
        "classification": "possible_flood",
        "vvMean": 114.44,
        "vhMean": 58.22,
        "method": "sentinel1-calibrated-low-backscatter-v1",
        "georeference": "copernicus-stac-bbox-linearized"
      },
      "geometry": {
        "type": "Polygon",
        "coordinates": [
          [
            [
              37.23425,
              -2.6632380952380954
            ],
            [
              37.2358125,
              -2.6632380952380954
            ],
            [
              37.2358125,
              -2.6616904761904765
            ],
            [
              37.23425,
              -2.6616904761904765
            ],
            [
              37.23425,
              -2.6632380952380954
            ]
          ]
        ]
      }
    },
    {
      "type": "Feature",
      "properties": {
        "cellId": "s1-beforeFlooding-25-5",
        "window": "beforeFlooding",
        "observedAt": "2026-02-20T15:47:48.023501Z",
        "sceneId": "S1A_IW_GRDH_1SDV_20260220T154748_20260220T154813_063304_07F31C_2469_COG",
        "floodProbability": 0.594,
        "confidence": 0.617,
        "classification": "possible_flood",
        "vvMean": 113.78,
        "vhMean": 48.89,
        "method": "sentinel1-calibrated-low-backscatter-v1",
        "georeference": "copernicus-stac-bbox-linearized"
      },
      "geometry": {
        "type": "Polygon",
        "coordinates": [
          [
            [
              37.2358125,
              -2.6632380952380954
            ],
            [
              37.237375,
              -2.6632380952380954
            ],
            [
              37.237375,
              -2.6616904761904765
            ],
            [
              37.2358125,
              -2.6616904761904765
            ],
            [
              37.2358125,
              -2.6632380952380954
            ]
          ]
        ]
      }
    },
    {
      "type": "Feature",
      "properties": {
        "cellId": "s1-beforeFlooding-25-6",
        "window": "beforeFlooding",
        "observedAt": "2026-02-20T15:47:48.023501Z",
        "sceneId": "S1A_IW_GRDH_1SDV_20260220T154748_20260220T154813_063304_07F31C_2469_COG",
        "floodProbability": 0.511,
        "confidence": 0.549,
        "classification": "possible_flood",
        "vvMean": 118.78,
        "vhMean": 62,
        "method": "sentinel1-calibrated-low-backscatter-v1",
        "georeference": "copernicus-stac-bbox-linearized"
      },
      "geometry": {
        "type": "Polygon",
        "coordinates": [
          [
            [
              37.237375,
              -2.6632380952380954
            ],
            [
              37.2389375,
              -2.6632380952380954
            ],
            [
              37.2389375,
              -2.6616904761904765
            ],
            [
              37.237375,
              -2.6616904761904765
            ],
            [
              37.237375,
              -2.6632380952380954
            ]
          ]
        ]
      }
    },
    {
      "type": "Feature",
      "properties": {
        "cellId": "s1-beforeFlooding-25-7",
        "window": "beforeFlooding",
        "observedAt": "2026-02-20T15:47:48.023501Z",
        "sceneId": "S1A_IW_GRDH_1SDV_20260220T154748_20260220T154813_063304_07F31C_2469_COG",
        "floodProbability": 0.5,
        "confidence": 0.54,
        "classification": "possible_flood",
        "vvMean": 113.11,
        "vhMean": 57.78,
        "method": "sentinel1-calibrated-low-backscatter-v1",
        "georeference": "copernicus-stac-bbox-linearized"
      },
      "geometry": {
        "type": "Polygon",
        "coordinates": [
          [
            [
              37.2389375,
              -2.6632380952380954
            ],
            [
              37.2405,
              -2.6632380952380954
            ],
            [
              37.2405,
              -2.6616904761904765
            ],
            [
              37.2389375,
              -2.6616904761904765
            ],
            [
              37.2389375,
              -2.6632380952380954
            ]
          ]
        ]
      }
    },
    {
      "type": "Feature",
      "properties": {
        "cellId": "s1-beforeFlooding-25-17",
        "window": "beforeFlooding",
        "observedAt": "2026-02-20T15:47:48.023501Z",
        "sceneId": "S1A_IW_GRDH_1SDV_20260220T154748_20260220T154813_063304_07F31C_2469_COG",
        "floodProbability": 0.461,
        "confidence": 0.572,
        "classification": "possible_flood",
        "vvMean": 125,
        "vhMean": 61,
        "method": "sentinel1-calibrated-low-backscatter-v1",
        "georeference": "copernicus-stac-bbox-linearized"
      },
      "geometry": {
        "type": "Polygon",
        "coordinates": [
          [
            [
              37.2545625,
              -2.6632380952380954
            ],
            [
              37.256125,
              -2.6632380952380954
            ],
            [
              37.256125,
              -2.6616904761904765
            ],
            [
              37.2545625,
              -2.6616904761904765
            ],
            [
              37.2545625,
              -2.6632380952380954
            ]
          ]
        ]
      }
    },
    {
      "type": "Feature",
      "properties": {
        "cellId": "s1-beforeFlooding-25-18",
        "window": "beforeFlooding",
        "observedAt": "2026-02-20T15:47:48.023501Z",
        "sceneId": "S1A_IW_GRDH_1SDV_20260220T154748_20260220T154813_063304_07F31C_2469_COG",
        "floodProbability": 0.53,
        "confidence": 0.564,
        "classification": "possible_flood",
        "vvMean": 105.78,
        "vhMean": 65.33,
        "method": "sentinel1-calibrated-low-backscatter-v1",
        "georeference": "copernicus-stac-bbox-linearized"
      },
      "geometry": {
        "type": "Polygon",
        "coordinates": [
          [
            [
              37.256125,
              -2.6632380952380954
            ],
            [
              37.2576875,
              -2.6632380952380954
            ],
            [
              37.2576875,
              -2.6616904761904765
            ],
            [
              37.256125,
              -2.6616904761904765
            ],
            [
              37.256125,
              -2.6632380952380954
            ]
          ]
        ]
      }
    },
    {
      "type": "Feature",
      "properties": {
        "cellId": "s1-beforeFlooding-25-22",
        "window": "beforeFlooding",
        "observedAt": "2026-02-20T15:47:48.023501Z",
        "sceneId": "S1A_IW_GRDH_1SDV_20260220T154748_20260220T154813_063304_07F31C_2469_COG",
        "floodProbability": 0.501,
        "confidence": 0.541,
        "classification": "possible_flood",
        "vvMean": 112.56,
        "vhMean": 65.56,
        "method": "sentinel1-calibrated-low-backscatter-v1",
        "georeference": "copernicus-stac-bbox-linearized"
      },
      "geometry": {
        "type": "Polygon",
        "coordinates": [
          [
            [
              37.262375,
              -2.6632380952380954
            ],
            [
              37.2639375,
              -2.6632380952380954
            ],
            [
              37.2639375,
              -2.6616904761904765
            ],
            [
              37.262375,
              -2.6616904761904765
            ],
            [
              37.262375,
              -2.6632380952380954
            ]
          ]
        ]
      }
    },
    {
      "type": "Feature",
      "properties": {
        "cellId": "s1-beforeFlooding-26-1",
        "window": "beforeFlooding",
        "observedAt": "2026-02-20T15:47:48.023501Z",
        "sceneId": "S1A_IW_GRDH_1SDV_20260220T154748_20260220T154813_063304_07F31C_2469_COG",
        "floodProbability": 0.499,
        "confidence": 0.541,
        "classification": "possible_flood",
        "vvMean": 109.11,
        "vhMean": 64.67,
        "method": "sentinel1-calibrated-low-backscatter-v1",
        "georeference": "copernicus-stac-bbox-linearized"
      },
      "geometry": {
        "type": "Polygon",
        "coordinates": [
          [
            [
              37.2295625,
              -2.6647857142857143
            ],
            [
              37.231125,
              -2.6647857142857143
            ],
            [
              37.231125,
              -2.6632380952380954
            ],
            [
              37.2295625,
              -2.6632380952380954
            ],
            [
              37.2295625,
              -2.6647857142857143
            ]
          ]
        ]
      }
    },
    {
      "type": "Feature",
      "properties": {
        "cellId": "s1-beforeFlooding-26-2",
        "window": "beforeFlooding",
        "observedAt": "2026-02-20T15:47:48.023501Z",
        "sceneId": "S1A_IW_GRDH_1SDV_20260220T154748_20260220T154813_063304_07F31C_2469_COG",
        "floodProbability": 0.508,
        "confidence": 0.546,
        "classification": "possible_flood",
        "vvMean": 125.22,
        "vhMean": 56.67,
        "method": "sentinel1-calibrated-low-backscatter-v1",
        "georeference": "copernicus-stac-bbox-linearized"
      },
      "geometry": {
        "type": "Polygon",
        "coordinates": [
          [
            [
              37.231125,
              -2.6647857142857143
            ],
            [
              37.232687500000004,
              -2.6647857142857143
            ],
            [
              37.232687500000004,
              -2.6632380952380954
            ],
            [
              37.231125,
              -2.6632380952380954
            ],
            [
              37.231125,
              -2.6647857142857143
            ]
          ]
        ]
      }
    },
    {
      "type": "Feature",
      "properties": {
        "cellId": "s1-beforeFlooding-26-3",
        "window": "beforeFlooding",
        "observedAt": "2026-02-20T15:47:48.023501Z",
        "sceneId": "S1A_IW_GRDH_1SDV_20260220T154748_20260220T154813_063304_07F31C_2469_COG",
        "floodProbability": 0.522,
        "confidence": 0.558,
        "classification": "possible_flood",
        "vvMean": 108.22,
        "vhMean": 56.11,
        "method": "sentinel1-calibrated-low-backscatter-v1",
        "georeference": "copernicus-stac-bbox-linearized"
      },
      "geometry": {
        "type": "Polygon",
        "coordinates": [
          [
            [
              37.232687500000004,
              -2.6647857142857143
            ],
            [
              37.23425,
              -2.6647857142857143
            ],
            [
              37.23425,
              -2.6632380952380954
            ],
            [
              37.232687500000004,
              -2.6632380952380954
            ],
            [
              37.232687500000004,
              -2.6647857142857143
            ]
          ]
        ]
      }
    },
    {
      "type": "Feature",
      "properties": {
        "cellId": "s1-beforeFlooding-26-4",
        "window": "beforeFlooding",
        "observedAt": "2026-02-20T15:47:48.023501Z",
        "sceneId": "S1A_IW_GRDH_1SDV_20260220T154748_20260220T154813_063304_07F31C_2469_COG",
        "floodProbability": 0.591,
        "confidence": 0.615,
        "classification": "possible_flood",
        "vvMean": 101.11,
        "vhMean": 62.89,
        "method": "sentinel1-calibrated-low-backscatter-v1",
        "georeference": "copernicus-stac-bbox-linearized"
      },
      "geometry": {
        "type": "Polygon",
        "coordinates": [
          [
            [
              37.23425,
              -2.6647857142857143
            ],
            [
              37.2358125,
              -2.6647857142857143
            ],
            [
              37.2358125,
              -2.6632380952380954
            ],
            [
              37.23425,
              -2.6632380952380954
            ],
            [
              37.23425,
              -2.6647857142857143
            ]
          ]
        ]
      }
    },
    {
      "type": "Feature",
      "properties": {
        "cellId": "s1-beforeFlooding-26-8",
        "window": "beforeFlooding",
        "observedAt": "2026-02-20T15:47:48.023501Z",
        "sceneId": "S1A_IW_GRDH_1SDV_20260220T154748_20260220T154813_063304_07F31C_2469_COG",
        "floodProbability": 0.465,
        "confidence": 0.569,
        "classification": "possible_flood",
        "vvMean": 114.11,
        "vhMean": 60.67,
        "method": "sentinel1-calibrated-low-backscatter-v1",
        "georeference": "copernicus-stac-bbox-linearized"
      },
      "geometry": {
        "type": "Polygon",
        "coordinates": [
          [
            [
              37.2405,
              -2.6647857142857143
            ],
            [
              37.2420625,
              -2.6647857142857143
            ],
            [
              37.2420625,
              -2.6632380952380954
            ],
            [
              37.2405,
              -2.6632380952380954
            ],
            [
              37.2405,
              -2.6647857142857143
            ]
          ]
        ]
      }
    },
    {
      "type": "Feature",
      "properties": {
        "cellId": "s1-beforeFlooding-27-3",
        "window": "beforeFlooding",
        "observedAt": "2026-02-20T15:47:48.023501Z",
        "sceneId": "S1A_IW_GRDH_1SDV_20260220T154748_20260220T154813_063304_07F31C_2469_COG",
        "floodProbability": 0.595,
        "confidence": 0.618,
        "classification": "possible_flood",
        "vvMean": 106.89,
        "vhMean": 59.56,
        "method": "sentinel1-calibrated-low-backscatter-v1",
        "georeference": "copernicus-stac-bbox-linearized"
      },
      "geometry": {
        "type": "Polygon",
        "coordinates": [
          [
            [
              37.232687500000004,
              -2.6663333333333337
            ],
            [
              37.23425,
              -2.6663333333333337
            ],
            [
              37.23425,
              -2.6647857142857143
            ],
            [
              37.232687500000004,
              -2.6647857142857143
            ],
            [
              37.232687500000004,
              -2.6663333333333337
            ]
          ]
        ]
      }
    },
    {
      "type": "Feature",
      "properties": {
        "cellId": "s1-beforeFlooding-27-4",
        "window": "beforeFlooding",
        "observedAt": "2026-02-20T15:47:48.023501Z",
        "sceneId": "S1A_IW_GRDH_1SDV_20260220T154748_20260220T154813_063304_07F31C_2469_COG",
        "floodProbability": 0.591,
        "confidence": 0.615,
        "classification": "possible_flood",
        "vvMean": 120.11,
        "vhMean": 63.67,
        "method": "sentinel1-calibrated-low-backscatter-v1",
        "georeference": "copernicus-stac-bbox-linearized"
      },
      "geometry": {
        "type": "Polygon",
        "coordinates": [
          [
            [
              37.23425,
              -2.6663333333333337
            ],
            [
              37.2358125,
              -2.6663333333333337
            ],
            [
              37.2358125,
              -2.6647857142857143
            ],
            [
              37.23425,
              -2.6647857142857143
            ],
            [
              37.23425,
              -2.6663333333333337
            ]
          ]
        ]
      }
    },
    {
      "type": "Feature",
      "properties": {
        "cellId": "s1-beforeFlooding-27-5",
        "window": "beforeFlooding",
        "observedAt": "2026-02-20T15:47:48.023501Z",
        "sceneId": "S1A_IW_GRDH_1SDV_20260220T154748_20260220T154813_063304_07F31C_2469_COG",
        "floodProbability": 0.55,
        "confidence": 0.581,
        "classification": "possible_flood",
        "vvMean": 112.78,
        "vhMean": 52.11,
        "method": "sentinel1-calibrated-low-backscatter-v1",
        "georeference": "copernicus-stac-bbox-linearized"
      },
      "geometry": {
        "type": "Polygon",
        "coordinates": [
          [
            [
              37.2358125,
              -2.6663333333333337
            ],
            [
              37.237375,
              -2.6663333333333337
            ],
            [
              37.237375,
              -2.6647857142857143
            ],
            [
              37.2358125,
              -2.6647857142857143
            ],
            [
              37.2358125,
              -2.6663333333333337
            ]
          ]
        ]
      }
    },
    {
      "type": "Feature",
      "properties": {
        "cellId": "s1-beforeFlooding-27-8",
        "window": "beforeFlooding",
        "observedAt": "2026-02-20T15:47:48.023501Z",
        "sceneId": "S1A_IW_GRDH_1SDV_20260220T154748_20260220T154813_063304_07F31C_2469_COG",
        "floodProbability": 0.451,
        "confidence": 0.58,
        "classification": "possible_flood",
        "vvMean": 130.78,
        "vhMean": 59.22,
        "method": "sentinel1-calibrated-low-backscatter-v1",
        "georeference": "copernicus-stac-bbox-linearized"
      },
      "geometry": {
        "type": "Polygon",
        "coordinates": [
          [
            [
              37.2405,
              -2.6663333333333337
            ],
            [
              37.2420625,
              -2.6663333333333337
            ],
            [
              37.2420625,
              -2.6647857142857143
            ],
            [
              37.2405,
              -2.6647857142857143
            ],
            [
              37.2405,
              -2.6663333333333337
            ]
          ]
        ]
      }
    },
    {
      "type": "Feature",
      "properties": {
        "cellId": "s1-beforeFlooding-28-2",
        "window": "beforeFlooding",
        "observedAt": "2026-02-20T15:47:48.023501Z",
        "sceneId": "S1A_IW_GRDH_1SDV_20260220T154748_20260220T154813_063304_07F31C_2469_COG",
        "floodProbability": 0.502,
        "confidence": 0.542,
        "classification": "possible_flood",
        "vvMean": 121.44,
        "vhMean": 77.33,
        "method": "sentinel1-calibrated-low-backscatter-v1",
        "georeference": "copernicus-stac-bbox-linearized"
      },
      "geometry": {
        "type": "Polygon",
        "coordinates": [
          [
            [
              37.231125,
              -2.6678809523809526
            ],
            [
              37.232687500000004,
              -2.6678809523809526
            ],
            [
              37.232687500000004,
              -2.6663333333333337
            ],
            [
              37.231125,
              -2.6663333333333337
            ],
            [
              37.231125,
              -2.6678809523809526
            ]
          ]
        ]
      }
    },
    {
      "type": "Feature",
      "properties": {
        "cellId": "s1-beforeFlooding-28-3",
        "window": "beforeFlooding",
        "observedAt": "2026-02-20T15:47:48.023501Z",
        "sceneId": "S1A_IW_GRDH_1SDV_20260220T154748_20260220T154813_063304_07F31C_2469_COG",
        "floodProbability": 0.61,
        "confidence": 0.63,
        "classification": "possible_flood",
        "vvMean": 94.89,
        "vhMean": 54,
        "method": "sentinel1-calibrated-low-backscatter-v1",
        "georeference": "copernicus-stac-bbox-linearized"
      },
      "geometry": {
        "type": "Polygon",
        "coordinates": [
          [
            [
              37.232687500000004,
              -2.6678809523809526
            ],
            [
              37.23425,
              -2.6678809523809526
            ],
            [
              37.23425,
              -2.6663333333333337
            ],
            [
              37.232687500000004,
              -2.6663333333333337
            ],
            [
              37.232687500000004,
              -2.6678809523809526
            ]
          ]
        ]
      }
    },
    {
      "type": "Feature",
      "properties": {
        "cellId": "s1-beforeFlooding-28-4",
        "window": "beforeFlooding",
        "observedAt": "2026-02-20T15:47:48.023501Z",
        "sceneId": "S1A_IW_GRDH_1SDV_20260220T154748_20260220T154813_063304_07F31C_2469_COG",
        "floodProbability": 0.528,
        "confidence": 0.563,
        "classification": "possible_flood",
        "vvMean": 117.56,
        "vhMean": 55.89,
        "method": "sentinel1-calibrated-low-backscatter-v1",
        "georeference": "copernicus-stac-bbox-linearized"
      },
      "geometry": {
        "type": "Polygon",
        "coordinates": [
          [
            [
              37.23425,
              -2.6678809523809526
            ],
            [
              37.2358125,
              -2.6678809523809526
            ],
            [
              37.2358125,
              -2.6663333333333337
            ],
            [
              37.23425,
              -2.6663333333333337
            ],
            [
              37.23425,
              -2.6678809523809526
            ]
          ]
        ]
      }
    },
    {
      "type": "Feature",
      "properties": {
        "cellId": "s1-beforeFlooding-28-5",
        "window": "beforeFlooding",
        "observedAt": "2026-02-20T15:47:48.023501Z",
        "sceneId": "S1A_IW_GRDH_1SDV_20260220T154748_20260220T154813_063304_07F31C_2469_COG",
        "floodProbability": 0.552,
        "confidence": 0.583,
        "classification": "possible_flood",
        "vvMean": 108.67,
        "vhMean": 52.22,
        "method": "sentinel1-calibrated-low-backscatter-v1",
        "georeference": "copernicus-stac-bbox-linearized"
      },
      "geometry": {
        "type": "Polygon",
        "coordinates": [
          [
            [
              37.2358125,
              -2.6678809523809526
            ],
            [
              37.237375,
              -2.6678809523809526
            ],
            [
              37.237375,
              -2.6663333333333337
            ],
            [
              37.2358125,
              -2.6663333333333337
            ],
            [
              37.2358125,
              -2.6678809523809526
            ]
          ]
        ]
      }
    },
    {
      "type": "Feature",
      "properties": {
        "cellId": "s1-beforeFlooding-28-6",
        "window": "beforeFlooding",
        "observedAt": "2026-02-20T15:47:48.023501Z",
        "sceneId": "S1A_IW_GRDH_1SDV_20260220T154748_20260220T154813_063304_07F31C_2469_COG",
        "floodProbability": 0.541,
        "confidence": 0.574,
        "classification": "possible_flood",
        "vvMean": 101.78,
        "vhMean": 76.33,
        "method": "sentinel1-calibrated-low-backscatter-v1",
        "georeference": "copernicus-stac-bbox-linearized"
      },
      "geometry": {
        "type": "Polygon",
        "coordinates": [
          [
            [
              37.237375,
              -2.6678809523809526
            ],
            [
              37.2389375,
              -2.6678809523809526
            ],
            [
              37.2389375,
              -2.6663333333333337
            ],
            [
              37.237375,
              -2.6663333333333337
            ],
            [
              37.237375,
              -2.6678809523809526
            ]
          ]
        ]
      }
    },
    {
      "type": "Feature",
      "properties": {
        "cellId": "s1-beforeFlooding-29-0",
        "window": "beforeFlooding",
        "observedAt": "2026-02-20T15:47:48.023501Z",
        "sceneId": "S1A_IW_GRDH_1SDV_20260220T154748_20260220T154813_063304_07F31C_2469_COG",
        "floodProbability": 0.497,
        "confidence": 0.543,
        "classification": "possible_flood",
        "vvMean": 115.89,
        "vhMean": 52.56,
        "method": "sentinel1-calibrated-low-backscatter-v1",
        "georeference": "copernicus-stac-bbox-linearized"
      },
      "geometry": {
        "type": "Polygon",
        "coordinates": [
          [
            [
              37.228,
              -2.6694285714285715
            ],
            [
              37.2295625,
              -2.6694285714285715
            ],
            [
              37.2295625,
              -2.6678809523809526
            ],
            [
              37.228,
              -2.6678809523809526
            ],
            [
              37.228,
              -2.6694285714285715
            ]
          ]
        ]
      }
    },
    {
      "type": "Feature",
      "properties": {
        "cellId": "s1-beforeFlooding-29-3",
        "window": "beforeFlooding",
        "observedAt": "2026-02-20T15:47:48.023501Z",
        "sceneId": "S1A_IW_GRDH_1SDV_20260220T154748_20260220T154813_063304_07F31C_2469_COG",
        "floodProbability": 0.501,
        "confidence": 0.541,
        "classification": "possible_flood",
        "vvMean": 118.89,
        "vhMean": 62.67,
        "method": "sentinel1-calibrated-low-backscatter-v1",
        "georeference": "copernicus-stac-bbox-linearized"
      },
      "geometry": {
        "type": "Polygon",
        "coordinates": [
          [
            [
              37.232687500000004,
              -2.6694285714285715
            ],
            [
              37.23425,
              -2.6694285714285715
            ],
            [
              37.23425,
              -2.6678809523809526
            ],
            [
              37.232687500000004,
              -2.6678809523809526
            ],
            [
              37.232687500000004,
              -2.6694285714285715
            ]
          ]
        ]
      }
    },
    {
      "type": "Feature",
      "properties": {
        "cellId": "s1-beforeFlooding-29-4",
        "window": "beforeFlooding",
        "observedAt": "2026-02-20T15:47:48.023501Z",
        "sceneId": "S1A_IW_GRDH_1SDV_20260220T154748_20260220T154813_063304_07F31C_2469_COG",
        "floodProbability": 0.558,
        "confidence": 0.587,
        "classification": "possible_flood",
        "vvMean": 115.11,
        "vhMean": 60.33,
        "method": "sentinel1-calibrated-low-backscatter-v1",
        "georeference": "copernicus-stac-bbox-linearized"
      },
      "geometry": {
        "type": "Polygon",
        "coordinates": [
          [
            [
              37.23425,
              -2.6694285714285715
            ],
            [
              37.2358125,
              -2.6694285714285715
            ],
            [
              37.2358125,
              -2.6678809523809526
            ],
            [
              37.23425,
              -2.6678809523809526
            ],
            [
              37.23425,
              -2.6694285714285715
            ]
          ]
        ]
      }
    },
    {
      "type": "Feature",
      "properties": {
        "cellId": "s1-beforeFlooding-30-3",
        "window": "beforeFlooding",
        "observedAt": "2026-02-20T15:47:48.023501Z",
        "sceneId": "S1A_IW_GRDH_1SDV_20260220T154748_20260220T154813_063304_07F31C_2469_COG",
        "floodProbability": 0.592,
        "confidence": 0.616,
        "classification": "possible_flood",
        "vvMean": 106.22,
        "vhMean": 60.89,
        "method": "sentinel1-calibrated-low-backscatter-v1",
        "georeference": "copernicus-stac-bbox-linearized"
      },
      "geometry": {
        "type": "Polygon",
        "coordinates": [
          [
            [
              37.232687500000004,
              -2.670976190476191
            ],
            [
              37.23425,
              -2.670976190476191
            ],
            [
              37.23425,
              -2.6694285714285715
            ],
            [
              37.232687500000004,
              -2.6694285714285715
            ],
            [
              37.232687500000004,
              -2.670976190476191
            ]
          ]
        ]
      }
    },
    {
      "type": "Feature",
      "properties": {
        "cellId": "s1-beforeFlooding-30-4",
        "window": "beforeFlooding",
        "observedAt": "2026-02-20T15:47:48.023501Z",
        "sceneId": "S1A_IW_GRDH_1SDV_20260220T154748_20260220T154813_063304_07F31C_2469_COG",
        "floodProbability": 0.594,
        "confidence": 0.617,
        "classification": "possible_flood",
        "vvMean": 111.22,
        "vhMean": 60.22,
        "method": "sentinel1-calibrated-low-backscatter-v1",
        "georeference": "copernicus-stac-bbox-linearized"
      },
      "geometry": {
        "type": "Polygon",
        "coordinates": [
          [
            [
              37.23425,
              -2.670976190476191
            ],
            [
              37.2358125,
              -2.670976190476191
            ],
            [
              37.2358125,
              -2.6694285714285715
            ],
            [
              37.23425,
              -2.6694285714285715
            ],
            [
              37.23425,
              -2.670976190476191
            ]
          ]
        ]
      }
    },
    {
      "type": "Feature",
      "properties": {
        "cellId": "s1-beforeFlooding-30-17",
        "window": "beforeFlooding",
        "observedAt": "2026-02-20T15:47:48.023501Z",
        "sceneId": "S1A_IW_GRDH_1SDV_20260220T154748_20260220T154813_063304_07F31C_2469_COG",
        "floodProbability": 0.468,
        "confidence": 0.566,
        "classification": "possible_flood",
        "vvMean": 110.11,
        "vhMean": 62.44,
        "method": "sentinel1-calibrated-low-backscatter-v1",
        "georeference": "copernicus-stac-bbox-linearized"
      },
      "geometry": {
        "type": "Polygon",
        "coordinates": [
          [
            [
              37.2545625,
              -2.670976190476191
            ],
            [
              37.256125,
              -2.670976190476191
            ],
            [
              37.256125,
              -2.6694285714285715
            ],
            [
              37.2545625,
              -2.6694285714285715
            ],
            [
              37.2545625,
              -2.670976190476191
            ]
          ]
        ]
      }
    },
    {
      "type": "Feature",
      "properties": {
        "cellId": "s1-beforeFlooding-30-20",
        "window": "beforeFlooding",
        "observedAt": "2026-02-20T15:47:48.023501Z",
        "sceneId": "S1A_IW_GRDH_1SDV_20260220T154748_20260220T154813_063304_07F31C_2469_COG",
        "floodProbability": 0.524,
        "confidence": 0.559,
        "classification": "possible_flood",
        "vvMean": 105.56,
        "vhMean": 68.78,
        "method": "sentinel1-calibrated-low-backscatter-v1",
        "georeference": "copernicus-stac-bbox-linearized"
      },
      "geometry": {
        "type": "Polygon",
        "coordinates": [
          [
            [
              37.25925,
              -2.670976190476191
            ],
            [
              37.2608125,
              -2.670976190476191
            ],
            [
              37.2608125,
              -2.6694285714285715
            ],
            [
              37.25925,
              -2.6694285714285715
            ],
            [
              37.25925,
              -2.670976190476191
            ]
          ]
        ]
      }
    },
    {
      "type": "Feature",
      "properties": {
        "cellId": "s1-beforeFlooding-30-21",
        "window": "beforeFlooding",
        "observedAt": "2026-02-20T15:47:48.023501Z",
        "sceneId": "S1A_IW_GRDH_1SDV_20260220T154748_20260220T154813_063304_07F31C_2469_COG",
        "floodProbability": 0.572,
        "confidence": 0.599,
        "classification": "possible_flood",
        "vvMean": 97.44,
        "vhMean": 58.11,
        "method": "sentinel1-calibrated-low-backscatter-v1",
        "georeference": "copernicus-stac-bbox-linearized"
      },
      "geometry": {
        "type": "Polygon",
        "coordinates": [
          [
            [
              37.2608125,
              -2.670976190476191
            ],
            [
              37.262375,
              -2.670976190476191
            ],
            [
              37.262375,
              -2.6694285714285715
            ],
            [
              37.2608125,
              -2.6694285714285715
            ],
            [
              37.2608125,
              -2.670976190476191
            ]
          ]
        ]
      }
    },
    {
      "type": "Feature",
      "properties": {
        "cellId": "s1-beforeFlooding-31-2",
        "window": "beforeFlooding",
        "observedAt": "2026-02-20T15:47:48.023501Z",
        "sceneId": "S1A_IW_GRDH_1SDV_20260220T154748_20260220T154813_063304_07F31C_2469_COG",
        "floodProbability": 0.622,
        "confidence": 0.64,
        "classification": "probable_flood",
        "vvMean": 107.11,
        "vhMean": 47.78,
        "method": "sentinel1-calibrated-low-backscatter-v1",
        "georeference": "copernicus-stac-bbox-linearized"
      },
      "geometry": {
        "type": "Polygon",
        "coordinates": [
          [
            [
              37.231125,
              -2.6725238095238097
            ],
            [
              37.232687500000004,
              -2.6725238095238097
            ],
            [
              37.232687500000004,
              -2.670976190476191
            ],
            [
              37.231125,
              -2.670976190476191
            ],
            [
              37.231125,
              -2.6725238095238097
            ]
          ]
        ]
      }
    },
    {
      "type": "Feature",
      "properties": {
        "cellId": "s1-beforeFlooding-31-3",
        "window": "beforeFlooding",
        "observedAt": "2026-02-20T15:47:48.023501Z",
        "sceneId": "S1A_IW_GRDH_1SDV_20260220T154748_20260220T154813_063304_07F31C_2469_COG",
        "floodProbability": 0.637,
        "confidence": 0.652,
        "classification": "probable_flood",
        "vvMean": 121.22,
        "vhMean": 49,
        "method": "sentinel1-calibrated-low-backscatter-v1",
        "georeference": "copernicus-stac-bbox-linearized"
      },
      "geometry": {
        "type": "Polygon",
        "coordinates": [
          [
            [
              37.232687500000004,
              -2.6725238095238097
            ],
            [
              37.23425,
              -2.6725238095238097
            ],
            [
              37.23425,
              -2.670976190476191
            ],
            [
              37.232687500000004,
              -2.670976190476191
            ],
            [
              37.232687500000004,
              -2.6725238095238097
            ]
          ]
        ]
      }
    },
    {
      "type": "Feature",
      "properties": {
        "cellId": "s1-beforeFlooding-31-4",
        "window": "beforeFlooding",
        "observedAt": "2026-02-20T15:47:48.023501Z",
        "sceneId": "S1A_IW_GRDH_1SDV_20260220T154748_20260220T154813_063304_07F31C_2469_COG",
        "floodProbability": 0.608,
        "confidence": 0.629,
        "classification": "possible_flood",
        "vvMean": 100.44,
        "vhMean": 46,
        "method": "sentinel1-calibrated-low-backscatter-v1",
        "georeference": "copernicus-stac-bbox-linearized"
      },
      "geometry": {
        "type": "Polygon",
        "coordinates": [
          [
            [
              37.23425,
              -2.6725238095238097
            ],
            [
              37.2358125,
              -2.6725238095238097
            ],
            [
              37.2358125,
              -2.670976190476191
            ],
            [
              37.23425,
              -2.670976190476191
            ],
            [
              37.23425,
              -2.6725238095238097
            ]
          ]
        ]
      }
    },
    {
      "type": "Feature",
      "properties": {
        "cellId": "s1-beforeFlooding-31-20",
        "window": "beforeFlooding",
        "observedAt": "2026-02-20T15:47:48.023501Z",
        "sceneId": "S1A_IW_GRDH_1SDV_20260220T154748_20260220T154813_063304_07F31C_2469_COG",
        "floodProbability": 0.608,
        "confidence": 0.629,
        "classification": "possible_flood",
        "vvMean": 104.22,
        "vhMean": 63,
        "method": "sentinel1-calibrated-low-backscatter-v1",
        "georeference": "copernicus-stac-bbox-linearized"
      },
      "geometry": {
        "type": "Polygon",
        "coordinates": [
          [
            [
              37.25925,
              -2.6725238095238097
            ],
            [
              37.2608125,
              -2.6725238095238097
            ],
            [
              37.2608125,
              -2.670976190476191
            ],
            [
              37.25925,
              -2.670976190476191
            ],
            [
              37.25925,
              -2.6725238095238097
            ]
          ]
        ]
      }
    },
    {
      "type": "Feature",
      "properties": {
        "cellId": "s1-beforeFlooding-31-21",
        "window": "beforeFlooding",
        "observedAt": "2026-02-20T15:47:48.023501Z",
        "sceneId": "S1A_IW_GRDH_1SDV_20260220T154748_20260220T154813_063304_07F31C_2469_COG",
        "floodProbability": 0.596,
        "confidence": 0.619,
        "classification": "possible_flood",
        "vvMean": 110.56,
        "vhMean": 64.56,
        "method": "sentinel1-calibrated-low-backscatter-v1",
        "georeference": "copernicus-stac-bbox-linearized"
      },
      "geometry": {
        "type": "Polygon",
        "coordinates": [
          [
            [
              37.2608125,
              -2.6725238095238097
            ],
            [
              37.262375,
              -2.6725238095238097
            ],
            [
              37.262375,
              -2.670976190476191
            ],
            [
              37.2608125,
              -2.670976190476191
            ],
            [
              37.2608125,
              -2.6725238095238097
            ]
          ]
        ]
      }
    },
    {
      "type": "Feature",
      "properties": {
        "cellId": "s1-beforeFlooding-31-22",
        "window": "beforeFlooding",
        "observedAt": "2026-02-20T15:47:48.023501Z",
        "sceneId": "S1A_IW_GRDH_1SDV_20260220T154748_20260220T154813_063304_07F31C_2469_COG",
        "floodProbability": 0.475,
        "confidence": 0.561,
        "classification": "possible_flood",
        "vvMean": 122.56,
        "vhMean": 63.11,
        "method": "sentinel1-calibrated-low-backscatter-v1",
        "georeference": "copernicus-stac-bbox-linearized"
      },
      "geometry": {
        "type": "Polygon",
        "coordinates": [
          [
            [
              37.262375,
              -2.6725238095238097
            ],
            [
              37.2639375,
              -2.6725238095238097
            ],
            [
              37.2639375,
              -2.670976190476191
            ],
            [
              37.262375,
              -2.670976190476191
            ],
            [
              37.262375,
              -2.6725238095238097
            ]
          ]
        ]
      }
    },
    {
      "type": "Feature",
      "properties": {
        "cellId": "s1-beforeFlooding-32-0",
        "window": "beforeFlooding",
        "observedAt": "2026-02-20T15:47:48.023501Z",
        "sceneId": "S1A_IW_GRDH_1SDV_20260220T154748_20260220T154813_063304_07F31C_2469_COG",
        "floodProbability": 0.525,
        "confidence": 0.561,
        "classification": "possible_flood",
        "vvMean": 116.11,
        "vhMean": 52.67,
        "method": "sentinel1-calibrated-low-backscatter-v1",
        "georeference": "copernicus-stac-bbox-linearized"
      },
      "geometry": {
        "type": "Polygon",
        "coordinates": [
          [
            [
              37.228,
              -2.6740714285714287
            ],
            [
              37.2295625,
              -2.6740714285714287
            ],
            [
              37.2295625,
              -2.6725238095238097
            ],
            [
              37.228,
              -2.6725238095238097
            ],
            [
              37.228,
              -2.6740714285714287
            ]
          ]
        ]
      }
    },
    {
      "type": "Feature",
      "properties": {
        "cellId": "s1-beforeFlooding-32-2",
        "window": "beforeFlooding",
        "observedAt": "2026-02-20T15:47:48.023501Z",
        "sceneId": "S1A_IW_GRDH_1SDV_20260220T154748_20260220T154813_063304_07F31C_2469_COG",
        "floodProbability": 0.59,
        "confidence": 0.614,
        "classification": "possible_flood",
        "vvMean": 133.56,
        "vhMean": 60.11,
        "method": "sentinel1-calibrated-low-backscatter-v1",
        "georeference": "copernicus-stac-bbox-linearized"
      },
      "geometry": {
        "type": "Polygon",
        "coordinates": [
          [
            [
              37.231125,
              -2.6740714285714287
            ],
            [
              37.232687500000004,
              -2.6740714285714287
            ],
            [
              37.232687500000004,
              -2.6725238095238097
            ],
            [
              37.231125,
              -2.6725238095238097
            ],
            [
              37.231125,
              -2.6740714285714287
            ]
          ]
        ]
      }
    },
    {
      "type": "Feature",
      "properties": {
        "cellId": "s1-beforeFlooding-32-3",
        "window": "beforeFlooding",
        "observedAt": "2026-02-20T15:47:48.023501Z",
        "sceneId": "S1A_IW_GRDH_1SDV_20260220T154748_20260220T154813_063304_07F31C_2469_COG",
        "floodProbability": 0.558,
        "confidence": 0.587,
        "classification": "possible_flood",
        "vvMean": 109.56,
        "vhMean": 60.78,
        "method": "sentinel1-calibrated-low-backscatter-v1",
        "georeference": "copernicus-stac-bbox-linearized"
      },
      "geometry": {
        "type": "Polygon",
        "coordinates": [
          [
            [
              37.232687500000004,
              -2.6740714285714287
            ],
            [
              37.23425,
              -2.6740714285714287
            ],
            [
              37.23425,
              -2.6725238095238097
            ],
            [
              37.232687500000004,
              -2.6725238095238097
            ],
            [
              37.232687500000004,
              -2.6740714285714287
            ]
          ]
        ]
      }
    },
    {
      "type": "Feature",
      "properties": {
        "cellId": "s1-beforeFlooding-32-16",
        "window": "beforeFlooding",
        "observedAt": "2026-02-20T15:47:48.023501Z",
        "sceneId": "S1A_IW_GRDH_1SDV_20260220T154748_20260220T154813_063304_07F31C_2469_COG",
        "floodProbability": 0.521,
        "confidence": 0.558,
        "classification": "possible_flood",
        "vvMean": 108.67,
        "vhMean": 62.33,
        "method": "sentinel1-calibrated-low-backscatter-v1",
        "georeference": "copernicus-stac-bbox-linearized"
      },
      "geometry": {
        "type": "Polygon",
        "coordinates": [
          [
            [
              37.253,
              -2.6740714285714287
            ],
            [
              37.2545625,
              -2.6740714285714287
            ],
            [
              37.2545625,
              -2.6725238095238097
            ],
            [
              37.253,
              -2.6725238095238097
            ],
            [
              37.253,
              -2.6740714285714287
            ]
          ]
        ]
      }
    },
    {
      "type": "Feature",
      "properties": {
        "cellId": "s1-beforeFlooding-32-19",
        "window": "beforeFlooding",
        "observedAt": "2026-02-20T15:47:48.023501Z",
        "sceneId": "S1A_IW_GRDH_1SDV_20260220T154748_20260220T154813_063304_07F31C_2469_COG",
        "floodProbability": 0.512,
        "confidence": 0.55,
        "classification": "possible_flood",
        "vvMean": 109.11,
        "vhMean": 65.11,
        "method": "sentinel1-calibrated-low-backscatter-v1",
        "georeference": "copernicus-stac-bbox-linearized"
      },
      "geometry": {
        "type": "Polygon",
        "coordinates": [
          [
            [
              37.2576875,
              -2.6740714285714287
            ],
            [
              37.25925,
              -2.6740714285714287
            ],
            [
              37.25925,
              -2.6725238095238097
            ],
            [
              37.2576875,
              -2.6725238095238097
            ],
            [
              37.2576875,
              -2.6740714285714287
            ]
          ]
        ]
      }
    },
    {
      "type": "Feature",
      "properties": {
        "cellId": "s1-beforeFlooding-32-20",
        "window": "beforeFlooding",
        "observedAt": "2026-02-20T15:47:48.023501Z",
        "sceneId": "S1A_IW_GRDH_1SDV_20260220T154748_20260220T154813_063304_07F31C_2469_COG",
        "floodProbability": 0.642,
        "confidence": 0.656,
        "classification": "probable_flood",
        "vvMean": 103.89,
        "vhMean": 61.78,
        "method": "sentinel1-calibrated-low-backscatter-v1",
        "georeference": "copernicus-stac-bbox-linearized"
      },
      "geometry": {
        "type": "Polygon",
        "coordinates": [
          [
            [
              37.25925,
              -2.6740714285714287
            ],
            [
              37.2608125,
              -2.6740714285714287
            ],
            [
              37.2608125,
              -2.6725238095238097
            ],
            [
              37.25925,
              -2.6725238095238097
            ],
            [
              37.25925,
              -2.6740714285714287
            ]
          ]
        ]
      }
    },
    {
      "type": "Feature",
      "properties": {
        "cellId": "s1-beforeFlooding-32-21",
        "window": "beforeFlooding",
        "observedAt": "2026-02-20T15:47:48.023501Z",
        "sceneId": "S1A_IW_GRDH_1SDV_20260220T154748_20260220T154813_063304_07F31C_2469_COG",
        "floodProbability": 0.577,
        "confidence": 0.603,
        "classification": "possible_flood",
        "vvMean": 96.11,
        "vhMean": 68.22,
        "method": "sentinel1-calibrated-low-backscatter-v1",
        "georeference": "copernicus-stac-bbox-linearized"
      },
      "geometry": {
        "type": "Polygon",
        "coordinates": [
          [
            [
              37.2608125,
              -2.6740714285714287
            ],
            [
              37.262375,
              -2.6740714285714287
            ],
            [
              37.262375,
              -2.6725238095238097
            ],
            [
              37.2608125,
              -2.6725238095238097
            ],
            [
              37.2608125,
              -2.6740714285714287
            ]
          ]
        ]
      }
    },
    {
      "type": "Feature",
      "properties": {
        "cellId": "s1-beforeFlooding-33-1",
        "window": "beforeFlooding",
        "observedAt": "2026-02-20T15:47:48.023501Z",
        "sceneId": "S1A_IW_GRDH_1SDV_20260220T154748_20260220T154813_063304_07F31C_2469_COG",
        "floodProbability": 0.457,
        "confidence": 0.575,
        "classification": "possible_flood",
        "vvMean": 128,
        "vhMean": 58.33,
        "method": "sentinel1-calibrated-low-backscatter-v1",
        "georeference": "copernicus-stac-bbox-linearized"
      },
      "geometry": {
        "type": "Polygon",
        "coordinates": [
          [
            [
              37.2295625,
              -2.675619047619048
            ],
            [
              37.231125,
              -2.675619047619048
            ],
            [
              37.231125,
              -2.6740714285714287
            ],
            [
              37.2295625,
              -2.6740714285714287
            ],
            [
              37.2295625,
              -2.675619047619048
            ]
          ]
        ]
      }
    },
    {
      "type": "Feature",
      "properties": {
        "cellId": "s1-beforeFlooding-33-2",
        "window": "beforeFlooding",
        "observedAt": "2026-02-20T15:47:48.023501Z",
        "sceneId": "S1A_IW_GRDH_1SDV_20260220T154748_20260220T154813_063304_07F31C_2469_COG",
        "floodProbability": 0.533,
        "confidence": 0.567,
        "classification": "possible_flood",
        "vvMean": 111,
        "vhMean": 53.89,
        "method": "sentinel1-calibrated-low-backscatter-v1",
        "georeference": "copernicus-stac-bbox-linearized"
      },
      "geometry": {
        "type": "Polygon",
        "coordinates": [
          [
            [
              37.231125,
              -2.675619047619048
            ],
            [
              37.232687500000004,
              -2.675619047619048
            ],
            [
              37.232687500000004,
              -2.6740714285714287
            ],
            [
              37.231125,
              -2.6740714285714287
            ],
            [
              37.231125,
              -2.675619047619048
            ]
          ]
        ]
      }
    },
    {
      "type": "Feature",
      "properties": {
        "cellId": "s1-beforeFlooding-33-3",
        "window": "beforeFlooding",
        "observedAt": "2026-02-20T15:47:48.023501Z",
        "sceneId": "S1A_IW_GRDH_1SDV_20260220T154748_20260220T154813_063304_07F31C_2469_COG",
        "floodProbability": 0.589,
        "confidence": 0.613,
        "classification": "possible_flood",
        "vvMean": 106.33,
        "vhMean": 53.11,
        "method": "sentinel1-calibrated-low-backscatter-v1",
        "georeference": "copernicus-stac-bbox-linearized"
      },
      "geometry": {
        "type": "Polygon",
        "coordinates": [
          [
            [
              37.232687500000004,
              -2.675619047619048
            ],
            [
              37.23425,
              -2.675619047619048
            ],
            [
              37.23425,
              -2.6740714285714287
            ],
            [
              37.232687500000004,
              -2.6740714285714287
            ],
            [
              37.232687500000004,
              -2.675619047619048
            ]
          ]
        ]
      }
    },
    {
      "type": "Feature",
      "properties": {
        "cellId": "s1-beforeFlooding-33-16",
        "window": "beforeFlooding",
        "observedAt": "2026-02-20T15:47:48.023501Z",
        "sceneId": "S1A_IW_GRDH_1SDV_20260220T154748_20260220T154813_063304_07F31C_2469_COG",
        "floodProbability": 0.532,
        "confidence": 0.566,
        "classification": "possible_flood",
        "vvMean": 114.56,
        "vhMean": 54.78,
        "method": "sentinel1-calibrated-low-backscatter-v1",
        "georeference": "copernicus-stac-bbox-linearized"
      },
      "geometry": {
        "type": "Polygon",
        "coordinates": [
          [
            [
              37.253,
              -2.675619047619048
            ],
            [
              37.2545625,
              -2.675619047619048
            ],
            [
              37.2545625,
              -2.6740714285714287
            ],
            [
              37.253,
              -2.6740714285714287
            ],
            [
              37.253,
              -2.675619047619048
            ]
          ]
        ]
      }
    },
    {
      "type": "Feature",
      "properties": {
        "cellId": "s1-beforeFlooding-33-17",
        "window": "beforeFlooding",
        "observedAt": "2026-02-20T15:47:48.023501Z",
        "sceneId": "S1A_IW_GRDH_1SDV_20260220T154748_20260220T154813_063304_07F31C_2469_COG",
        "floodProbability": 0.542,
        "confidence": 0.575,
        "classification": "possible_flood",
        "vvMean": 109.67,
        "vhMean": 56,
        "method": "sentinel1-calibrated-low-backscatter-v1",
        "georeference": "copernicus-stac-bbox-linearized"
      },
      "geometry": {
        "type": "Polygon",
        "coordinates": [
          [
            [
              37.2545625,
              -2.675619047619048
            ],
            [
              37.256125,
              -2.675619047619048
            ],
            [
              37.256125,
              -2.6740714285714287
            ],
            [
              37.2545625,
              -2.6740714285714287
            ],
            [
              37.2545625,
              -2.675619047619048
            ]
          ]
        ]
      }
    },
    {
      "type": "Feature",
      "properties": {
        "cellId": "s1-beforeFlooding-33-20",
        "window": "beforeFlooding",
        "observedAt": "2026-02-20T15:47:48.023501Z",
        "sceneId": "S1A_IW_GRDH_1SDV_20260220T154748_20260220T154813_063304_07F31C_2469_COG",
        "floodProbability": 0.655,
        "confidence": 0.667,
        "classification": "probable_flood",
        "vvMean": 106.56,
        "vhMean": 53.33,
        "method": "sentinel1-calibrated-low-backscatter-v1",
        "georeference": "copernicus-stac-bbox-linearized"
      },
      "geometry": {
        "type": "Polygon",
        "coordinates": [
          [
            [
              37.25925,
              -2.675619047619048
            ],
            [
              37.2608125,
              -2.675619047619048
            ],
            [
              37.2608125,
              -2.6740714285714287
            ],
            [
              37.25925,
              -2.6740714285714287
            ],
            [
              37.25925,
              -2.675619047619048
            ]
          ]
        ]
      }
    },
    {
      "type": "Feature",
      "properties": {
        "cellId": "s1-beforeFlooding-33-21",
        "window": "beforeFlooding",
        "observedAt": "2026-02-20T15:47:48.023501Z",
        "sceneId": "S1A_IW_GRDH_1SDV_20260220T154748_20260220T154813_063304_07F31C_2469_COG",
        "floodProbability": 0.462,
        "confidence": 0.571,
        "classification": "possible_flood",
        "vvMean": 115.11,
        "vhMean": 66.78,
        "method": "sentinel1-calibrated-low-backscatter-v1",
        "georeference": "copernicus-stac-bbox-linearized"
      },
      "geometry": {
        "type": "Polygon",
        "coordinates": [
          [
            [
              37.2608125,
              -2.675619047619048
            ],
            [
              37.262375,
              -2.675619047619048
            ],
            [
              37.262375,
              -2.6740714285714287
            ],
            [
              37.2608125,
              -2.6740714285714287
            ],
            [
              37.2608125,
              -2.675619047619048
            ]
          ]
        ]
      }
    },
    {
      "type": "Feature",
      "properties": {
        "cellId": "s1-beforeFlooding-34-1",
        "window": "beforeFlooding",
        "observedAt": "2026-02-20T15:47:48.023501Z",
        "sceneId": "S1A_IW_GRDH_1SDV_20260220T154748_20260220T154813_063304_07F31C_2469_COG",
        "floodProbability": 0.567,
        "confidence": 0.595,
        "classification": "possible_flood",
        "vvMean": 108.44,
        "vhMean": 61.22,
        "method": "sentinel1-calibrated-low-backscatter-v1",
        "georeference": "copernicus-stac-bbox-linearized"
      },
      "geometry": {
        "type": "Polygon",
        "coordinates": [
          [
            [
              37.2295625,
              -2.677166666666667
            ],
            [
              37.231125,
              -2.677166666666667
            ],
            [
              37.231125,
              -2.675619047619048
            ],
            [
              37.2295625,
              -2.675619047619048
            ],
            [
              37.2295625,
              -2.677166666666667
            ]
          ]
        ]
      }
    },
    {
      "type": "Feature",
      "properties": {
        "cellId": "s1-beforeFlooding-34-16",
        "window": "beforeFlooding",
        "observedAt": "2026-02-20T15:47:48.023501Z",
        "sceneId": "S1A_IW_GRDH_1SDV_20260220T154748_20260220T154813_063304_07F31C_2469_COG",
        "floodProbability": 0.539,
        "confidence": 0.572,
        "classification": "possible_flood",
        "vvMean": 107.33,
        "vhMean": 51.22,
        "method": "sentinel1-calibrated-low-backscatter-v1",
        "georeference": "copernicus-stac-bbox-linearized"
      },
      "geometry": {
        "type": "Polygon",
        "coordinates": [
          [
            [
              37.253,
              -2.677166666666667
            ],
            [
              37.2545625,
              -2.677166666666667
            ],
            [
              37.2545625,
              -2.675619047619048
            ],
            [
              37.253,
              -2.675619047619048
            ],
            [
              37.253,
              -2.677166666666667
            ]
          ]
        ]
      }
    },
    {
      "type": "Feature",
      "properties": {
        "cellId": "s1-beforeFlooding-34-17",
        "window": "beforeFlooding",
        "observedAt": "2026-02-20T15:47:48.023501Z",
        "sceneId": "S1A_IW_GRDH_1SDV_20260220T154748_20260220T154813_063304_07F31C_2469_COG",
        "floodProbability": 0.524,
        "confidence": 0.56,
        "classification": "possible_flood",
        "vvMean": 122.44,
        "vhMean": 57.33,
        "method": "sentinel1-calibrated-low-backscatter-v1",
        "georeference": "copernicus-stac-bbox-linearized"
      },
      "geometry": {
        "type": "Polygon",
        "coordinates": [
          [
            [
              37.2545625,
              -2.677166666666667
            ],
            [
              37.256125,
              -2.677166666666667
            ],
            [
              37.256125,
              -2.675619047619048
            ],
            [
              37.2545625,
              -2.675619047619048
            ],
            [
              37.2545625,
              -2.677166666666667
            ]
          ]
        ]
      }
    },
    {
      "type": "Feature",
      "properties": {
        "cellId": "s1-beforeFlooding-35-1",
        "window": "beforeFlooding",
        "observedAt": "2026-02-20T15:47:48.023501Z",
        "sceneId": "S1A_IW_GRDH_1SDV_20260220T154748_20260220T154813_063304_07F31C_2469_COG",
        "floodProbability": 0.495,
        "confidence": 0.544,
        "classification": "possible_flood",
        "vvMean": 123.44,
        "vhMean": 54.11,
        "method": "sentinel1-calibrated-low-backscatter-v1",
        "georeference": "copernicus-stac-bbox-linearized"
      },
      "geometry": {
        "type": "Polygon",
        "coordinates": [
          [
            [
              37.2295625,
              -2.678714285714286
            ],
            [
              37.231125,
              -2.678714285714286
            ],
            [
              37.231125,
              -2.677166666666667
            ],
            [
              37.2295625,
              -2.677166666666667
            ],
            [
              37.2295625,
              -2.678714285714286
            ]
          ]
        ]
      }
    },
    {
      "type": "Feature",
      "properties": {
        "cellId": "s1-beforeFlooding-35-2",
        "window": "beforeFlooding",
        "observedAt": "2026-02-20T15:47:48.023501Z",
        "sceneId": "S1A_IW_GRDH_1SDV_20260220T154748_20260220T154813_063304_07F31C_2469_COG",
        "floodProbability": 0.5,
        "confidence": 0.54,
        "classification": "possible_flood",
        "vvMean": 115.78,
        "vhMean": 63.78,
        "method": "sentinel1-calibrated-low-backscatter-v1",
        "georeference": "copernicus-stac-bbox-linearized"
      },
      "geometry": {
        "type": "Polygon",
        "coordinates": [
          [
            [
              37.231125,
              -2.678714285714286
            ],
            [
              37.232687500000004,
              -2.678714285714286
            ],
            [
              37.232687500000004,
              -2.677166666666667
            ],
            [
              37.231125,
              -2.677166666666667
            ],
            [
              37.231125,
              -2.678714285714286
            ]
          ]
        ]
      }
    },
    {
      "type": "Feature",
      "properties": {
        "cellId": "s1-beforeFlooding-36-0",
        "window": "beforeFlooding",
        "observedAt": "2026-02-20T15:47:48.023501Z",
        "sceneId": "S1A_IW_GRDH_1SDV_20260220T154748_20260220T154813_063304_07F31C_2469_COG",
        "floodProbability": 0.479,
        "confidence": 0.557,
        "classification": "possible_flood",
        "vvMean": 120.33,
        "vhMean": 55.78,
        "method": "sentinel1-calibrated-low-backscatter-v1",
        "georeference": "copernicus-stac-bbox-linearized"
      },
      "geometry": {
        "type": "Polygon",
        "coordinates": [
          [
            [
              37.228,
              -2.6802619047619047
            ],
            [
              37.2295625,
              -2.6802619047619047
            ],
            [
              37.2295625,
              -2.678714285714286
            ],
            [
              37.228,
              -2.678714285714286
            ],
            [
              37.228,
              -2.6802619047619047
            ]
          ]
        ]
      }
    },
    {
      "type": "Feature",
      "properties": {
        "cellId": "s1-beforeFlooding-36-3",
        "window": "beforeFlooding",
        "observedAt": "2026-02-20T15:47:48.023501Z",
        "sceneId": "S1A_IW_GRDH_1SDV_20260220T154748_20260220T154813_063304_07F31C_2469_COG",
        "floodProbability": 0.608,
        "confidence": 0.629,
        "classification": "possible_flood",
        "vvMean": 99.56,
        "vhMean": 56,
        "method": "sentinel1-calibrated-low-backscatter-v1",
        "georeference": "copernicus-stac-bbox-linearized"
      },
      "geometry": {
        "type": "Polygon",
        "coordinates": [
          [
            [
              37.232687500000004,
              -2.6802619047619047
            ],
            [
              37.23425,
              -2.6802619047619047
            ],
            [
              37.23425,
              -2.678714285714286
            ],
            [
              37.232687500000004,
              -2.678714285714286
            ],
            [
              37.232687500000004,
              -2.6802619047619047
            ]
          ]
        ]
      }
    },
    {
      "type": "Feature",
      "properties": {
        "cellId": "s1-beforeFlooding-36-18",
        "window": "beforeFlooding",
        "observedAt": "2026-02-20T15:47:48.023501Z",
        "sceneId": "S1A_IW_GRDH_1SDV_20260220T154748_20260220T154813_063304_07F31C_2469_COG",
        "floodProbability": 0.505,
        "confidence": 0.544,
        "classification": "possible_flood",
        "vvMean": 118.78,
        "vhMean": 58.44,
        "method": "sentinel1-calibrated-low-backscatter-v1",
        "georeference": "copernicus-stac-bbox-linearized"
      },
      "geometry": {
        "type": "Polygon",
        "coordinates": [
          [
            [
              37.256125,
              -2.6802619047619047
            ],
            [
              37.2576875,
              -2.6802619047619047
            ],
            [
              37.2576875,
              -2.678714285714286
            ],
            [
              37.256125,
              -2.678714285714286
            ],
            [
              37.256125,
              -2.6802619047619047
            ]
          ]
        ]
      }
    },
    {
      "type": "Feature",
      "properties": {
        "cellId": "s1-beforeFlooding-37-0",
        "window": "beforeFlooding",
        "observedAt": "2026-02-20T15:47:48.023501Z",
        "sceneId": "S1A_IW_GRDH_1SDV_20260220T154748_20260220T154813_063304_07F31C_2469_COG",
        "floodProbability": 0.56,
        "confidence": 0.589,
        "classification": "possible_flood",
        "vvMean": 120.33,
        "vhMean": 57.44,
        "method": "sentinel1-calibrated-low-backscatter-v1",
        "georeference": "copernicus-stac-bbox-linearized"
      },
      "geometry": {
        "type": "Polygon",
        "coordinates": [
          [
            [
              37.228,
              -2.681809523809524
            ],
            [
              37.2295625,
              -2.681809523809524
            ],
            [
              37.2295625,
              -2.6802619047619047
            ],
            [
              37.228,
              -2.6802619047619047
            ],
            [
              37.228,
              -2.681809523809524
            ]
          ]
        ]
      }
    },
    {
      "type": "Feature",
      "properties": {
        "cellId": "s1-beforeFlooding-37-1",
        "window": "beforeFlooding",
        "observedAt": "2026-02-20T15:47:48.023501Z",
        "sceneId": "S1A_IW_GRDH_1SDV_20260220T154748_20260220T154813_063304_07F31C_2469_COG",
        "floodProbability": 0.597,
        "confidence": 0.619,
        "classification": "possible_flood",
        "vvMean": 116.67,
        "vhMean": 56.44,
        "method": "sentinel1-calibrated-low-backscatter-v1",
        "georeference": "copernicus-stac-bbox-linearized"
      },
      "geometry": {
        "type": "Polygon",
        "coordinates": [
          [
            [
              37.2295625,
              -2.681809523809524
            ],
            [
              37.231125,
              -2.681809523809524
            ],
            [
              37.231125,
              -2.6802619047619047
            ],
            [
              37.2295625,
              -2.6802619047619047
            ],
            [
              37.2295625,
              -2.681809523809524
            ]
          ]
        ]
      }
    },
    {
      "type": "Feature",
      "properties": {
        "cellId": "s1-beforeFlooding-37-3",
        "window": "beforeFlooding",
        "observedAt": "2026-02-20T15:47:48.023501Z",
        "sceneId": "S1A_IW_GRDH_1SDV_20260220T154748_20260220T154813_063304_07F31C_2469_COG",
        "floodProbability": 0.482,
        "confidence": 0.555,
        "classification": "possible_flood",
        "vvMean": 124.67,
        "vhMean": 63.44,
        "method": "sentinel1-calibrated-low-backscatter-v1",
        "georeference": "copernicus-stac-bbox-linearized"
      },
      "geometry": {
        "type": "Polygon",
        "coordinates": [
          [
            [
              37.232687500000004,
              -2.681809523809524
            ],
            [
              37.23425,
              -2.681809523809524
            ],
            [
              37.23425,
              -2.6802619047619047
            ],
            [
              37.232687500000004,
              -2.6802619047619047
            ],
            [
              37.232687500000004,
              -2.681809523809524
            ]
          ]
        ]
      }
    },
    {
      "type": "Feature",
      "properties": {
        "cellId": "s1-beforeFlooding-37-35",
        "window": "beforeFlooding",
        "observedAt": "2026-02-20T15:47:48.023501Z",
        "sceneId": "S1A_IW_GRDH_1SDV_20260220T154748_20260220T154813_063304_07F31C_2469_COG",
        "floodProbability": 0.454,
        "confidence": 0.578,
        "classification": "possible_flood",
        "vvMean": 118.56,
        "vhMean": 72.33,
        "method": "sentinel1-calibrated-low-backscatter-v1",
        "georeference": "copernicus-stac-bbox-linearized"
      },
      "geometry": {
        "type": "Polygon",
        "coordinates": [
          [
            [
              37.2826875,
              -2.681809523809524
            ],
            [
              37.28425,
              -2.681809523809524
            ],
            [
              37.28425,
              -2.6802619047619047
            ],
            [
              37.2826875,
              -2.6802619047619047
            ],
            [
              37.2826875,
              -2.681809523809524
            ]
          ]
        ]
      }
    },
    {
      "type": "Feature",
      "properties": {
        "cellId": "s1-beforeFlooding-38-0",
        "window": "beforeFlooding",
        "observedAt": "2026-02-20T15:47:48.023501Z",
        "sceneId": "S1A_IW_GRDH_1SDV_20260220T154748_20260220T154813_063304_07F31C_2469_COG",
        "floodProbability": 0.669,
        "confidence": 0.678,
        "classification": "probable_flood",
        "vvMean": 102.33,
        "vhMean": 58.89,
        "method": "sentinel1-calibrated-low-backscatter-v1",
        "georeference": "copernicus-stac-bbox-linearized"
      },
      "geometry": {
        "type": "Polygon",
        "coordinates": [
          [
            [
              37.228,
              -2.683357142857143
            ],
            [
              37.2295625,
              -2.683357142857143
            ],
            [
              37.2295625,
              -2.681809523809524
            ],
            [
              37.228,
              -2.681809523809524
            ],
            [
              37.228,
              -2.683357142857143
            ]
          ]
        ]
      }
    },
    {
      "type": "Feature",
      "properties": {
        "cellId": "s1-beforeFlooding-38-1",
        "window": "beforeFlooding",
        "observedAt": "2026-02-20T15:47:48.023501Z",
        "sceneId": "S1A_IW_GRDH_1SDV_20260220T154748_20260220T154813_063304_07F31C_2469_COG",
        "floodProbability": 0.678,
        "confidence": 0.686,
        "classification": "probable_flood",
        "vvMean": 104.89,
        "vhMean": 47,
        "method": "sentinel1-calibrated-low-backscatter-v1",
        "georeference": "copernicus-stac-bbox-linearized"
      },
      "geometry": {
        "type": "Polygon",
        "coordinates": [
          [
            [
              37.2295625,
              -2.683357142857143
            ],
            [
              37.231125,
              -2.683357142857143
            ],
            [
              37.231125,
              -2.681809523809524
            ],
            [
              37.2295625,
              -2.681809523809524
            ],
            [
              37.2295625,
              -2.683357142857143
            ]
          ]
        ]
      }
    },
    {
      "type": "Feature",
      "properties": {
        "cellId": "s1-beforeFlooding-38-2",
        "window": "beforeFlooding",
        "observedAt": "2026-02-20T15:47:48.023501Z",
        "sceneId": "S1A_IW_GRDH_1SDV_20260220T154748_20260220T154813_063304_07F31C_2469_COG",
        "floodProbability": 0.528,
        "confidence": 0.563,
        "classification": "possible_flood",
        "vvMean": 116.67,
        "vhMean": 62.33,
        "method": "sentinel1-calibrated-low-backscatter-v1",
        "georeference": "copernicus-stac-bbox-linearized"
      },
      "geometry": {
        "type": "Polygon",
        "coordinates": [
          [
            [
              37.231125,
              -2.683357142857143
            ],
            [
              37.232687500000004,
              -2.683357142857143
            ],
            [
              37.232687500000004,
              -2.681809523809524
            ],
            [
              37.231125,
              -2.681809523809524
            ],
            [
              37.231125,
              -2.683357142857143
            ]
          ]
        ]
      }
    },
    {
      "type": "Feature",
      "properties": {
        "cellId": "s1-beforeFlooding-38-3",
        "window": "beforeFlooding",
        "observedAt": "2026-02-20T15:47:48.023501Z",
        "sceneId": "S1A_IW_GRDH_1SDV_20260220T154748_20260220T154813_063304_07F31C_2469_COG",
        "floodProbability": 0.458,
        "confidence": 0.574,
        "classification": "possible_flood",
        "vvMean": 102.22,
        "vhMean": 66.67,
        "method": "sentinel1-calibrated-low-backscatter-v1",
        "georeference": "copernicus-stac-bbox-linearized"
      },
      "geometry": {
        "type": "Polygon",
        "coordinates": [
          [
            [
              37.232687500000004,
              -2.683357142857143
            ],
            [
              37.23425,
              -2.683357142857143
            ],
            [
              37.23425,
              -2.681809523809524
            ],
            [
              37.232687500000004,
              -2.681809523809524
            ],
            [
              37.232687500000004,
              -2.683357142857143
            ]
          ]
        ]
      }
    },
    {
      "type": "Feature",
      "properties": {
        "cellId": "s1-beforeFlooding-38-36",
        "window": "beforeFlooding",
        "observedAt": "2026-02-20T15:47:48.023501Z",
        "sceneId": "S1A_IW_GRDH_1SDV_20260220T154748_20260220T154813_063304_07F31C_2469_COG",
        "floodProbability": 0.467,
        "confidence": 0.567,
        "classification": "possible_flood",
        "vvMean": 120.22,
        "vhMean": 68,
        "method": "sentinel1-calibrated-low-backscatter-v1",
        "georeference": "copernicus-stac-bbox-linearized"
      },
      "geometry": {
        "type": "Polygon",
        "coordinates": [
          [
            [
              37.28425,
              -2.683357142857143
            ],
            [
              37.2858125,
              -2.683357142857143
            ],
            [
              37.2858125,
              -2.681809523809524
            ],
            [
              37.28425,
              -2.681809523809524
            ],
            [
              37.28425,
              -2.683357142857143
            ]
          ]
        ]
      }
    },
    {
      "type": "Feature",
      "properties": {
        "cellId": "s1-beforeFlooding-39-0",
        "window": "beforeFlooding",
        "observedAt": "2026-02-20T15:47:48.023501Z",
        "sceneId": "S1A_IW_GRDH_1SDV_20260220T154748_20260220T154813_063304_07F31C_2469_COG",
        "floodProbability": 0.756,
        "confidence": 0.75,
        "classification": "probable_flood",
        "vvMean": 85,
        "vhMean": 49,
        "method": "sentinel1-calibrated-low-backscatter-v1",
        "georeference": "copernicus-stac-bbox-linearized"
      },
      "geometry": {
        "type": "Polygon",
        "coordinates": [
          [
            [
              37.228,
              -2.684904761904762
            ],
            [
              37.2295625,
              -2.684904761904762
            ],
            [
              37.2295625,
              -2.683357142857143
            ],
            [
              37.228,
              -2.683357142857143
            ],
            [
              37.228,
              -2.684904761904762
            ]
          ]
        ]
      }
    },
    {
      "type": "Feature",
      "properties": {
        "cellId": "s1-beforeFlooding-39-1",
        "window": "beforeFlooding",
        "observedAt": "2026-02-20T15:47:48.023501Z",
        "sceneId": "S1A_IW_GRDH_1SDV_20260220T154748_20260220T154813_063304_07F31C_2469_COG",
        "floodProbability": 0.703,
        "confidence": 0.706,
        "classification": "probable_flood",
        "vvMean": 95.89,
        "vhMean": 58.44,
        "method": "sentinel1-calibrated-low-backscatter-v1",
        "georeference": "copernicus-stac-bbox-linearized"
      },
      "geometry": {
        "type": "Polygon",
        "coordinates": [
          [
            [
              37.2295625,
              -2.684904761904762
            ],
            [
              37.231125,
              -2.684904761904762
            ],
            [
              37.231125,
              -2.683357142857143
            ],
            [
              37.2295625,
              -2.683357142857143
            ],
            [
              37.2295625,
              -2.684904761904762
            ]
          ]
        ]
      }
    },
    {
      "type": "Feature",
      "properties": {
        "cellId": "s1-beforeFlooding-39-2",
        "window": "beforeFlooding",
        "observedAt": "2026-02-20T15:47:48.023501Z",
        "sceneId": "S1A_IW_GRDH_1SDV_20260220T154748_20260220T154813_063304_07F31C_2469_COG",
        "floodProbability": 0.566,
        "confidence": 0.594,
        "classification": "possible_flood",
        "vvMean": 116.33,
        "vhMean": 53.67,
        "method": "sentinel1-calibrated-low-backscatter-v1",
        "georeference": "copernicus-stac-bbox-linearized"
      },
      "geometry": {
        "type": "Polygon",
        "coordinates": [
          [
            [
              37.231125,
              -2.684904761904762
            ],
            [
              37.232687500000004,
              -2.684904761904762
            ],
            [
              37.232687500000004,
              -2.683357142857143
            ],
            [
              37.231125,
              -2.683357142857143
            ],
            [
              37.231125,
              -2.684904761904762
            ]
          ]
        ]
      }
    },
    {
      "type": "Feature",
      "properties": {
        "cellId": "s1-beforeFlooding-39-36",
        "window": "beforeFlooding",
        "observedAt": "2026-02-20T15:47:48.023501Z",
        "sceneId": "S1A_IW_GRDH_1SDV_20260220T154748_20260220T154813_063304_07F31C_2469_COG",
        "floodProbability": 0.454,
        "confidence": 0.578,
        "classification": "possible_flood",
        "vvMean": 117.44,
        "vhMean": 64.89,
        "method": "sentinel1-calibrated-low-backscatter-v1",
        "georeference": "copernicus-stac-bbox-linearized"
      },
      "geometry": {
        "type": "Polygon",
        "coordinates": [
          [
            [
              37.28425,
              -2.684904761904762
            ],
            [
              37.2858125,
              -2.684904761904762
            ],
            [
              37.2858125,
              -2.683357142857143
            ],
            [
              37.28425,
              -2.683357142857143
            ],
            [
              37.28425,
              -2.684904761904762
            ]
          ]
        ]
      }
    },
    {
      "type": "Feature",
      "properties": {
        "cellId": "s1-beforeFlooding-40-0",
        "window": "beforeFlooding",
        "observedAt": "2026-02-20T15:47:48.023501Z",
        "sceneId": "S1A_IW_GRDH_1SDV_20260220T154748_20260220T154813_063304_07F31C_2469_COG",
        "floodProbability": 0.756,
        "confidence": 0.75,
        "classification": "probable_flood",
        "vvMean": 90.11,
        "vhMean": 51.44,
        "method": "sentinel1-calibrated-low-backscatter-v1",
        "georeference": "copernicus-stac-bbox-linearized"
      },
      "geometry": {
        "type": "Polygon",
        "coordinates": [
          [
            [
              37.228,
              -2.6864523809523813
            ],
            [
              37.2295625,
              -2.6864523809523813
            ],
            [
              37.2295625,
              -2.684904761904762
            ],
            [
              37.228,
              -2.684904761904762
            ],
            [
              37.228,
              -2.6864523809523813
            ]
          ]
        ]
      }
    },
    {
      "type": "Feature",
      "properties": {
        "cellId": "s1-beforeFlooding-40-1",
        "window": "beforeFlooding",
        "observedAt": "2026-02-20T15:47:48.023501Z",
        "sceneId": "S1A_IW_GRDH_1SDV_20260220T154748_20260220T154813_063304_07F31C_2469_COG",
        "floodProbability": 0.673,
        "confidence": 0.682,
        "classification": "probable_flood",
        "vvMean": 102.67,
        "vhMean": 58.78,
        "method": "sentinel1-calibrated-low-backscatter-v1",
        "georeference": "copernicus-stac-bbox-linearized"
      },
      "geometry": {
        "type": "Polygon",
        "coordinates": [
          [
            [
              37.2295625,
              -2.6864523809523813
            ],
            [
              37.231125,
              -2.6864523809523813
            ],
            [
              37.231125,
              -2.684904761904762
            ],
            [
              37.2295625,
              -2.684904761904762
            ],
            [
              37.2295625,
              -2.6864523809523813
            ]
          ]
        ]
      }
    },
    {
      "type": "Feature",
      "properties": {
        "cellId": "s1-beforeFlooding-40-2",
        "window": "beforeFlooding",
        "observedAt": "2026-02-20T15:47:48.023501Z",
        "sceneId": "S1A_IW_GRDH_1SDV_20260220T154748_20260220T154813_063304_07F31C_2469_COG",
        "floodProbability": 0.511,
        "confidence": 0.549,
        "classification": "possible_flood",
        "vvMean": 114.89,
        "vhMean": 59.56,
        "method": "sentinel1-calibrated-low-backscatter-v1",
        "georeference": "copernicus-stac-bbox-linearized"
      },
      "geometry": {
        "type": "Polygon",
        "coordinates": [
          [
            [
              37.231125,
              -2.6864523809523813
            ],
            [
              37.232687500000004,
              -2.6864523809523813
            ],
            [
              37.232687500000004,
              -2.684904761904762
            ],
            [
              37.231125,
              -2.684904761904762
            ],
            [
              37.231125,
              -2.6864523809523813
            ]
          ]
        ]
      }
    },
    {
      "type": "Feature",
      "properties": {
        "cellId": "s1-beforeFlooding-40-37",
        "window": "beforeFlooding",
        "observedAt": "2026-02-20T15:47:48.023501Z",
        "sceneId": "S1A_IW_GRDH_1SDV_20260220T154748_20260220T154813_063304_07F31C_2469_COG",
        "floodProbability": 0.492,
        "confidence": 0.547,
        "classification": "possible_flood",
        "vvMean": 113.89,
        "vhMean": 76.89,
        "method": "sentinel1-calibrated-low-backscatter-v1",
        "georeference": "copernicus-stac-bbox-linearized"
      },
      "geometry": {
        "type": "Polygon",
        "coordinates": [
          [
            [
              37.2858125,
              -2.6864523809523813
            ],
            [
              37.287375,
              -2.6864523809523813
            ],
            [
              37.287375,
              -2.684904761904762
            ],
            [
              37.2858125,
              -2.684904761904762
            ],
            [
              37.2858125,
              -2.6864523809523813
            ]
          ]
        ]
      }
    },
    {
      "type": "Feature",
      "properties": {
        "cellId": "s1-beforeFlooding-41-0",
        "window": "beforeFlooding",
        "observedAt": "2026-02-20T15:47:48.023501Z",
        "sceneId": "S1A_IW_GRDH_1SDV_20260220T154748_20260220T154813_063304_07F31C_2469_COG",
        "floodProbability": 0.709,
        "confidence": 0.711,
        "classification": "probable_flood",
        "vvMean": 95.56,
        "vhMean": 57.56,
        "method": "sentinel1-calibrated-low-backscatter-v1",
        "georeference": "copernicus-stac-bbox-linearized"
      },
      "geometry": {
        "type": "Polygon",
        "coordinates": [
          [
            [
              37.228,
              -2.688
            ],
            [
              37.2295625,
              -2.688
            ],
            [
              37.2295625,
              -2.6864523809523813
            ],
            [
              37.228,
              -2.6864523809523813
            ],
            [
              37.228,
              -2.688
            ]
          ]
        ]
      }
    },
    {
      "type": "Feature",
      "properties": {
        "cellId": "s1-beforeFlooding-41-1",
        "window": "beforeFlooding",
        "observedAt": "2026-02-20T15:47:48.023501Z",
        "sceneId": "S1A_IW_GRDH_1SDV_20260220T154748_20260220T154813_063304_07F31C_2469_COG",
        "floodProbability": 0.709,
        "confidence": 0.712,
        "classification": "probable_flood",
        "vvMean": 89.89,
        "vhMean": 56.67,
        "method": "sentinel1-calibrated-low-backscatter-v1",
        "georeference": "copernicus-stac-bbox-linearized"
      },
      "geometry": {
        "type": "Polygon",
        "coordinates": [
          [
            [
              37.2295625,
              -2.688
            ],
            [
              37.231125,
              -2.688
            ],
            [
              37.231125,
              -2.6864523809523813
            ],
            [
              37.2295625,
              -2.6864523809523813
            ],
            [
              37.2295625,
              -2.688
            ]
          ]
        ]
      }
    },
    {
      "type": "Feature",
      "properties": {
        "cellId": "s1-beforeFlooding-41-2",
        "window": "beforeFlooding",
        "observedAt": "2026-02-20T15:47:48.023501Z",
        "sceneId": "S1A_IW_GRDH_1SDV_20260220T154748_20260220T154813_063304_07F31C_2469_COG",
        "floodProbability": 0.578,
        "confidence": 0.604,
        "classification": "possible_flood",
        "vvMean": 110.33,
        "vhMean": 60.56,
        "method": "sentinel1-calibrated-low-backscatter-v1",
        "georeference": "copernicus-stac-bbox-linearized"
      },
      "geometry": {
        "type": "Polygon",
        "coordinates": [
          [
            [
              37.231125,
              -2.688
            ],
            [
              37.232687500000004,
              -2.688
            ],
            [
              37.232687500000004,
              -2.6864523809523813
            ],
            [
              37.231125,
              -2.6864523809523813
            ],
            [
              37.231125,
              -2.688
            ]
          ]
        ]
      }
    },
    {
      "type": "Feature",
      "properties": {
        "cellId": "s1-beforeFlooding-41-44",
        "window": "beforeFlooding",
        "observedAt": "2026-02-20T15:47:48.023501Z",
        "sceneId": "S1A_IW_GRDH_1SDV_20260220T154748_20260220T154813_063304_07F31C_2469_COG",
        "floodProbability": 0.454,
        "confidence": 0.578,
        "classification": "possible_flood",
        "vvMean": 105.78,
        "vhMean": 64.44,
        "method": "sentinel1-calibrated-low-backscatter-v1",
        "georeference": "copernicus-stac-bbox-linearized"
      },
      "geometry": {
        "type": "Polygon",
        "coordinates": [
          [
            [
              37.296749999999996,
              -2.688
            ],
            [
              37.298312499999994,
              -2.688
            ],
            [
              37.298312499999994,
              -2.6864523809523813
            ],
            [
              37.296749999999996,
              -2.6864523809523813
            ],
            [
              37.296749999999996,
              -2.688
            ]
          ]
        ]
      }
    }
  ]
}
