{
  "type": "FeatureCollection",
  "features": [
    {
      "type": "Feature",
      "properties": {
        "cellId": "s1-change-0-0",
        "category": "possible_change",
        "beforeProbability": 0.463,
        "duringProbability": 0,
        "recoveryProbability": 0,
        "deltaDuringBefore": -0.463,
        "deltaRecoveryDuring": 0,
        "method": "sentinel1-window-change-v0"
      },
      "geometry": {
        "type": "Polygon",
        "coordinates": [
          [
            [
              37.228,
              -2.624547619047619
            ],
            [
              37.2295625,
              -2.624547619047619
            ],
            [
              37.2295625,
              -2.623
            ],
            [
              37.228,
              -2.623
            ],
            [
              37.228,
              -2.624547619047619
            ]
          ]
        ]
      }
    },
    {
      "type": "Feature",
      "properties": {
        "cellId": "s1-change-0-1",
        "category": "possible_change",
        "beforeProbability": 0.515,
        "duringProbability": 0,
        "recoveryProbability": 0,
        "deltaDuringBefore": -0.515,
        "deltaRecoveryDuring": 0,
        "method": "sentinel1-window-change-v0"
      },
      "geometry": {
        "type": "Polygon",
        "coordinates": [
          [
            [
              37.2295625,
              -2.624547619047619
            ],
            [
              37.231125,
              -2.624547619047619
            ],
            [
              37.231125,
              -2.623
            ],
            [
              37.2295625,
              -2.623
            ],
            [
              37.2295625,
              -2.624547619047619
            ]
          ]
        ]
      }
    },
    {
      "type": "Feature",
      "properties": {
        "cellId": "s1-change-1-12",
        "category": "possible_change",
        "beforeProbability": 0,
        "duringProbability": 0.512,
        "recoveryProbability": 0,
        "deltaDuringBefore": 0.512,
        "deltaRecoveryDuring": -0.512,
        "method": "sentinel1-window-change-v0"
      },
      "geometry": {
        "type": "Polygon",
        "coordinates": [
          [
            [
              37.24675,
              -2.6260952380952385
            ],
            [
              37.2483125,
              -2.6260952380952385
            ],
            [
              37.2483125,
              -2.624547619047619
            ],
            [
              37.24675,
              -2.624547619047619
            ],
            [
              37.24675,
              -2.6260952380952385
            ]
          ]
        ]
      }
    },
    {
      "type": "Feature",
      "properties": {
        "cellId": "s1-change-1-6",
        "category": "possible_change",
        "beforeProbability": 0.453,
        "duringProbability": 0,
        "recoveryProbability": 0,
        "deltaDuringBefore": -0.453,
        "deltaRecoveryDuring": 0,
        "method": "sentinel1-window-change-v0"
      },
      "geometry": {
        "type": "Polygon",
        "coordinates": [
          [
            [
              37.237375,
              -2.6260952380952385
            ],
            [
              37.2389375,
              -2.6260952380952385
            ],
            [
              37.2389375,
              -2.624547619047619
            ],
            [
              37.237375,
              -2.624547619047619
            ],
            [
              37.237375,
              -2.6260952380952385
            ]
          ]
        ]
      }
    },
    {
      "type": "Feature",
      "properties": {
        "cellId": "s1-change-10-1",
        "category": "possible_change",
        "beforeProbability": 0.567,
        "duringProbability": 0,
        "recoveryProbability": 0,
        "deltaDuringBefore": -0.567,
        "deltaRecoveryDuring": 0,
        "method": "sentinel1-window-change-v0"
      },
      "geometry": {
        "type": "Polygon",
        "coordinates": [
          [
            [
              37.2295625,
              -2.6400238095238096
            ],
            [
              37.231125,
              -2.6400238095238096
            ],
            [
              37.231125,
              -2.6384761904761906
            ],
            [
              37.2295625,
              -2.6384761904761906
            ],
            [
              37.2295625,
              -2.6400238095238096
            ]
          ]
        ]
      }
    },
    {
      "type": "Feature",
      "properties": {
        "cellId": "s1-change-10-10",
        "category": "possible_change",
        "beforeProbability": 0.466,
        "duringProbability": 0.489,
        "recoveryProbability": 0.486,
        "deltaDuringBefore": 0.023,
        "deltaRecoveryDuring": -0.003,
        "method": "sentinel1-window-change-v0"
      },
      "geometry": {
        "type": "Polygon",
        "coordinates": [
          [
            [
              37.243625,
              -2.6400238095238096
            ],
            [
              37.2451875,
              -2.6400238095238096
            ],
            [
              37.2451875,
              -2.6384761904761906
            ],
            [
              37.243625,
              -2.6384761904761906
            ],
            [
              37.243625,
              -2.6400238095238096
            ]
          ]
        ]
      }
    },
    {
      "type": "Feature",
      "properties": {
        "cellId": "s1-change-10-2",
        "category": "possible_change",
        "beforeProbability": 0.541,
        "duringProbability": 0,
        "recoveryProbability": 0,
        "deltaDuringBefore": -0.541,
        "deltaRecoveryDuring": 0,
        "method": "sentinel1-window-change-v0"
      },
      "geometry": {
        "type": "Polygon",
        "coordinates": [
          [
            [
              37.231125,
              -2.6400238095238096
            ],
            [
              37.232687500000004,
              -2.6400238095238096
            ],
            [
              37.232687500000004,
              -2.6384761904761906
            ],
            [
              37.231125,
              -2.6384761904761906
            ],
            [
              37.231125,
              -2.6400238095238096
            ]
          ]
        ]
      }
    },
    {
      "type": "Feature",
      "properties": {
        "cellId": "s1-change-11-0",
        "category": "possible_change",
        "beforeProbability": 0.519,
        "duringProbability": 0,
        "recoveryProbability": 0,
        "deltaDuringBefore": -0.519,
        "deltaRecoveryDuring": 0,
        "method": "sentinel1-window-change-v0"
      },
      "geometry": {
        "type": "Polygon",
        "coordinates": [
          [
            [
              37.228,
              -2.641571428571429
            ],
            [
              37.2295625,
              -2.641571428571429
            ],
            [
              37.2295625,
              -2.6400238095238096
            ],
            [
              37.228,
              -2.6400238095238096
            ],
            [
              37.228,
              -2.641571428571429
            ]
          ]
        ]
      }
    },
    {
      "type": "Feature",
      "properties": {
        "cellId": "s1-change-11-10",
        "category": "possible_change",
        "beforeProbability": 0,
        "duringProbability": 0.474,
        "recoveryProbability": 0.585,
        "deltaDuringBefore": 0.474,
        "deltaRecoveryDuring": 0.111,
        "method": "sentinel1-window-change-v0"
      },
      "geometry": {
        "type": "Polygon",
        "coordinates": [
          [
            [
              37.243625,
              -2.641571428571429
            ],
            [
              37.2451875,
              -2.641571428571429
            ],
            [
              37.2451875,
              -2.6400238095238096
            ],
            [
              37.243625,
              -2.6400238095238096
            ],
            [
              37.243625,
              -2.641571428571429
            ]
          ]
        ]
      }
    },
    {
      "type": "Feature",
      "properties": {
        "cellId": "s1-change-11-11",
        "category": "possible_change",
        "beforeProbability": 0.506,
        "duringProbability": 0,
        "recoveryProbability": 0.491,
        "deltaDuringBefore": -0.506,
        "deltaRecoveryDuring": 0.491,
        "method": "sentinel1-window-change-v0"
      },
      "geometry": {
        "type": "Polygon",
        "coordinates": [
          [
            [
              37.2451875,
              -2.641571428571429
            ],
            [
              37.24675,
              -2.641571428571429
            ],
            [
              37.24675,
              -2.6400238095238096
            ],
            [
              37.2451875,
              -2.6400238095238096
            ],
            [
              37.2451875,
              -2.641571428571429
            ]
          ]
        ]
      }
    },
    {
      "type": "Feature",
      "properties": {
        "cellId": "s1-change-11-2",
        "category": "possible_change",
        "beforeProbability": 0.451,
        "duringProbability": 0,
        "recoveryProbability": 0,
        "deltaDuringBefore": -0.451,
        "deltaRecoveryDuring": 0,
        "method": "sentinel1-window-change-v0"
      },
      "geometry": {
        "type": "Polygon",
        "coordinates": [
          [
            [
              37.231125,
              -2.641571428571429
            ],
            [
              37.232687500000004,
              -2.641571428571429
            ],
            [
              37.232687500000004,
              -2.6400238095238096
            ],
            [
              37.231125,
              -2.6400238095238096
            ],
            [
              37.231125,
              -2.641571428571429
            ]
          ]
        ]
      }
    },
    {
      "type": "Feature",
      "properties": {
        "cellId": "s1-change-12-10",
        "category": "possible_change",
        "beforeProbability": 0,
        "duringProbability": 0,
        "recoveryProbability": 0.479,
        "deltaDuringBefore": 0,
        "deltaRecoveryDuring": 0.479,
        "method": "sentinel1-window-change-v0"
      },
      "geometry": {
        "type": "Polygon",
        "coordinates": [
          [
            [
              37.243625,
              -2.643119047619048
            ],
            [
              37.2451875,
              -2.643119047619048
            ],
            [
              37.2451875,
              -2.641571428571429
            ],
            [
              37.243625,
              -2.641571428571429
            ],
            [
              37.243625,
              -2.643119047619048
            ]
          ]
        ]
      }
    },
    {
      "type": "Feature",
      "properties": {
        "cellId": "s1-change-12-12",
        "category": "possible_change",
        "beforeProbability": 0,
        "duringProbability": 0,
        "recoveryProbability": 0.498,
        "deltaDuringBefore": 0,
        "deltaRecoveryDuring": 0.498,
        "method": "sentinel1-window-change-v0"
      },
      "geometry": {
        "type": "Polygon",
        "coordinates": [
          [
            [
              37.24675,
              -2.643119047619048
            ],
            [
              37.2483125,
              -2.643119047619048
            ],
            [
              37.2483125,
              -2.641571428571429
            ],
            [
              37.24675,
              -2.641571428571429
            ],
            [
              37.24675,
              -2.643119047619048
            ]
          ]
        ]
      }
    },
    {
      "type": "Feature",
      "properties": {
        "cellId": "s1-change-12-42",
        "category": "possible_change",
        "beforeProbability": 0.464,
        "duringProbability": 0,
        "recoveryProbability": 0,
        "deltaDuringBefore": -0.464,
        "deltaRecoveryDuring": 0,
        "method": "sentinel1-window-change-v0"
      },
      "geometry": {
        "type": "Polygon",
        "coordinates": [
          [
            [
              37.293625,
              -2.643119047619048
            ],
            [
              37.2951875,
              -2.643119047619048
            ],
            [
              37.2951875,
              -2.641571428571429
            ],
            [
              37.293625,
              -2.641571428571429
            ],
            [
              37.293625,
              -2.643119047619048
            ]
          ]
        ]
      }
    },
    {
      "type": "Feature",
      "properties": {
        "cellId": "s1-change-13-0",
        "category": "possible_change",
        "beforeProbability": 0.682,
        "duringProbability": 0,
        "recoveryProbability": 0,
        "deltaDuringBefore": -0.682,
        "deltaRecoveryDuring": 0,
        "method": "sentinel1-window-change-v0"
      },
      "geometry": {
        "type": "Polygon",
        "coordinates": [
          [
            [
              37.228,
              -2.6446666666666667
            ],
            [
              37.2295625,
              -2.6446666666666667
            ],
            [
              37.2295625,
              -2.643119047619048
            ],
            [
              37.228,
              -2.643119047619048
            ],
            [
              37.228,
              -2.6446666666666667
            ]
          ]
        ]
      }
    },
    {
      "type": "Feature",
      "properties": {
        "cellId": "s1-change-13-21",
        "category": "possible_change",
        "beforeProbability": 0,
        "duringProbability": 0.487,
        "recoveryProbability": 0.452,
        "deltaDuringBefore": 0.487,
        "deltaRecoveryDuring": -0.035,
        "method": "sentinel1-window-change-v0"
      },
      "geometry": {
        "type": "Polygon",
        "coordinates": [
          [
            [
              37.2608125,
              -2.6446666666666667
            ],
            [
              37.262375,
              -2.6446666666666667
            ],
            [
              37.262375,
              -2.643119047619048
            ],
            [
              37.2608125,
              -2.643119047619048
            ],
            [
              37.2608125,
              -2.6446666666666667
            ]
          ]
        ]
      }
    },
    {
      "type": "Feature",
      "properties": {
        "cellId": "s1-change-13-40",
        "category": "possible_change",
        "beforeProbability": 0.462,
        "duringProbability": 0,
        "recoveryProbability": 0,
        "deltaDuringBefore": -0.462,
        "deltaRecoveryDuring": 0,
        "method": "sentinel1-window-change-v0"
      },
      "geometry": {
        "type": "Polygon",
        "coordinates": [
          [
            [
              37.290499999999994,
              -2.6446666666666667
            ],
            [
              37.2920625,
              -2.6446666666666667
            ],
            [
              37.2920625,
              -2.643119047619048
            ],
            [
              37.290499999999994,
              -2.643119047619048
            ],
            [
              37.290499999999994,
              -2.6446666666666667
            ]
          ]
        ]
      }
    },
    {
      "type": "Feature",
      "properties": {
        "cellId": "s1-change-14-0",
        "category": "possible_change",
        "beforeProbability": 0.642,
        "duringProbability": 0.491,
        "recoveryProbability": 0,
        "deltaDuringBefore": -0.151,
        "deltaRecoveryDuring": -0.491,
        "method": "sentinel1-window-change-v0"
      },
      "geometry": {
        "type": "Polygon",
        "coordinates": [
          [
            [
              37.228,
              -2.646214285714286
            ],
            [
              37.2295625,
              -2.646214285714286
            ],
            [
              37.2295625,
              -2.6446666666666667
            ],
            [
              37.228,
              -2.6446666666666667
            ],
            [
              37.228,
              -2.646214285714286
            ]
          ]
        ]
      }
    },
    {
      "type": "Feature",
      "properties": {
        "cellId": "s1-change-14-11",
        "category": "possible_change",
        "beforeProbability": 0.524,
        "duringProbability": 0.488,
        "recoveryProbability": 0.605,
        "deltaDuringBefore": -0.036,
        "deltaRecoveryDuring": 0.117,
        "method": "sentinel1-window-change-v0"
      },
      "geometry": {
        "type": "Polygon",
        "coordinates": [
          [
            [
              37.2451875,
              -2.646214285714286
            ],
            [
              37.24675,
              -2.646214285714286
            ],
            [
              37.24675,
              -2.6446666666666667
            ],
            [
              37.2451875,
              -2.6446666666666667
            ],
            [
              37.2451875,
              -2.646214285714286
            ]
          ]
        ]
      }
    },
    {
      "type": "Feature",
      "properties": {
        "cellId": "s1-change-15-0",
        "category": "possible_change",
        "beforeProbability": 0.677,
        "duringProbability": 0,
        "recoveryProbability": 0,
        "deltaDuringBefore": -0.677,
        "deltaRecoveryDuring": 0,
        "method": "sentinel1-window-change-v0"
      },
      "geometry": {
        "type": "Polygon",
        "coordinates": [
          [
            [
              37.228,
              -2.647761904761905
            ],
            [
              37.2295625,
              -2.647761904761905
            ],
            [
              37.2295625,
              -2.646214285714286
            ],
            [
              37.228,
              -2.646214285714286
            ],
            [
              37.228,
              -2.647761904761905
            ]
          ]
        ]
      }
    },
    {
      "type": "Feature",
      "properties": {
        "cellId": "s1-change-15-11",
        "category": "possible_change",
        "beforeProbability": 0,
        "duringProbability": 0.496,
        "recoveryProbability": 0.576,
        "deltaDuringBefore": 0.496,
        "deltaRecoveryDuring": 0.08,
        "method": "sentinel1-window-change-v0"
      },
      "geometry": {
        "type": "Polygon",
        "coordinates": [
          [
            [
              37.2451875,
              -2.647761904761905
            ],
            [
              37.24675,
              -2.647761904761905
            ],
            [
              37.24675,
              -2.646214285714286
            ],
            [
              37.2451875,
              -2.646214285714286
            ],
            [
              37.2451875,
              -2.647761904761905
            ]
          ]
        ]
      }
    },
    {
      "type": "Feature",
      "properties": {
        "cellId": "s1-change-15-12",
        "category": "possible_change",
        "beforeProbability": 0.537,
        "duringProbability": 0,
        "recoveryProbability": 0,
        "deltaDuringBefore": -0.537,
        "deltaRecoveryDuring": 0,
        "method": "sentinel1-window-change-v0"
      },
      "geometry": {
        "type": "Polygon",
        "coordinates": [
          [
            [
              37.24675,
              -2.647761904761905
            ],
            [
              37.2483125,
              -2.647761904761905
            ],
            [
              37.2483125,
              -2.646214285714286
            ],
            [
              37.24675,
              -2.646214285714286
            ],
            [
              37.24675,
              -2.647761904761905
            ]
          ]
        ]
      }
    },
    {
      "type": "Feature",
      "properties": {
        "cellId": "s1-change-15-17",
        "category": "possible_change",
        "beforeProbability": 0.516,
        "duringProbability": 0,
        "recoveryProbability": 0,
        "deltaDuringBefore": -0.516,
        "deltaRecoveryDuring": 0,
        "method": "sentinel1-window-change-v0"
      },
      "geometry": {
        "type": "Polygon",
        "coordinates": [
          [
            [
              37.2545625,
              -2.647761904761905
            ],
            [
              37.256125,
              -2.647761904761905
            ],
            [
              37.256125,
              -2.646214285714286
            ],
            [
              37.2545625,
              -2.646214285714286
            ],
            [
              37.2545625,
              -2.647761904761905
            ]
          ]
        ]
      }
    },
    {
      "type": "Feature",
      "properties": {
        "cellId": "s1-change-15-35",
        "category": "possible_change",
        "beforeProbability": 0,
        "duringProbability": 0.465,
        "recoveryProbability": 0,
        "deltaDuringBefore": 0.465,
        "deltaRecoveryDuring": -0.465,
        "method": "sentinel1-window-change-v0"
      },
      "geometry": {
        "type": "Polygon",
        "coordinates": [
          [
            [
              37.2826875,
              -2.647761904761905
            ],
            [
              37.28425,
              -2.647761904761905
            ],
            [
              37.28425,
              -2.646214285714286
            ],
            [
              37.2826875,
              -2.646214285714286
            ],
            [
              37.2826875,
              -2.647761904761905
            ]
          ]
        ]
      }
    },
    {
      "type": "Feature",
      "properties": {
        "cellId": "s1-change-15-36",
        "category": "possible_change",
        "beforeProbability": 0,
        "duringProbability": 0,
        "recoveryProbability": 0.484,
        "deltaDuringBefore": 0,
        "deltaRecoveryDuring": 0.484,
        "method": "sentinel1-window-change-v0"
      },
      "geometry": {
        "type": "Polygon",
        "coordinates": [
          [
            [
              37.28425,
              -2.647761904761905
            ],
            [
              37.2858125,
              -2.647761904761905
            ],
            [
              37.2858125,
              -2.646214285714286
            ],
            [
              37.28425,
              -2.646214285714286
            ],
            [
              37.28425,
              -2.647761904761905
            ]
          ]
        ]
      }
    },
    {
      "type": "Feature",
      "properties": {
        "cellId": "s1-change-15-40",
        "category": "possible_change",
        "beforeProbability": 0,
        "duringProbability": 0.47,
        "recoveryProbability": 0.451,
        "deltaDuringBefore": 0.47,
        "deltaRecoveryDuring": -0.019,
        "method": "sentinel1-window-change-v0"
      },
      "geometry": {
        "type": "Polygon",
        "coordinates": [
          [
            [
              37.290499999999994,
              -2.647761904761905
            ],
            [
              37.2920625,
              -2.647761904761905
            ],
            [
              37.2920625,
              -2.646214285714286
            ],
            [
              37.290499999999994,
              -2.646214285714286
            ],
            [
              37.290499999999994,
              -2.647761904761905
            ]
          ]
        ]
      }
    },
    {
      "type": "Feature",
      "properties": {
        "cellId": "s1-change-16-0",
        "category": "possible_change",
        "beforeProbability": 0.488,
        "duringProbability": 0.478,
        "recoveryProbability": 0,
        "deltaDuringBefore": -0.01,
        "deltaRecoveryDuring": -0.478,
        "method": "sentinel1-window-change-v0"
      },
      "geometry": {
        "type": "Polygon",
        "coordinates": [
          [
            [
              37.228,
              -2.649309523809524
            ],
            [
              37.2295625,
              -2.649309523809524
            ],
            [
              37.2295625,
              -2.647761904761905
            ],
            [
              37.228,
              -2.647761904761905
            ],
            [
              37.228,
              -2.649309523809524
            ]
          ]
        ]
      }
    },
    {
      "type": "Feature",
      "properties": {
        "cellId": "s1-change-16-12",
        "category": "possible_change",
        "beforeProbability": 0,
        "duringProbability": 0.504,
        "recoveryProbability": 0.528,
        "deltaDuringBefore": 0.504,
        "deltaRecoveryDuring": 0.024,
        "method": "sentinel1-window-change-v0"
      },
      "geometry": {
        "type": "Polygon",
        "coordinates": [
          [
            [
              37.24675,
              -2.649309523809524
            ],
            [
              37.2483125,
              -2.649309523809524
            ],
            [
              37.2483125,
              -2.647761904761905
            ],
            [
              37.24675,
              -2.647761904761905
            ],
            [
              37.24675,
              -2.649309523809524
            ]
          ]
        ]
      }
    },
    {
      "type": "Feature",
      "properties": {
        "cellId": "s1-change-16-13",
        "category": "possible_change",
        "beforeProbability": 0.54,
        "duringProbability": 0,
        "recoveryProbability": 0,
        "deltaDuringBefore": -0.54,
        "deltaRecoveryDuring": 0,
        "method": "sentinel1-window-change-v0"
      },
      "geometry": {
        "type": "Polygon",
        "coordinates": [
          [
            [
              37.2483125,
              -2.649309523809524
            ],
            [
              37.249875,
              -2.649309523809524
            ],
            [
              37.249875,
              -2.647761904761905
            ],
            [
              37.2483125,
              -2.647761904761905
            ],
            [
              37.2483125,
              -2.649309523809524
            ]
          ]
        ]
      }
    },
    {
      "type": "Feature",
      "properties": {
        "cellId": "s1-change-16-14",
        "category": "possible_change",
        "beforeProbability": 0,
        "duringProbability": 0,
        "recoveryProbability": 0.471,
        "deltaDuringBefore": 0,
        "deltaRecoveryDuring": 0.471,
        "method": "sentinel1-window-change-v0"
      },
      "geometry": {
        "type": "Polygon",
        "coordinates": [
          [
            [
              37.249875,
              -2.649309523809524
            ],
            [
              37.2514375,
              -2.649309523809524
            ],
            [
              37.2514375,
              -2.647761904761905
            ],
            [
              37.249875,
              -2.647761904761905
            ],
            [
              37.249875,
              -2.649309523809524
            ]
          ]
        ]
      }
    },
    {
      "type": "Feature",
      "properties": {
        "cellId": "s1-change-16-17",
        "category": "possible_change",
        "beforeProbability": 0.478,
        "duringProbability": 0,
        "recoveryProbability": 0,
        "deltaDuringBefore": -0.478,
        "deltaRecoveryDuring": 0,
        "method": "sentinel1-window-change-v0"
      },
      "geometry": {
        "type": "Polygon",
        "coordinates": [
          [
            [
              37.2545625,
              -2.649309523809524
            ],
            [
              37.256125,
              -2.649309523809524
            ],
            [
              37.256125,
              -2.647761904761905
            ],
            [
              37.2545625,
              -2.647761904761905
            ],
            [
              37.2545625,
              -2.649309523809524
            ]
          ]
        ]
      }
    },
    {
      "type": "Feature",
      "properties": {
        "cellId": "s1-change-17-13",
        "category": "possible_change",
        "beforeProbability": 0.566,
        "duringProbability": 0.558,
        "recoveryProbability": 0.47,
        "deltaDuringBefore": -0.008,
        "deltaRecoveryDuring": -0.088,
        "method": "sentinel1-window-change-v0"
      },
      "geometry": {
        "type": "Polygon",
        "coordinates": [
          [
            [
              37.2483125,
              -2.6508571428571432
            ],
            [
              37.249875,
              -2.6508571428571432
            ],
            [
              37.249875,
              -2.649309523809524
            ],
            [
              37.2483125,
              -2.649309523809524
            ],
            [
              37.2483125,
              -2.6508571428571432
            ]
          ]
        ]
      }
    },
    {
      "type": "Feature",
      "properties": {
        "cellId": "s1-change-17-14",
        "category": "possible_change",
        "beforeProbability": 0.599,
        "duringProbability": 0,
        "recoveryProbability": 0.495,
        "deltaDuringBefore": -0.599,
        "deltaRecoveryDuring": 0.495,
        "method": "sentinel1-window-change-v0"
      },
      "geometry": {
        "type": "Polygon",
        "coordinates": [
          [
            [
              37.249875,
              -2.6508571428571432
            ],
            [
              37.2514375,
              -2.6508571428571432
            ],
            [
              37.2514375,
              -2.649309523809524
            ],
            [
              37.249875,
              -2.649309523809524
            ],
            [
              37.249875,
              -2.6508571428571432
            ]
          ]
        ]
      }
    },
    {
      "type": "Feature",
      "properties": {
        "cellId": "s1-change-17-15",
        "category": "possible_change",
        "beforeProbability": 0.567,
        "duringProbability": 0.456,
        "recoveryProbability": 0,
        "deltaDuringBefore": -0.111,
        "deltaRecoveryDuring": -0.456,
        "method": "sentinel1-window-change-v0"
      },
      "geometry": {
        "type": "Polygon",
        "coordinates": [
          [
            [
              37.2514375,
              -2.6508571428571432
            ],
            [
              37.253,
              -2.6508571428571432
            ],
            [
              37.253,
              -2.649309523809524
            ],
            [
              37.2514375,
              -2.649309523809524
            ],
            [
              37.2514375,
              -2.6508571428571432
            ]
          ]
        ]
      }
    },
    {
      "type": "Feature",
      "properties": {
        "cellId": "s1-change-17-18",
        "category": "possible_change",
        "beforeProbability": 0.461,
        "duringProbability": 0,
        "recoveryProbability": 0,
        "deltaDuringBefore": -0.461,
        "deltaRecoveryDuring": 0,
        "method": "sentinel1-window-change-v0"
      },
      "geometry": {
        "type": "Polygon",
        "coordinates": [
          [
            [
              37.256125,
              -2.6508571428571432
            ],
            [
              37.2576875,
              -2.6508571428571432
            ],
            [
              37.2576875,
              -2.649309523809524
            ],
            [
              37.256125,
              -2.649309523809524
            ],
            [
              37.256125,
              -2.6508571428571432
            ]
          ]
        ]
      }
    },
    {
      "type": "Feature",
      "properties": {
        "cellId": "s1-change-18-0",
        "category": "possible_change",
        "beforeProbability": 0.594,
        "duringProbability": 0,
        "recoveryProbability": 0,
        "deltaDuringBefore": -0.594,
        "deltaRecoveryDuring": 0,
        "method": "sentinel1-window-change-v0"
      },
      "geometry": {
        "type": "Polygon",
        "coordinates": [
          [
            [
              37.228,
              -2.652404761904762
            ],
            [
              37.2295625,
              -2.652404761904762
            ],
            [
              37.2295625,
              -2.6508571428571432
            ],
            [
              37.228,
              -2.6508571428571432
            ],
            [
              37.228,
              -2.652404761904762
            ]
          ]
        ]
      }
    },
    {
      "type": "Feature",
      "properties": {
        "cellId": "s1-change-18-14",
        "category": "possible_change",
        "beforeProbability": 0.575,
        "duringProbability": 0.501,
        "recoveryProbability": 0,
        "deltaDuringBefore": -0.074,
        "deltaRecoveryDuring": -0.501,
        "method": "sentinel1-window-change-v0"
      },
      "geometry": {
        "type": "Polygon",
        "coordinates": [
          [
            [
              37.249875,
              -2.652404761904762
            ],
            [
              37.2514375,
              -2.652404761904762
            ],
            [
              37.2514375,
              -2.6508571428571432
            ],
            [
              37.249875,
              -2.6508571428571432
            ],
            [
              37.249875,
              -2.652404761904762
            ]
          ]
        ]
      }
    },
    {
      "type": "Feature",
      "properties": {
        "cellId": "s1-change-18-19",
        "category": "possible_change",
        "beforeProbability": 0.506,
        "duringProbability": 0,
        "recoveryProbability": 0,
        "deltaDuringBefore": -0.506,
        "deltaRecoveryDuring": 0,
        "method": "sentinel1-window-change-v0"
      },
      "geometry": {
        "type": "Polygon",
        "coordinates": [
          [
            [
              37.2576875,
              -2.652404761904762
            ],
            [
              37.25925,
              -2.652404761904762
            ],
            [
              37.25925,
              -2.6508571428571432
            ],
            [
              37.2576875,
              -2.6508571428571432
            ],
            [
              37.2576875,
              -2.652404761904762
            ]
          ]
        ]
      }
    },
    {
      "type": "Feature",
      "properties": {
        "cellId": "s1-change-18-20",
        "category": "possible_change",
        "beforeProbability": 0.489,
        "duringProbability": 0,
        "recoveryProbability": 0,
        "deltaDuringBefore": -0.489,
        "deltaRecoveryDuring": 0,
        "method": "sentinel1-window-change-v0"
      },
      "geometry": {
        "type": "Polygon",
        "coordinates": [
          [
            [
              37.25925,
              -2.652404761904762
            ],
            [
              37.2608125,
              -2.652404761904762
            ],
            [
              37.2608125,
              -2.6508571428571432
            ],
            [
              37.25925,
              -2.6508571428571432
            ],
            [
              37.25925,
              -2.652404761904762
            ]
          ]
        ]
      }
    },
    {
      "type": "Feature",
      "properties": {
        "cellId": "s1-change-18-21",
        "category": "possible_change",
        "beforeProbability": 0,
        "duringProbability": 0.541,
        "recoveryProbability": 0,
        "deltaDuringBefore": 0.541,
        "deltaRecoveryDuring": -0.541,
        "method": "sentinel1-window-change-v0"
      },
      "geometry": {
        "type": "Polygon",
        "coordinates": [
          [
            [
              37.2608125,
              -2.652404761904762
            ],
            [
              37.262375,
              -2.652404761904762
            ],
            [
              37.262375,
              -2.6508571428571432
            ],
            [
              37.2608125,
              -2.6508571428571432
            ],
            [
              37.2608125,
              -2.652404761904762
            ]
          ]
        ]
      }
    },
    {
      "type": "Feature",
      "properties": {
        "cellId": "s1-change-19-0",
        "category": "possible_change",
        "beforeProbability": 0.546,
        "duringProbability": 0,
        "recoveryProbability": 0,
        "deltaDuringBefore": -0.546,
        "deltaRecoveryDuring": 0,
        "method": "sentinel1-window-change-v0"
      },
      "geometry": {
        "type": "Polygon",
        "coordinates": [
          [
            [
              37.228,
              -2.653952380952381
            ],
            [
              37.2295625,
              -2.653952380952381
            ],
            [
              37.2295625,
              -2.652404761904762
            ],
            [
              37.228,
              -2.652404761904762
            ],
            [
              37.228,
              -2.653952380952381
            ]
          ]
        ]
      }
    },
    {
      "type": "Feature",
      "properties": {
        "cellId": "s1-change-19-14",
        "category": "possible_change",
        "beforeProbability": 0.568,
        "duringProbability": 0,
        "recoveryProbability": 0,
        "deltaDuringBefore": -0.568,
        "deltaRecoveryDuring": 0,
        "method": "sentinel1-window-change-v0"
      },
      "geometry": {
        "type": "Polygon",
        "coordinates": [
          [
            [
              37.249875,
              -2.653952380952381
            ],
            [
              37.2514375,
              -2.653952380952381
            ],
            [
              37.2514375,
              -2.652404761904762
            ],
            [
              37.249875,
              -2.652404761904762
            ],
            [
              37.249875,
              -2.653952380952381
            ]
          ]
        ]
      }
    },
    {
      "type": "Feature",
      "properties": {
        "cellId": "s1-change-19-15",
        "category": "possible_change",
        "beforeProbability": 0.497,
        "duringProbability": 0,
        "recoveryProbability": 0,
        "deltaDuringBefore": -0.497,
        "deltaRecoveryDuring": 0,
        "method": "sentinel1-window-change-v0"
      },
      "geometry": {
        "type": "Polygon",
        "coordinates": [
          [
            [
              37.2514375,
              -2.653952380952381
            ],
            [
              37.253,
              -2.653952380952381
            ],
            [
              37.253,
              -2.652404761904762
            ],
            [
              37.2514375,
              -2.652404761904762
            ],
            [
              37.2514375,
              -2.653952380952381
            ]
          ]
        ]
      }
    },
    {
      "type": "Feature",
      "properties": {
        "cellId": "s1-change-19-19",
        "category": "possible_change",
        "beforeProbability": 0.503,
        "duringProbability": 0,
        "recoveryProbability": 0,
        "deltaDuringBefore": -0.503,
        "deltaRecoveryDuring": 0,
        "method": "sentinel1-window-change-v0"
      },
      "geometry": {
        "type": "Polygon",
        "coordinates": [
          [
            [
              37.2576875,
              -2.653952380952381
            ],
            [
              37.25925,
              -2.653952380952381
            ],
            [
              37.25925,
              -2.652404761904762
            ],
            [
              37.2576875,
              -2.652404761904762
            ],
            [
              37.2576875,
              -2.653952380952381
            ]
          ]
        ]
      }
    },
    {
      "type": "Feature",
      "properties": {
        "cellId": "s1-change-19-20",
        "category": "possible_change",
        "beforeProbability": 0.485,
        "duringProbability": 0,
        "recoveryProbability": 0,
        "deltaDuringBefore": -0.485,
        "deltaRecoveryDuring": 0,
        "method": "sentinel1-window-change-v0"
      },
      "geometry": {
        "type": "Polygon",
        "coordinates": [
          [
            [
              37.25925,
              -2.653952380952381
            ],
            [
              37.2608125,
              -2.653952380952381
            ],
            [
              37.2608125,
              -2.652404761904762
            ],
            [
              37.25925,
              -2.652404761904762
            ],
            [
              37.25925,
              -2.653952380952381
            ]
          ]
        ]
      }
    },
    {
      "type": "Feature",
      "properties": {
        "cellId": "s1-change-19-21",
        "category": "possible_change",
        "beforeProbability": 0.514,
        "duringProbability": 0,
        "recoveryProbability": 0,
        "deltaDuringBefore": -0.514,
        "deltaRecoveryDuring": 0,
        "method": "sentinel1-window-change-v0"
      },
      "geometry": {
        "type": "Polygon",
        "coordinates": [
          [
            [
              37.2608125,
              -2.653952380952381
            ],
            [
              37.262375,
              -2.653952380952381
            ],
            [
              37.262375,
              -2.652404761904762
            ],
            [
              37.2608125,
              -2.652404761904762
            ],
            [
              37.2608125,
              -2.653952380952381
            ]
          ]
        ]
      }
    },
    {
      "type": "Feature",
      "properties": {
        "cellId": "s1-change-20-14",
        "category": "possible_change",
        "beforeProbability": 0.53,
        "duringProbability": 0,
        "recoveryProbability": 0,
        "deltaDuringBefore": -0.53,
        "deltaRecoveryDuring": 0,
        "method": "sentinel1-window-change-v0"
      },
      "geometry": {
        "type": "Polygon",
        "coordinates": [
          [
            [
              37.249875,
              -2.6555
            ],
            [
              37.2514375,
              -2.6555
            ],
            [
              37.2514375,
              -2.653952380952381
            ],
            [
              37.249875,
              -2.653952380952381
            ],
            [
              37.249875,
              -2.6555
            ]
          ]
        ]
      }
    },
    {
      "type": "Feature",
      "properties": {
        "cellId": "s1-change-20-15",
        "category": "possible_change",
        "beforeProbability": 0.521,
        "duringProbability": 0,
        "recoveryProbability": 0,
        "deltaDuringBefore": -0.521,
        "deltaRecoveryDuring": 0,
        "method": "sentinel1-window-change-v0"
      },
      "geometry": {
        "type": "Polygon",
        "coordinates": [
          [
            [
              37.2514375,
              -2.6555
            ],
            [
              37.253,
              -2.6555
            ],
            [
              37.253,
              -2.653952380952381
            ],
            [
              37.2514375,
              -2.653952380952381
            ],
            [
              37.2514375,
              -2.6555
            ]
          ]
        ]
      }
    },
    {
      "type": "Feature",
      "properties": {
        "cellId": "s1-change-20-18",
        "category": "possible_change",
        "beforeProbability": 0.602,
        "duringProbability": 0,
        "recoveryProbability": 0,
        "deltaDuringBefore": -0.602,
        "deltaRecoveryDuring": 0,
        "method": "sentinel1-window-change-v0"
      },
      "geometry": {
        "type": "Polygon",
        "coordinates": [
          [
            [
              37.256125,
              -2.6555
            ],
            [
              37.2576875,
              -2.6555
            ],
            [
              37.2576875,
              -2.653952380952381
            ],
            [
              37.256125,
              -2.653952380952381
            ],
            [
              37.256125,
              -2.6555
            ]
          ]
        ]
      }
    },
    {
      "type": "Feature",
      "properties": {
        "cellId": "s1-change-20-19",
        "category": "possible_change",
        "beforeProbability": 0.508,
        "duringProbability": 0,
        "recoveryProbability": 0,
        "deltaDuringBefore": -0.508,
        "deltaRecoveryDuring": 0,
        "method": "sentinel1-window-change-v0"
      },
      "geometry": {
        "type": "Polygon",
        "coordinates": [
          [
            [
              37.2576875,
              -2.6555
            ],
            [
              37.25925,
              -2.6555
            ],
            [
              37.25925,
              -2.653952380952381
            ],
            [
              37.2576875,
              -2.653952380952381
            ],
            [
              37.2576875,
              -2.6555
            ]
          ]
        ]
      }
    },
    {
      "type": "Feature",
      "properties": {
        "cellId": "s1-change-20-21",
        "category": "possible_change",
        "beforeProbability": 0.497,
        "duringProbability": 0,
        "recoveryProbability": 0,
        "deltaDuringBefore": -0.497,
        "deltaRecoveryDuring": 0,
        "method": "sentinel1-window-change-v0"
      },
      "geometry": {
        "type": "Polygon",
        "coordinates": [
          [
            [
              37.2608125,
              -2.6555
            ],
            [
              37.262375,
              -2.6555
            ],
            [
              37.262375,
              -2.653952380952381
            ],
            [
              37.2608125,
              -2.653952380952381
            ],
            [
              37.2608125,
              -2.6555
            ]
          ]
        ]
      }
    },
    {
      "type": "Feature",
      "properties": {
        "cellId": "s1-change-20-22",
        "category": "possible_change",
        "beforeProbability": 0.49,
        "duringProbability": 0,
        "recoveryProbability": 0,
        "deltaDuringBefore": -0.49,
        "deltaRecoveryDuring": 0,
        "method": "sentinel1-window-change-v0"
      },
      "geometry": {
        "type": "Polygon",
        "coordinates": [
          [
            [
              37.262375,
              -2.6555
            ],
            [
              37.2639375,
              -2.6555
            ],
            [
              37.2639375,
              -2.653952380952381
            ],
            [
              37.262375,
              -2.653952380952381
            ],
            [
              37.262375,
              -2.6555
            ]
          ]
        ]
      }
    },
    {
      "type": "Feature",
      "properties": {
        "cellId": "s1-change-20-23",
        "category": "possible_change",
        "beforeProbability": 0.49,
        "duringProbability": 0,
        "recoveryProbability": 0,
        "deltaDuringBefore": -0.49,
        "deltaRecoveryDuring": 0,
        "method": "sentinel1-window-change-v0"
      },
      "geometry": {
        "type": "Polygon",
        "coordinates": [
          [
            [
              37.2639375,
              -2.6555
            ],
            [
              37.2655,
              -2.6555
            ],
            [
              37.2655,
              -2.653952380952381
            ],
            [
              37.2639375,
              -2.653952380952381
            ],
            [
              37.2639375,
              -2.6555
            ]
          ]
        ]
      }
    },
    {
      "type": "Feature",
      "properties": {
        "cellId": "s1-change-21-11",
        "category": "possible_change",
        "beforeProbability": 0.509,
        "duringProbability": 0,
        "recoveryProbability": 0,
        "deltaDuringBefore": -0.509,
        "deltaRecoveryDuring": 0,
        "method": "sentinel1-window-change-v0"
      },
      "geometry": {
        "type": "Polygon",
        "coordinates": [
          [
            [
              37.2451875,
              -2.6570476190476193
            ],
            [
              37.24675,
              -2.6570476190476193
            ],
            [
              37.24675,
              -2.6555
            ],
            [
              37.2451875,
              -2.6555
            ],
            [
              37.2451875,
              -2.6570476190476193
            ]
          ]
        ]
      }
    },
    {
      "type": "Feature",
      "properties": {
        "cellId": "s1-change-21-12",
        "category": "possible_change",
        "beforeProbability": 0.615,
        "duringProbability": 0,
        "recoveryProbability": 0,
        "deltaDuringBefore": -0.615,
        "deltaRecoveryDuring": 0,
        "method": "sentinel1-window-change-v0"
      },
      "geometry": {
        "type": "Polygon",
        "coordinates": [
          [
            [
              37.24675,
              -2.6570476190476193
            ],
            [
              37.2483125,
              -2.6570476190476193
            ],
            [
              37.2483125,
              -2.6555
            ],
            [
              37.24675,
              -2.6555
            ],
            [
              37.24675,
              -2.6570476190476193
            ]
          ]
        ]
      }
    },
    {
      "type": "Feature",
      "properties": {
        "cellId": "s1-change-21-14",
        "category": "possible_change",
        "beforeProbability": 0.518,
        "duringProbability": 0,
        "recoveryProbability": 0,
        "deltaDuringBefore": -0.518,
        "deltaRecoveryDuring": 0,
        "method": "sentinel1-window-change-v0"
      },
      "geometry": {
        "type": "Polygon",
        "coordinates": [
          [
            [
              37.249875,
              -2.6570476190476193
            ],
            [
              37.2514375,
              -2.6570476190476193
            ],
            [
              37.2514375,
              -2.6555
            ],
            [
              37.249875,
              -2.6555
            ],
            [
              37.249875,
              -2.6570476190476193
            ]
          ]
        ]
      }
    },
    {
      "type": "Feature",
      "properties": {
        "cellId": "s1-change-21-17",
        "category": "possible_change",
        "beforeProbability": 0.493,
        "duringProbability": 0,
        "recoveryProbability": 0,
        "deltaDuringBefore": -0.493,
        "deltaRecoveryDuring": 0,
        "method": "sentinel1-window-change-v0"
      },
      "geometry": {
        "type": "Polygon",
        "coordinates": [
          [
            [
              37.2545625,
              -2.6570476190476193
            ],
            [
              37.256125,
              -2.6570476190476193
            ],
            [
              37.256125,
              -2.6555
            ],
            [
              37.2545625,
              -2.6555
            ],
            [
              37.2545625,
              -2.6570476190476193
            ]
          ]
        ]
      }
    },
    {
      "type": "Feature",
      "properties": {
        "cellId": "s1-change-21-18",
        "category": "possible_change",
        "beforeProbability": 0.619,
        "duringProbability": 0,
        "recoveryProbability": 0,
        "deltaDuringBefore": -0.619,
        "deltaRecoveryDuring": 0,
        "method": "sentinel1-window-change-v0"
      },
      "geometry": {
        "type": "Polygon",
        "coordinates": [
          [
            [
              37.256125,
              -2.6570476190476193
            ],
            [
              37.2576875,
              -2.6570476190476193
            ],
            [
              37.2576875,
              -2.6555
            ],
            [
              37.256125,
              -2.6555
            ],
            [
              37.256125,
              -2.6570476190476193
            ]
          ]
        ]
      }
    },
    {
      "type": "Feature",
      "properties": {
        "cellId": "s1-change-21-19",
        "category": "possible_change",
        "beforeProbability": 0.544,
        "duringProbability": 0,
        "recoveryProbability": 0,
        "deltaDuringBefore": -0.544,
        "deltaRecoveryDuring": 0,
        "method": "sentinel1-window-change-v0"
      },
      "geometry": {
        "type": "Polygon",
        "coordinates": [
          [
            [
              37.2576875,
              -2.6570476190476193
            ],
            [
              37.25925,
              -2.6570476190476193
            ],
            [
              37.25925,
              -2.6555
            ],
            [
              37.2576875,
              -2.6555
            ],
            [
              37.2576875,
              -2.6570476190476193
            ]
          ]
        ]
      }
    },
    {
      "type": "Feature",
      "properties": {
        "cellId": "s1-change-21-2",
        "category": "possible_change",
        "beforeProbability": 0.594,
        "duringProbability": 0,
        "recoveryProbability": 0,
        "deltaDuringBefore": -0.594,
        "deltaRecoveryDuring": 0,
        "method": "sentinel1-window-change-v0"
      },
      "geometry": {
        "type": "Polygon",
        "coordinates": [
          [
            [
              37.231125,
              -2.6570476190476193
            ],
            [
              37.232687500000004,
              -2.6570476190476193
            ],
            [
              37.232687500000004,
              -2.6555
            ],
            [
              37.231125,
              -2.6555
            ],
            [
              37.231125,
              -2.6570476190476193
            ]
          ]
        ]
      }
    },
    {
      "type": "Feature",
      "properties": {
        "cellId": "s1-change-21-20",
        "category": "possible_change",
        "beforeProbability": 0.522,
        "duringProbability": 0,
        "recoveryProbability": 0,
        "deltaDuringBefore": -0.522,
        "deltaRecoveryDuring": 0,
        "method": "sentinel1-window-change-v0"
      },
      "geometry": {
        "type": "Polygon",
        "coordinates": [
          [
            [
              37.25925,
              -2.6570476190476193
            ],
            [
              37.2608125,
              -2.6570476190476193
            ],
            [
              37.2608125,
              -2.6555
            ],
            [
              37.25925,
              -2.6555
            ],
            [
              37.25925,
              -2.6570476190476193
            ]
          ]
        ]
      }
    },
    {
      "type": "Feature",
      "properties": {
        "cellId": "s1-change-21-21",
        "category": "possible_change",
        "beforeProbability": 0.467,
        "duringProbability": 0,
        "recoveryProbability": 0,
        "deltaDuringBefore": -0.467,
        "deltaRecoveryDuring": 0,
        "method": "sentinel1-window-change-v0"
      },
      "geometry": {
        "type": "Polygon",
        "coordinates": [
          [
            [
              37.2608125,
              -2.6570476190476193
            ],
            [
              37.262375,
              -2.6570476190476193
            ],
            [
              37.262375,
              -2.6555
            ],
            [
              37.2608125,
              -2.6555
            ],
            [
              37.2608125,
              -2.6570476190476193
            ]
          ]
        ]
      }
    },
    {
      "type": "Feature",
      "properties": {
        "cellId": "s1-change-21-22",
        "category": "possible_change",
        "beforeProbability": 0.461,
        "duringProbability": 0,
        "recoveryProbability": 0,
        "deltaDuringBefore": -0.461,
        "deltaRecoveryDuring": 0,
        "method": "sentinel1-window-change-v0"
      },
      "geometry": {
        "type": "Polygon",
        "coordinates": [
          [
            [
              37.262375,
              -2.6570476190476193
            ],
            [
              37.2639375,
              -2.6570476190476193
            ],
            [
              37.2639375,
              -2.6555
            ],
            [
              37.262375,
              -2.6555
            ],
            [
              37.262375,
              -2.6570476190476193
            ]
          ]
        ]
      }
    },
    {
      "type": "Feature",
      "properties": {
        "cellId": "s1-change-21-25",
        "category": "possible_change",
        "beforeProbability": 0,
        "duringProbability": 0.513,
        "recoveryProbability": 0.461,
        "deltaDuringBefore": 0.513,
        "deltaRecoveryDuring": -0.052,
        "method": "sentinel1-window-change-v0"
      },
      "geometry": {
        "type": "Polygon",
        "coordinates": [
          [
            [
              37.2670625,
              -2.6570476190476193
            ],
            [
              37.268625,
              -2.6570476190476193
            ],
            [
              37.268625,
              -2.6555
            ],
            [
              37.2670625,
              -2.6555
            ],
            [
              37.2670625,
              -2.6570476190476193
            ]
          ]
        ]
      }
    },
    {
      "type": "Feature",
      "properties": {
        "cellId": "s1-change-21-4",
        "category": "possible_change",
        "beforeProbability": 0.464,
        "duringProbability": 0,
        "recoveryProbability": 0,
        "deltaDuringBefore": -0.464,
        "deltaRecoveryDuring": 0,
        "method": "sentinel1-window-change-v0"
      },
      "geometry": {
        "type": "Polygon",
        "coordinates": [
          [
            [
              37.23425,
              -2.6570476190476193
            ],
            [
              37.2358125,
              -2.6570476190476193
            ],
            [
              37.2358125,
              -2.6555
            ],
            [
              37.23425,
              -2.6555
            ],
            [
              37.23425,
              -2.6570476190476193
            ]
          ]
        ]
      }
    },
    {
      "type": "Feature",
      "properties": {
        "cellId": "s1-change-21-6",
        "category": "possible_change",
        "beforeProbability": 0.62,
        "duringProbability": 0,
        "recoveryProbability": 0,
        "deltaDuringBefore": -0.62,
        "deltaRecoveryDuring": 0,
        "method": "sentinel1-window-change-v0"
      },
      "geometry": {
        "type": "Polygon",
        "coordinates": [
          [
            [
              37.237375,
              -2.6570476190476193
            ],
            [
              37.2389375,
              -2.6570476190476193
            ],
            [
              37.2389375,
              -2.6555
            ],
            [
              37.237375,
              -2.6555
            ],
            [
              37.237375,
              -2.6570476190476193
            ]
          ]
        ]
      }
    },
    {
      "type": "Feature",
      "properties": {
        "cellId": "s1-change-21-7",
        "category": "possible_change",
        "beforeProbability": 0.535,
        "duringProbability": 0,
        "recoveryProbability": 0,
        "deltaDuringBefore": -0.535,
        "deltaRecoveryDuring": 0,
        "method": "sentinel1-window-change-v0"
      },
      "geometry": {
        "type": "Polygon",
        "coordinates": [
          [
            [
              37.2389375,
              -2.6570476190476193
            ],
            [
              37.2405,
              -2.6570476190476193
            ],
            [
              37.2405,
              -2.6555
            ],
            [
              37.2389375,
              -2.6555
            ],
            [
              37.2389375,
              -2.6570476190476193
            ]
          ]
        ]
      }
    },
    {
      "type": "Feature",
      "properties": {
        "cellId": "s1-change-21-8",
        "category": "possible_change",
        "beforeProbability": 0.647,
        "duringProbability": 0.459,
        "recoveryProbability": 0,
        "deltaDuringBefore": -0.188,
        "deltaRecoveryDuring": -0.459,
        "method": "sentinel1-window-change-v0"
      },
      "geometry": {
        "type": "Polygon",
        "coordinates": [
          [
            [
              37.2405,
              -2.6570476190476193
            ],
            [
              37.2420625,
              -2.6570476190476193
            ],
            [
              37.2420625,
              -2.6555
            ],
            [
              37.2405,
              -2.6555
            ],
            [
              37.2405,
              -2.6570476190476193
            ]
          ]
        ]
      }
    },
    {
      "type": "Feature",
      "properties": {
        "cellId": "s1-change-21-9",
        "category": "possible_change",
        "beforeProbability": 0.453,
        "duringProbability": 0,
        "recoveryProbability": 0,
        "deltaDuringBefore": -0.453,
        "deltaRecoveryDuring": 0,
        "method": "sentinel1-window-change-v0"
      },
      "geometry": {
        "type": "Polygon",
        "coordinates": [
          [
            [
              37.2420625,
              -2.6570476190476193
            ],
            [
              37.243625,
              -2.6570476190476193
            ],
            [
              37.243625,
              -2.6555
            ],
            [
              37.2420625,
              -2.6555
            ],
            [
              37.2420625,
              -2.6570476190476193
            ]
          ]
        ]
      }
    },
    {
      "type": "Feature",
      "properties": {
        "cellId": "s1-change-22-10",
        "category": "possible_change",
        "beforeProbability": 0.521,
        "duringProbability": 0,
        "recoveryProbability": 0,
        "deltaDuringBefore": -0.521,
        "deltaRecoveryDuring": 0,
        "method": "sentinel1-window-change-v0"
      },
      "geometry": {
        "type": "Polygon",
        "coordinates": [
          [
            [
              37.243625,
              -2.6585952380952382
            ],
            [
              37.2451875,
              -2.6585952380952382
            ],
            [
              37.2451875,
              -2.6570476190476193
            ],
            [
              37.243625,
              -2.6570476190476193
            ],
            [
              37.243625,
              -2.6585952380952382
            ]
          ]
        ]
      }
    },
    {
      "type": "Feature",
      "properties": {
        "cellId": "s1-change-22-12",
        "category": "possible_change",
        "beforeProbability": 0.494,
        "duringProbability": 0,
        "recoveryProbability": 0,
        "deltaDuringBefore": -0.494,
        "deltaRecoveryDuring": 0,
        "method": "sentinel1-window-change-v0"
      },
      "geometry": {
        "type": "Polygon",
        "coordinates": [
          [
            [
              37.24675,
              -2.6585952380952382
            ],
            [
              37.2483125,
              -2.6585952380952382
            ],
            [
              37.2483125,
              -2.6570476190476193
            ],
            [
              37.24675,
              -2.6570476190476193
            ],
            [
              37.24675,
              -2.6585952380952382
            ]
          ]
        ]
      }
    },
    {
      "type": "Feature",
      "properties": {
        "cellId": "s1-change-22-13",
        "category": "possible_change",
        "beforeProbability": 0.569,
        "duringProbability": 0,
        "recoveryProbability": 0,
        "deltaDuringBefore": -0.569,
        "deltaRecoveryDuring": 0,
        "method": "sentinel1-window-change-v0"
      },
      "geometry": {
        "type": "Polygon",
        "coordinates": [
          [
            [
              37.2483125,
              -2.6585952380952382
            ],
            [
              37.249875,
              -2.6585952380952382
            ],
            [
              37.249875,
              -2.6570476190476193
            ],
            [
              37.2483125,
              -2.6570476190476193
            ],
            [
              37.2483125,
              -2.6585952380952382
            ]
          ]
        ]
      }
    },
    {
      "type": "Feature",
      "properties": {
        "cellId": "s1-change-22-14",
        "category": "possible_change",
        "beforeProbability": 0.588,
        "duringProbability": 0.504,
        "recoveryProbability": 0,
        "deltaDuringBefore": -0.084,
        "deltaRecoveryDuring": -0.504,
        "method": "sentinel1-window-change-v0"
      },
      "geometry": {
        "type": "Polygon",
        "coordinates": [
          [
            [
              37.249875,
              -2.6585952380952382
            ],
            [
              37.2514375,
              -2.6585952380952382
            ],
            [
              37.2514375,
              -2.6570476190476193
            ],
            [
              37.249875,
              -2.6570476190476193
            ],
            [
              37.249875,
              -2.6585952380952382
            ]
          ]
        ]
      }
    },
    {
      "type": "Feature",
      "properties": {
        "cellId": "s1-change-22-15",
        "category": "possible_change",
        "beforeProbability": 0.485,
        "duringProbability": 0,
        "recoveryProbability": 0,
        "deltaDuringBefore": -0.485,
        "deltaRecoveryDuring": 0,
        "method": "sentinel1-window-change-v0"
      },
      "geometry": {
        "type": "Polygon",
        "coordinates": [
          [
            [
              37.2514375,
              -2.6585952380952382
            ],
            [
              37.253,
              -2.6585952380952382
            ],
            [
              37.253,
              -2.6570476190476193
            ],
            [
              37.2514375,
              -2.6570476190476193
            ],
            [
              37.2514375,
              -2.6585952380952382
            ]
          ]
        ]
      }
    },
    {
      "type": "Feature",
      "properties": {
        "cellId": "s1-change-22-16",
        "category": "possible_change",
        "beforeProbability": 0.52,
        "duringProbability": 0,
        "recoveryProbability": 0,
        "deltaDuringBefore": -0.52,
        "deltaRecoveryDuring": 0,
        "method": "sentinel1-window-change-v0"
      },
      "geometry": {
        "type": "Polygon",
        "coordinates": [
          [
            [
              37.253,
              -2.6585952380952382
            ],
            [
              37.2545625,
              -2.6585952380952382
            ],
            [
              37.2545625,
              -2.6570476190476193
            ],
            [
              37.253,
              -2.6570476190476193
            ],
            [
              37.253,
              -2.6585952380952382
            ]
          ]
        ]
      }
    },
    {
      "type": "Feature",
      "properties": {
        "cellId": "s1-change-22-18",
        "category": "possible_change",
        "beforeProbability": 0.503,
        "duringProbability": 0,
        "recoveryProbability": 0,
        "deltaDuringBefore": -0.503,
        "deltaRecoveryDuring": 0,
        "method": "sentinel1-window-change-v0"
      },
      "geometry": {
        "type": "Polygon",
        "coordinates": [
          [
            [
              37.256125,
              -2.6585952380952382
            ],
            [
              37.2576875,
              -2.6585952380952382
            ],
            [
              37.2576875,
              -2.6570476190476193
            ],
            [
              37.256125,
              -2.6570476190476193
            ],
            [
              37.256125,
              -2.6585952380952382
            ]
          ]
        ]
      }
    },
    {
      "type": "Feature",
      "properties": {
        "cellId": "s1-change-22-19",
        "category": "possible_change",
        "beforeProbability": 0.515,
        "duringProbability": 0,
        "recoveryProbability": 0,
        "deltaDuringBefore": -0.515,
        "deltaRecoveryDuring": 0,
        "method": "sentinel1-window-change-v0"
      },
      "geometry": {
        "type": "Polygon",
        "coordinates": [
          [
            [
              37.2576875,
              -2.6585952380952382
            ],
            [
              37.25925,
              -2.6585952380952382
            ],
            [
              37.25925,
              -2.6570476190476193
            ],
            [
              37.2576875,
              -2.6570476190476193
            ],
            [
              37.2576875,
              -2.6585952380952382
            ]
          ]
        ]
      }
    },
    {
      "type": "Feature",
      "properties": {
        "cellId": "s1-change-22-2",
        "category": "possible_change",
        "beforeProbability": 0.535,
        "duringProbability": 0,
        "recoveryProbability": 0,
        "deltaDuringBefore": -0.535,
        "deltaRecoveryDuring": 0,
        "method": "sentinel1-window-change-v0"
      },
      "geometry": {
        "type": "Polygon",
        "coordinates": [
          [
            [
              37.231125,
              -2.6585952380952382
            ],
            [
              37.232687500000004,
              -2.6585952380952382
            ],
            [
              37.232687500000004,
              -2.6570476190476193
            ],
            [
              37.231125,
              -2.6570476190476193
            ],
            [
              37.231125,
              -2.6585952380952382
            ]
          ]
        ]
      }
    },
    {
      "type": "Feature",
      "properties": {
        "cellId": "s1-change-22-25",
        "category": "possible_change",
        "beforeProbability": 0.508,
        "duringProbability": 0.52,
        "recoveryProbability": 0,
        "deltaDuringBefore": 0.012,
        "deltaRecoveryDuring": -0.52,
        "method": "sentinel1-window-change-v0"
      },
      "geometry": {
        "type": "Polygon",
        "coordinates": [
          [
            [
              37.2670625,
              -2.6585952380952382
            ],
            [
              37.268625,
              -2.6585952380952382
            ],
            [
              37.268625,
              -2.6570476190476193
            ],
            [
              37.2670625,
              -2.6570476190476193
            ],
            [
              37.2670625,
              -2.6585952380952382
            ]
          ]
        ]
      }
    },
    {
      "type": "Feature",
      "properties": {
        "cellId": "s1-change-22-3",
        "category": "possible_change",
        "beforeProbability": 0.574,
        "duringProbability": 0,
        "recoveryProbability": 0,
        "deltaDuringBefore": -0.574,
        "deltaRecoveryDuring": 0,
        "method": "sentinel1-window-change-v0"
      },
      "geometry": {
        "type": "Polygon",
        "coordinates": [
          [
            [
              37.232687500000004,
              -2.6585952380952382
            ],
            [
              37.23425,
              -2.6585952380952382
            ],
            [
              37.23425,
              -2.6570476190476193
            ],
            [
              37.232687500000004,
              -2.6570476190476193
            ],
            [
              37.232687500000004,
              -2.6585952380952382
            ]
          ]
        ]
      }
    },
    {
      "type": "Feature",
      "properties": {
        "cellId": "s1-change-22-4",
        "category": "possible_change",
        "beforeProbability": 0.501,
        "duringProbability": 0,
        "recoveryProbability": 0,
        "deltaDuringBefore": -0.501,
        "deltaRecoveryDuring": 0,
        "method": "sentinel1-window-change-v0"
      },
      "geometry": {
        "type": "Polygon",
        "coordinates": [
          [
            [
              37.23425,
              -2.6585952380952382
            ],
            [
              37.2358125,
              -2.6585952380952382
            ],
            [
              37.2358125,
              -2.6570476190476193
            ],
            [
              37.23425,
              -2.6570476190476193
            ],
            [
              37.23425,
              -2.6585952380952382
            ]
          ]
        ]
      }
    },
    {
      "type": "Feature",
      "properties": {
        "cellId": "s1-change-22-6",
        "category": "possible_change",
        "beforeProbability": 0.482,
        "duringProbability": 0,
        "recoveryProbability": 0,
        "deltaDuringBefore": -0.482,
        "deltaRecoveryDuring": 0,
        "method": "sentinel1-window-change-v0"
      },
      "geometry": {
        "type": "Polygon",
        "coordinates": [
          [
            [
              37.237375,
              -2.6585952380952382
            ],
            [
              37.2389375,
              -2.6585952380952382
            ],
            [
              37.2389375,
              -2.6570476190476193
            ],
            [
              37.237375,
              -2.6570476190476193
            ],
            [
              37.237375,
              -2.6585952380952382
            ]
          ]
        ]
      }
    },
    {
      "type": "Feature",
      "properties": {
        "cellId": "s1-change-22-7",
        "category": "possible_change",
        "beforeProbability": 0.595,
        "duringProbability": 0,
        "recoveryProbability": 0,
        "deltaDuringBefore": -0.595,
        "deltaRecoveryDuring": 0,
        "method": "sentinel1-window-change-v0"
      },
      "geometry": {
        "type": "Polygon",
        "coordinates": [
          [
            [
              37.2389375,
              -2.6585952380952382
            ],
            [
              37.2405,
              -2.6585952380952382
            ],
            [
              37.2405,
              -2.6570476190476193
            ],
            [
              37.2389375,
              -2.6570476190476193
            ],
            [
              37.2389375,
              -2.6585952380952382
            ]
          ]
        ]
      }
    },
    {
      "type": "Feature",
      "properties": {
        "cellId": "s1-change-22-8",
        "category": "possible_change",
        "beforeProbability": 0.604,
        "duringProbability": 0,
        "recoveryProbability": 0,
        "deltaDuringBefore": -0.604,
        "deltaRecoveryDuring": 0,
        "method": "sentinel1-window-change-v0"
      },
      "geometry": {
        "type": "Polygon",
        "coordinates": [
          [
            [
              37.2405,
              -2.6585952380952382
            ],
            [
              37.2420625,
              -2.6585952380952382
            ],
            [
              37.2420625,
              -2.6570476190476193
            ],
            [
              37.2405,
              -2.6570476190476193
            ],
            [
              37.2405,
              -2.6585952380952382
            ]
          ]
        ]
      }
    },
    {
      "type": "Feature",
      "properties": {
        "cellId": "s1-change-22-9",
        "category": "possible_change",
        "beforeProbability": 0.462,
        "duringProbability": 0,
        "recoveryProbability": 0,
        "deltaDuringBefore": -0.462,
        "deltaRecoveryDuring": 0,
        "method": "sentinel1-window-change-v0"
      },
      "geometry": {
        "type": "Polygon",
        "coordinates": [
          [
            [
              37.2420625,
              -2.6585952380952382
            ],
            [
              37.243625,
              -2.6585952380952382
            ],
            [
              37.243625,
              -2.6570476190476193
            ],
            [
              37.2420625,
              -2.6570476190476193
            ],
            [
              37.2420625,
              -2.6585952380952382
            ]
          ]
        ]
      }
    },
    {
      "type": "Feature",
      "properties": {
        "cellId": "s1-change-23-1",
        "category": "possible_change",
        "beforeProbability": 0.483,
        "duringProbability": 0,
        "recoveryProbability": 0,
        "deltaDuringBefore": -0.483,
        "deltaRecoveryDuring": 0,
        "method": "sentinel1-window-change-v0"
      },
      "geometry": {
        "type": "Polygon",
        "coordinates": [
          [
            [
              37.2295625,
              -2.660142857142857
            ],
            [
              37.231125,
              -2.660142857142857
            ],
            [
              37.231125,
              -2.6585952380952382
            ],
            [
              37.2295625,
              -2.6585952380952382
            ],
            [
              37.2295625,
              -2.660142857142857
            ]
          ]
        ]
      }
    },
    {
      "type": "Feature",
      "properties": {
        "cellId": "s1-change-23-11",
        "category": "possible_change",
        "beforeProbability": 0.575,
        "duringProbability": 0,
        "recoveryProbability": 0,
        "deltaDuringBefore": -0.575,
        "deltaRecoveryDuring": 0,
        "method": "sentinel1-window-change-v0"
      },
      "geometry": {
        "type": "Polygon",
        "coordinates": [
          [
            [
              37.2451875,
              -2.660142857142857
            ],
            [
              37.24675,
              -2.660142857142857
            ],
            [
              37.24675,
              -2.6585952380952382
            ],
            [
              37.2451875,
              -2.6585952380952382
            ],
            [
              37.2451875,
              -2.660142857142857
            ]
          ]
        ]
      }
    },
    {
      "type": "Feature",
      "properties": {
        "cellId": "s1-change-23-12",
        "category": "possible_change",
        "beforeProbability": 0.583,
        "duringProbability": 0,
        "recoveryProbability": 0,
        "deltaDuringBefore": -0.583,
        "deltaRecoveryDuring": 0,
        "method": "sentinel1-window-change-v0"
      },
      "geometry": {
        "type": "Polygon",
        "coordinates": [
          [
            [
              37.24675,
              -2.660142857142857
            ],
            [
              37.2483125,
              -2.660142857142857
            ],
            [
              37.2483125,
              -2.6585952380952382
            ],
            [
              37.24675,
              -2.6585952380952382
            ],
            [
              37.24675,
              -2.660142857142857
            ]
          ]
        ]
      }
    },
    {
      "type": "Feature",
      "properties": {
        "cellId": "s1-change-23-13",
        "category": "possible_change",
        "beforeProbability": 0.593,
        "duringProbability": 0,
        "recoveryProbability": 0,
        "deltaDuringBefore": -0.593,
        "deltaRecoveryDuring": 0,
        "method": "sentinel1-window-change-v0"
      },
      "geometry": {
        "type": "Polygon",
        "coordinates": [
          [
            [
              37.2483125,
              -2.660142857142857
            ],
            [
              37.249875,
              -2.660142857142857
            ],
            [
              37.249875,
              -2.6585952380952382
            ],
            [
              37.2483125,
              -2.6585952380952382
            ],
            [
              37.2483125,
              -2.660142857142857
            ]
          ]
        ]
      }
    },
    {
      "type": "Feature",
      "properties": {
        "cellId": "s1-change-23-16",
        "category": "possible_change",
        "beforeProbability": 0.516,
        "duringProbability": 0,
        "recoveryProbability": 0,
        "deltaDuringBefore": -0.516,
        "deltaRecoveryDuring": 0,
        "method": "sentinel1-window-change-v0"
      },
      "geometry": {
        "type": "Polygon",
        "coordinates": [
          [
            [
              37.253,
              -2.660142857142857
            ],
            [
              37.2545625,
              -2.660142857142857
            ],
            [
              37.2545625,
              -2.6585952380952382
            ],
            [
              37.253,
              -2.6585952380952382
            ],
            [
              37.253,
              -2.660142857142857
            ]
          ]
        ]
      }
    },
    {
      "type": "Feature",
      "properties": {
        "cellId": "s1-change-23-17",
        "category": "possible_change",
        "beforeProbability": 0.486,
        "duringProbability": 0,
        "recoveryProbability": 0,
        "deltaDuringBefore": -0.486,
        "deltaRecoveryDuring": 0,
        "method": "sentinel1-window-change-v0"
      },
      "geometry": {
        "type": "Polygon",
        "coordinates": [
          [
            [
              37.2545625,
              -2.660142857142857
            ],
            [
              37.256125,
              -2.660142857142857
            ],
            [
              37.256125,
              -2.6585952380952382
            ],
            [
              37.2545625,
              -2.6585952380952382
            ],
            [
              37.2545625,
              -2.660142857142857
            ]
          ]
        ]
      }
    },
    {
      "type": "Feature",
      "properties": {
        "cellId": "s1-change-23-2",
        "category": "possible_change",
        "beforeProbability": 0.634,
        "duringProbability": 0,
        "recoveryProbability": 0,
        "deltaDuringBefore": -0.634,
        "deltaRecoveryDuring": 0,
        "method": "sentinel1-window-change-v0"
      },
      "geometry": {
        "type": "Polygon",
        "coordinates": [
          [
            [
              37.231125,
              -2.660142857142857
            ],
            [
              37.232687500000004,
              -2.660142857142857
            ],
            [
              37.232687500000004,
              -2.6585952380952382
            ],
            [
              37.231125,
              -2.6585952380952382
            ],
            [
              37.231125,
              -2.660142857142857
            ]
          ]
        ]
      }
    },
    {
      "type": "Feature",
      "properties": {
        "cellId": "s1-change-23-24",
        "category": "possible_change",
        "beforeProbability": 0.472,
        "duringProbability": 0.491,
        "recoveryProbability": 0.452,
        "deltaDuringBefore": 0.019,
        "deltaRecoveryDuring": -0.039,
        "method": "sentinel1-window-change-v0"
      },
      "geometry": {
        "type": "Polygon",
        "coordinates": [
          [
            [
              37.2655,
              -2.660142857142857
            ],
            [
              37.2670625,
              -2.660142857142857
            ],
            [
              37.2670625,
              -2.6585952380952382
            ],
            [
              37.2655,
              -2.6585952380952382
            ],
            [
              37.2655,
              -2.660142857142857
            ]
          ]
        ]
      }
    },
    {
      "type": "Feature",
      "properties": {
        "cellId": "s1-change-23-25",
        "category": "possible_change",
        "beforeProbability": 0,
        "duringProbability": 0,
        "recoveryProbability": 0.499,
        "deltaDuringBefore": 0,
        "deltaRecoveryDuring": 0.499,
        "method": "sentinel1-window-change-v0"
      },
      "geometry": {
        "type": "Polygon",
        "coordinates": [
          [
            [
              37.2670625,
              -2.660142857142857
            ],
            [
              37.268625,
              -2.660142857142857
            ],
            [
              37.268625,
              -2.6585952380952382
            ],
            [
              37.2670625,
              -2.6585952380952382
            ],
            [
              37.2670625,
              -2.660142857142857
            ]
          ]
        ]
      }
    },
    {
      "type": "Feature",
      "properties": {
        "cellId": "s1-change-23-3",
        "category": "possible_change",
        "beforeProbability": 0.628,
        "duringProbability": 0,
        "recoveryProbability": 0,
        "deltaDuringBefore": -0.628,
        "deltaRecoveryDuring": 0,
        "method": "sentinel1-window-change-v0"
      },
      "geometry": {
        "type": "Polygon",
        "coordinates": [
          [
            [
              37.232687500000004,
              -2.660142857142857
            ],
            [
              37.23425,
              -2.660142857142857
            ],
            [
              37.23425,
              -2.6585952380952382
            ],
            [
              37.232687500000004,
              -2.6585952380952382
            ],
            [
              37.232687500000004,
              -2.660142857142857
            ]
          ]
        ]
      }
    },
    {
      "type": "Feature",
      "properties": {
        "cellId": "s1-change-23-4",
        "category": "possible_change",
        "beforeProbability": 0.62,
        "duringProbability": 0,
        "recoveryProbability": 0,
        "deltaDuringBefore": -0.62,
        "deltaRecoveryDuring": 0,
        "method": "sentinel1-window-change-v0"
      },
      "geometry": {
        "type": "Polygon",
        "coordinates": [
          [
            [
              37.23425,
              -2.660142857142857
            ],
            [
              37.2358125,
              -2.660142857142857
            ],
            [
              37.2358125,
              -2.6585952380952382
            ],
            [
              37.23425,
              -2.6585952380952382
            ],
            [
              37.23425,
              -2.660142857142857
            ]
          ]
        ]
      }
    },
    {
      "type": "Feature",
      "properties": {
        "cellId": "s1-change-23-5",
        "category": "possible_change",
        "beforeProbability": 0.522,
        "duringProbability": 0,
        "recoveryProbability": 0,
        "deltaDuringBefore": -0.522,
        "deltaRecoveryDuring": 0,
        "method": "sentinel1-window-change-v0"
      },
      "geometry": {
        "type": "Polygon",
        "coordinates": [
          [
            [
              37.2358125,
              -2.660142857142857
            ],
            [
              37.237375,
              -2.660142857142857
            ],
            [
              37.237375,
              -2.6585952380952382
            ],
            [
              37.2358125,
              -2.6585952380952382
            ],
            [
              37.2358125,
              -2.660142857142857
            ]
          ]
        ]
      }
    },
    {
      "type": "Feature",
      "properties": {
        "cellId": "s1-change-23-6",
        "category": "possible_change",
        "beforeProbability": 0.477,
        "duringProbability": 0,
        "recoveryProbability": 0,
        "deltaDuringBefore": -0.477,
        "deltaRecoveryDuring": 0,
        "method": "sentinel1-window-change-v0"
      },
      "geometry": {
        "type": "Polygon",
        "coordinates": [
          [
            [
              37.237375,
              -2.660142857142857
            ],
            [
              37.2389375,
              -2.660142857142857
            ],
            [
              37.2389375,
              -2.6585952380952382
            ],
            [
              37.237375,
              -2.6585952380952382
            ],
            [
              37.237375,
              -2.660142857142857
            ]
          ]
        ]
      }
    },
    {
      "type": "Feature",
      "properties": {
        "cellId": "s1-change-23-7",
        "category": "possible_change",
        "beforeProbability": 0.518,
        "duringProbability": 0,
        "recoveryProbability": 0,
        "deltaDuringBefore": -0.518,
        "deltaRecoveryDuring": 0,
        "method": "sentinel1-window-change-v0"
      },
      "geometry": {
        "type": "Polygon",
        "coordinates": [
          [
            [
              37.2389375,
              -2.660142857142857
            ],
            [
              37.2405,
              -2.660142857142857
            ],
            [
              37.2405,
              -2.6585952380952382
            ],
            [
              37.2389375,
              -2.6585952380952382
            ],
            [
              37.2389375,
              -2.660142857142857
            ]
          ]
        ]
      }
    },
    {
      "type": "Feature",
      "properties": {
        "cellId": "s1-change-23-8",
        "category": "possible_change",
        "beforeProbability": 0.558,
        "duringProbability": 0,
        "recoveryProbability": 0,
        "deltaDuringBefore": -0.558,
        "deltaRecoveryDuring": 0,
        "method": "sentinel1-window-change-v0"
      },
      "geometry": {
        "type": "Polygon",
        "coordinates": [
          [
            [
              37.2405,
              -2.660142857142857
            ],
            [
              37.2420625,
              -2.660142857142857
            ],
            [
              37.2420625,
              -2.6585952380952382
            ],
            [
              37.2405,
              -2.6585952380952382
            ],
            [
              37.2405,
              -2.660142857142857
            ]
          ]
        ]
      }
    },
    {
      "type": "Feature",
      "properties": {
        "cellId": "s1-change-24-10",
        "category": "possible_change",
        "beforeProbability": 0.473,
        "duringProbability": 0,
        "recoveryProbability": 0,
        "deltaDuringBefore": -0.473,
        "deltaRecoveryDuring": 0,
        "method": "sentinel1-window-change-v0"
      },
      "geometry": {
        "type": "Polygon",
        "coordinates": [
          [
            [
              37.243625,
              -2.6616904761904765
            ],
            [
              37.2451875,
              -2.6616904761904765
            ],
            [
              37.2451875,
              -2.660142857142857
            ],
            [
              37.243625,
              -2.660142857142857
            ],
            [
              37.243625,
              -2.6616904761904765
            ]
          ]
        ]
      }
    },
    {
      "type": "Feature",
      "properties": {
        "cellId": "s1-change-24-11",
        "category": "possible_change",
        "beforeProbability": 0.452,
        "duringProbability": 0,
        "recoveryProbability": 0,
        "deltaDuringBefore": -0.452,
        "deltaRecoveryDuring": 0,
        "method": "sentinel1-window-change-v0"
      },
      "geometry": {
        "type": "Polygon",
        "coordinates": [
          [
            [
              37.2451875,
              -2.6616904761904765
            ],
            [
              37.24675,
              -2.6616904761904765
            ],
            [
              37.24675,
              -2.660142857142857
            ],
            [
              37.2451875,
              -2.660142857142857
            ],
            [
              37.2451875,
              -2.6616904761904765
            ]
          ]
        ]
      }
    },
    {
      "type": "Feature",
      "properties": {
        "cellId": "s1-change-24-12",
        "category": "possible_change",
        "beforeProbability": 0.675,
        "duringProbability": 0,
        "recoveryProbability": 0,
        "deltaDuringBefore": -0.675,
        "deltaRecoveryDuring": 0,
        "method": "sentinel1-window-change-v0"
      },
      "geometry": {
        "type": "Polygon",
        "coordinates": [
          [
            [
              37.24675,
              -2.6616904761904765
            ],
            [
              37.2483125,
              -2.6616904761904765
            ],
            [
              37.2483125,
              -2.660142857142857
            ],
            [
              37.24675,
              -2.660142857142857
            ],
            [
              37.24675,
              -2.6616904761904765
            ]
          ]
        ]
      }
    },
    {
      "type": "Feature",
      "properties": {
        "cellId": "s1-change-24-13",
        "category": "possible_change",
        "beforeProbability": 0.503,
        "duringProbability": 0,
        "recoveryProbability": 0,
        "deltaDuringBefore": -0.503,
        "deltaRecoveryDuring": 0,
        "method": "sentinel1-window-change-v0"
      },
      "geometry": {
        "type": "Polygon",
        "coordinates": [
          [
            [
              37.2483125,
              -2.6616904761904765
            ],
            [
              37.249875,
              -2.6616904761904765
            ],
            [
              37.249875,
              -2.660142857142857
            ],
            [
              37.2483125,
              -2.660142857142857
            ],
            [
              37.2483125,
              -2.6616904761904765
            ]
          ]
        ]
      }
    },
    {
      "type": "Feature",
      "properties": {
        "cellId": "s1-change-24-2",
        "category": "possible_change",
        "beforeProbability": 0.664,
        "duringProbability": 0,
        "recoveryProbability": 0,
        "deltaDuringBefore": -0.664,
        "deltaRecoveryDuring": 0,
        "method": "sentinel1-window-change-v0"
      },
      "geometry": {
        "type": "Polygon",
        "coordinates": [
          [
            [
              37.231125,
              -2.6616904761904765
            ],
            [
              37.232687500000004,
              -2.6616904761904765
            ],
            [
              37.232687500000004,
              -2.660142857142857
            ],
            [
              37.231125,
              -2.660142857142857
            ],
            [
              37.231125,
              -2.6616904761904765
            ]
          ]
        ]
      }
    },
    {
      "type": "Feature",
      "properties": {
        "cellId": "s1-change-24-21",
        "category": "possible_change",
        "beforeProbability": 0.46,
        "duringProbability": 0,
        "recoveryProbability": 0,
        "deltaDuringBefore": -0.46,
        "deltaRecoveryDuring": 0,
        "method": "sentinel1-window-change-v0"
      },
      "geometry": {
        "type": "Polygon",
        "coordinates": [
          [
            [
              37.2608125,
              -2.6616904761904765
            ],
            [
              37.262375,
              -2.6616904761904765
            ],
            [
              37.262375,
              -2.660142857142857
            ],
            [
              37.2608125,
              -2.660142857142857
            ],
            [
              37.2608125,
              -2.6616904761904765
            ]
          ]
        ]
      }
    },
    {
      "type": "Feature",
      "properties": {
        "cellId": "s1-change-24-22",
        "category": "possible_change",
        "beforeProbability": 0.514,
        "duringProbability": 0,
        "recoveryProbability": 0,
        "deltaDuringBefore": -0.514,
        "deltaRecoveryDuring": 0,
        "method": "sentinel1-window-change-v0"
      },
      "geometry": {
        "type": "Polygon",
        "coordinates": [
          [
            [
              37.262375,
              -2.6616904761904765
            ],
            [
              37.2639375,
              -2.6616904761904765
            ],
            [
              37.2639375,
              -2.660142857142857
            ],
            [
              37.262375,
              -2.660142857142857
            ],
            [
              37.262375,
              -2.6616904761904765
            ]
          ]
        ]
      }
    },
    {
      "type": "Feature",
      "properties": {
        "cellId": "s1-change-24-25",
        "category": "possible_change",
        "beforeProbability": 0,
        "duringProbability": 0,
        "recoveryProbability": 0.455,
        "deltaDuringBefore": 0,
        "deltaRecoveryDuring": 0.455,
        "method": "sentinel1-window-change-v0"
      },
      "geometry": {
        "type": "Polygon",
        "coordinates": [
          [
            [
              37.2670625,
              -2.6616904761904765
            ],
            [
              37.268625,
              -2.6616904761904765
            ],
            [
              37.268625,
              -2.660142857142857
            ],
            [
              37.2670625,
              -2.660142857142857
            ],
            [
              37.2670625,
              -2.6616904761904765
            ]
          ]
        ]
      }
    },
    {
      "type": "Feature",
      "properties": {
        "cellId": "s1-change-24-3",
        "category": "possible_change",
        "beforeProbability": 0.599,
        "duringProbability": 0,
        "recoveryProbability": 0,
        "deltaDuringBefore": -0.599,
        "deltaRecoveryDuring": 0,
        "method": "sentinel1-window-change-v0"
      },
      "geometry": {
        "type": "Polygon",
        "coordinates": [
          [
            [
              37.232687500000004,
              -2.6616904761904765
            ],
            [
              37.23425,
              -2.6616904761904765
            ],
            [
              37.23425,
              -2.660142857142857
            ],
            [
              37.232687500000004,
              -2.660142857142857
            ],
            [
              37.232687500000004,
              -2.6616904761904765
            ]
          ]
        ]
      }
    },
    {
      "type": "Feature",
      "properties": {
        "cellId": "s1-change-24-4",
        "category": "possible_change",
        "beforeProbability": 0.583,
        "duringProbability": 0,
        "recoveryProbability": 0,
        "deltaDuringBefore": -0.583,
        "deltaRecoveryDuring": 0,
        "method": "sentinel1-window-change-v0"
      },
      "geometry": {
        "type": "Polygon",
        "coordinates": [
          [
            [
              37.23425,
              -2.6616904761904765
            ],
            [
              37.2358125,
              -2.6616904761904765
            ],
            [
              37.2358125,
              -2.660142857142857
            ],
            [
              37.23425,
              -2.660142857142857
            ],
            [
              37.23425,
              -2.6616904761904765
            ]
          ]
        ]
      }
    },
    {
      "type": "Feature",
      "properties": {
        "cellId": "s1-change-24-5",
        "category": "possible_change",
        "beforeProbability": 0.626,
        "duringProbability": 0,
        "recoveryProbability": 0,
        "deltaDuringBefore": -0.626,
        "deltaRecoveryDuring": 0,
        "method": "sentinel1-window-change-v0"
      },
      "geometry": {
        "type": "Polygon",
        "coordinates": [
          [
            [
              37.2358125,
              -2.6616904761904765
            ],
            [
              37.237375,
              -2.6616904761904765
            ],
            [
              37.237375,
              -2.660142857142857
            ],
            [
              37.2358125,
              -2.660142857142857
            ],
            [
              37.2358125,
              -2.6616904761904765
            ]
          ]
        ]
      }
    },
    {
      "type": "Feature",
      "properties": {
        "cellId": "s1-change-24-6",
        "category": "possible_change",
        "beforeProbability": 0.633,
        "duringProbability": 0,
        "recoveryProbability": 0,
        "deltaDuringBefore": -0.633,
        "deltaRecoveryDuring": 0,
        "method": "sentinel1-window-change-v0"
      },
      "geometry": {
        "type": "Polygon",
        "coordinates": [
          [
            [
              37.237375,
              -2.6616904761904765
            ],
            [
              37.2389375,
              -2.6616904761904765
            ],
            [
              37.2389375,
              -2.660142857142857
            ],
            [
              37.237375,
              -2.660142857142857
            ],
            [
              37.237375,
              -2.6616904761904765
            ]
          ]
        ]
      }
    },
    {
      "type": "Feature",
      "properties": {
        "cellId": "s1-change-24-7",
        "category": "possible_change",
        "beforeProbability": 0.571,
        "duringProbability": 0,
        "recoveryProbability": 0,
        "deltaDuringBefore": -0.571,
        "deltaRecoveryDuring": 0,
        "method": "sentinel1-window-change-v0"
      },
      "geometry": {
        "type": "Polygon",
        "coordinates": [
          [
            [
              37.2389375,
              -2.6616904761904765
            ],
            [
              37.2405,
              -2.6616904761904765
            ],
            [
              37.2405,
              -2.660142857142857
            ],
            [
              37.2389375,
              -2.660142857142857
            ],
            [
              37.2389375,
              -2.6616904761904765
            ]
          ]
        ]
      }
    },
    {
      "type": "Feature",
      "properties": {
        "cellId": "s1-change-25-1",
        "category": "possible_change",
        "beforeProbability": 0.457,
        "duringProbability": 0,
        "recoveryProbability": 0,
        "deltaDuringBefore": -0.457,
        "deltaRecoveryDuring": 0,
        "method": "sentinel1-window-change-v0"
      },
      "geometry": {
        "type": "Polygon",
        "coordinates": [
          [
            [
              37.2295625,
              -2.6632380952380954
            ],
            [
              37.231125,
              -2.6632380952380954
            ],
            [
              37.231125,
              -2.6616904761904765
            ],
            [
              37.2295625,
              -2.6616904761904765
            ],
            [
              37.2295625,
              -2.6632380952380954
            ]
          ]
        ]
      }
    },
    {
      "type": "Feature",
      "properties": {
        "cellId": "s1-change-25-17",
        "category": "possible_change",
        "beforeProbability": 0.461,
        "duringProbability": 0,
        "recoveryProbability": 0,
        "deltaDuringBefore": -0.461,
        "deltaRecoveryDuring": 0,
        "method": "sentinel1-window-change-v0"
      },
      "geometry": {
        "type": "Polygon",
        "coordinates": [
          [
            [
              37.2545625,
              -2.6632380952380954
            ],
            [
              37.256125,
              -2.6632380952380954
            ],
            [
              37.256125,
              -2.6616904761904765
            ],
            [
              37.2545625,
              -2.6616904761904765
            ],
            [
              37.2545625,
              -2.6632380952380954
            ]
          ]
        ]
      }
    },
    {
      "type": "Feature",
      "properties": {
        "cellId": "s1-change-25-18",
        "category": "possible_change",
        "beforeProbability": 0.53,
        "duringProbability": 0,
        "recoveryProbability": 0,
        "deltaDuringBefore": -0.53,
        "deltaRecoveryDuring": 0,
        "method": "sentinel1-window-change-v0"
      },
      "geometry": {
        "type": "Polygon",
        "coordinates": [
          [
            [
              37.256125,
              -2.6632380952380954
            ],
            [
              37.2576875,
              -2.6632380952380954
            ],
            [
              37.2576875,
              -2.6616904761904765
            ],
            [
              37.256125,
              -2.6616904761904765
            ],
            [
              37.256125,
              -2.6632380952380954
            ]
          ]
        ]
      }
    },
    {
      "type": "Feature",
      "properties": {
        "cellId": "s1-change-25-2",
        "category": "possible_change",
        "beforeProbability": 0.628,
        "duringProbability": 0,
        "recoveryProbability": 0,
        "deltaDuringBefore": -0.628,
        "deltaRecoveryDuring": 0,
        "method": "sentinel1-window-change-v0"
      },
      "geometry": {
        "type": "Polygon",
        "coordinates": [
          [
            [
              37.231125,
              -2.6632380952380954
            ],
            [
              37.232687500000004,
              -2.6632380952380954
            ],
            [
              37.232687500000004,
              -2.6616904761904765
            ],
            [
              37.231125,
              -2.6616904761904765
            ],
            [
              37.231125,
              -2.6632380952380954
            ]
          ]
        ]
      }
    },
    {
      "type": "Feature",
      "properties": {
        "cellId": "s1-change-25-22",
        "category": "possible_change",
        "beforeProbability": 0.501,
        "duringProbability": 0,
        "recoveryProbability": 0,
        "deltaDuringBefore": -0.501,
        "deltaRecoveryDuring": 0,
        "method": "sentinel1-window-change-v0"
      },
      "geometry": {
        "type": "Polygon",
        "coordinates": [
          [
            [
              37.262375,
              -2.6632380952380954
            ],
            [
              37.2639375,
              -2.6632380952380954
            ],
            [
              37.2639375,
              -2.6616904761904765
            ],
            [
              37.262375,
              -2.6616904761904765
            ],
            [
              37.262375,
              -2.6632380952380954
            ]
          ]
        ]
      }
    },
    {
      "type": "Feature",
      "properties": {
        "cellId": "s1-change-25-4",
        "category": "possible_change",
        "beforeProbability": 0.52,
        "duringProbability": 0,
        "recoveryProbability": 0,
        "deltaDuringBefore": -0.52,
        "deltaRecoveryDuring": 0,
        "method": "sentinel1-window-change-v0"
      },
      "geometry": {
        "type": "Polygon",
        "coordinates": [
          [
            [
              37.23425,
              -2.6632380952380954
            ],
            [
              37.2358125,
              -2.6632380952380954
            ],
            [
              37.2358125,
              -2.6616904761904765
            ],
            [
              37.23425,
              -2.6616904761904765
            ],
            [
              37.23425,
              -2.6632380952380954
            ]
          ]
        ]
      }
    },
    {
      "type": "Feature",
      "properties": {
        "cellId": "s1-change-25-5",
        "category": "possible_change",
        "beforeProbability": 0.594,
        "duringProbability": 0,
        "recoveryProbability": 0,
        "deltaDuringBefore": -0.594,
        "deltaRecoveryDuring": 0,
        "method": "sentinel1-window-change-v0"
      },
      "geometry": {
        "type": "Polygon",
        "coordinates": [
          [
            [
              37.2358125,
              -2.6632380952380954
            ],
            [
              37.237375,
              -2.6632380952380954
            ],
            [
              37.237375,
              -2.6616904761904765
            ],
            [
              37.2358125,
              -2.6616904761904765
            ],
            [
              37.2358125,
              -2.6632380952380954
            ]
          ]
        ]
      }
    },
    {
      "type": "Feature",
      "properties": {
        "cellId": "s1-change-25-6",
        "category": "possible_change",
        "beforeProbability": 0.511,
        "duringProbability": 0,
        "recoveryProbability": 0,
        "deltaDuringBefore": -0.511,
        "deltaRecoveryDuring": 0,
        "method": "sentinel1-window-change-v0"
      },
      "geometry": {
        "type": "Polygon",
        "coordinates": [
          [
            [
              37.237375,
              -2.6632380952380954
            ],
            [
              37.2389375,
              -2.6632380952380954
            ],
            [
              37.2389375,
              -2.6616904761904765
            ],
            [
              37.237375,
              -2.6616904761904765
            ],
            [
              37.237375,
              -2.6632380952380954
            ]
          ]
        ]
      }
    },
    {
      "type": "Feature",
      "properties": {
        "cellId": "s1-change-25-7",
        "category": "possible_change",
        "beforeProbability": 0.5,
        "duringProbability": 0,
        "recoveryProbability": 0,
        "deltaDuringBefore": -0.5,
        "deltaRecoveryDuring": 0,
        "method": "sentinel1-window-change-v0"
      },
      "geometry": {
        "type": "Polygon",
        "coordinates": [
          [
            [
              37.2389375,
              -2.6632380952380954
            ],
            [
              37.2405,
              -2.6632380952380954
            ],
            [
              37.2405,
              -2.6616904761904765
            ],
            [
              37.2389375,
              -2.6616904761904765
            ],
            [
              37.2389375,
              -2.6632380952380954
            ]
          ]
        ]
      }
    },
    {
      "type": "Feature",
      "properties": {
        "cellId": "s1-change-26-1",
        "category": "possible_change",
        "beforeProbability": 0.499,
        "duringProbability": 0,
        "recoveryProbability": 0,
        "deltaDuringBefore": -0.499,
        "deltaRecoveryDuring": 0,
        "method": "sentinel1-window-change-v0"
      },
      "geometry": {
        "type": "Polygon",
        "coordinates": [
          [
            [
              37.2295625,
              -2.6647857142857143
            ],
            [
              37.231125,
              -2.6647857142857143
            ],
            [
              37.231125,
              -2.6632380952380954
            ],
            [
              37.2295625,
              -2.6632380952380954
            ],
            [
              37.2295625,
              -2.6647857142857143
            ]
          ]
        ]
      }
    },
    {
      "type": "Feature",
      "properties": {
        "cellId": "s1-change-26-2",
        "category": "possible_change",
        "beforeProbability": 0.508,
        "duringProbability": 0,
        "recoveryProbability": 0,
        "deltaDuringBefore": -0.508,
        "deltaRecoveryDuring": 0,
        "method": "sentinel1-window-change-v0"
      },
      "geometry": {
        "type": "Polygon",
        "coordinates": [
          [
            [
              37.231125,
              -2.6647857142857143
            ],
            [
              37.232687500000004,
              -2.6647857142857143
            ],
            [
              37.232687500000004,
              -2.6632380952380954
            ],
            [
              37.231125,
              -2.6632380952380954
            ],
            [
              37.231125,
              -2.6647857142857143
            ]
          ]
        ]
      }
    },
    {
      "type": "Feature",
      "properties": {
        "cellId": "s1-change-26-23",
        "category": "possible_change",
        "beforeProbability": 0,
        "duringProbability": 0,
        "recoveryProbability": 0.533,
        "deltaDuringBefore": 0,
        "deltaRecoveryDuring": 0.533,
        "method": "sentinel1-window-change-v0"
      },
      "geometry": {
        "type": "Polygon",
        "coordinates": [
          [
            [
              37.2639375,
              -2.6647857142857143
            ],
            [
              37.2655,
              -2.6647857142857143
            ],
            [
              37.2655,
              -2.6632380952380954
            ],
            [
              37.2639375,
              -2.6632380952380954
            ],
            [
              37.2639375,
              -2.6647857142857143
            ]
          ]
        ]
      }
    },
    {
      "type": "Feature",
      "properties": {
        "cellId": "s1-change-26-3",
        "category": "possible_change",
        "beforeProbability": 0.522,
        "duringProbability": 0,
        "recoveryProbability": 0,
        "deltaDuringBefore": -0.522,
        "deltaRecoveryDuring": 0,
        "method": "sentinel1-window-change-v0"
      },
      "geometry": {
        "type": "Polygon",
        "coordinates": [
          [
            [
              37.232687500000004,
              -2.6647857142857143
            ],
            [
              37.23425,
              -2.6647857142857143
            ],
            [
              37.23425,
              -2.6632380952380954
            ],
            [
              37.232687500000004,
              -2.6632380952380954
            ],
            [
              37.232687500000004,
              -2.6647857142857143
            ]
          ]
        ]
      }
    },
    {
      "type": "Feature",
      "properties": {
        "cellId": "s1-change-26-4",
        "category": "possible_change",
        "beforeProbability": 0.591,
        "duringProbability": 0,
        "recoveryProbability": 0,
        "deltaDuringBefore": -0.591,
        "deltaRecoveryDuring": 0,
        "method": "sentinel1-window-change-v0"
      },
      "geometry": {
        "type": "Polygon",
        "coordinates": [
          [
            [
              37.23425,
              -2.6647857142857143
            ],
            [
              37.2358125,
              -2.6647857142857143
            ],
            [
              37.2358125,
              -2.6632380952380954
            ],
            [
              37.23425,
              -2.6632380952380954
            ],
            [
              37.23425,
              -2.6647857142857143
            ]
          ]
        ]
      }
    },
    {
      "type": "Feature",
      "properties": {
        "cellId": "s1-change-26-8",
        "category": "possible_change",
        "beforeProbability": 0.465,
        "duringProbability": 0,
        "recoveryProbability": 0,
        "deltaDuringBefore": -0.465,
        "deltaRecoveryDuring": 0,
        "method": "sentinel1-window-change-v0"
      },
      "geometry": {
        "type": "Polygon",
        "coordinates": [
          [
            [
              37.2405,
              -2.6647857142857143
            ],
            [
              37.2420625,
              -2.6647857142857143
            ],
            [
              37.2420625,
              -2.6632380952380954
            ],
            [
              37.2405,
              -2.6632380952380954
            ],
            [
              37.2405,
              -2.6647857142857143
            ]
          ]
        ]
      }
    },
    {
      "type": "Feature",
      "properties": {
        "cellId": "s1-change-27-22",
        "category": "possible_change",
        "beforeProbability": 0,
        "duringProbability": 0,
        "recoveryProbability": 0.457,
        "deltaDuringBefore": 0,
        "deltaRecoveryDuring": 0.457,
        "method": "sentinel1-window-change-v0"
      },
      "geometry": {
        "type": "Polygon",
        "coordinates": [
          [
            [
              37.262375,
              -2.6663333333333337
            ],
            [
              37.2639375,
              -2.6663333333333337
            ],
            [
              37.2639375,
              -2.6647857142857143
            ],
            [
              37.262375,
              -2.6647857142857143
            ],
            [
              37.262375,
              -2.6663333333333337
            ]
          ]
        ]
      }
    },
    {
      "type": "Feature",
      "properties": {
        "cellId": "s1-change-27-23",
        "category": "possible_change",
        "beforeProbability": 0,
        "duringProbability": 0.544,
        "recoveryProbability": 0.578,
        "deltaDuringBefore": 0.544,
        "deltaRecoveryDuring": 0.034,
        "method": "sentinel1-window-change-v0"
      },
      "geometry": {
        "type": "Polygon",
        "coordinates": [
          [
            [
              37.2639375,
              -2.6663333333333337
            ],
            [
              37.2655,
              -2.6663333333333337
            ],
            [
              37.2655,
              -2.6647857142857143
            ],
            [
              37.2639375,
              -2.6647857142857143
            ],
            [
              37.2639375,
              -2.6663333333333337
            ]
          ]
        ]
      }
    },
    {
      "type": "Feature",
      "properties": {
        "cellId": "s1-change-27-24",
        "category": "possible_change",
        "beforeProbability": 0,
        "duringProbability": 0.502,
        "recoveryProbability": 0,
        "deltaDuringBefore": 0.502,
        "deltaRecoveryDuring": -0.502,
        "method": "sentinel1-window-change-v0"
      },
      "geometry": {
        "type": "Polygon",
        "coordinates": [
          [
            [
              37.2655,
              -2.6663333333333337
            ],
            [
              37.2670625,
              -2.6663333333333337
            ],
            [
              37.2670625,
              -2.6647857142857143
            ],
            [
              37.2655,
              -2.6647857142857143
            ],
            [
              37.2655,
              -2.6663333333333337
            ]
          ]
        ]
      }
    },
    {
      "type": "Feature",
      "properties": {
        "cellId": "s1-change-27-3",
        "category": "possible_change",
        "beforeProbability": 0.595,
        "duringProbability": 0,
        "recoveryProbability": 0,
        "deltaDuringBefore": -0.595,
        "deltaRecoveryDuring": 0,
        "method": "sentinel1-window-change-v0"
      },
      "geometry": {
        "type": "Polygon",
        "coordinates": [
          [
            [
              37.232687500000004,
              -2.6663333333333337
            ],
            [
              37.23425,
              -2.6663333333333337
            ],
            [
              37.23425,
              -2.6647857142857143
            ],
            [
              37.232687500000004,
              -2.6647857142857143
            ],
            [
              37.232687500000004,
              -2.6663333333333337
            ]
          ]
        ]
      }
    },
    {
      "type": "Feature",
      "properties": {
        "cellId": "s1-change-27-4",
        "category": "possible_change",
        "beforeProbability": 0.591,
        "duringProbability": 0,
        "recoveryProbability": 0,
        "deltaDuringBefore": -0.591,
        "deltaRecoveryDuring": 0,
        "method": "sentinel1-window-change-v0"
      },
      "geometry": {
        "type": "Polygon",
        "coordinates": [
          [
            [
              37.23425,
              -2.6663333333333337
            ],
            [
              37.2358125,
              -2.6663333333333337
            ],
            [
              37.2358125,
              -2.6647857142857143
            ],
            [
              37.23425,
              -2.6647857142857143
            ],
            [
              37.23425,
              -2.6663333333333337
            ]
          ]
        ]
      }
    },
    {
      "type": "Feature",
      "properties": {
        "cellId": "s1-change-27-5",
        "category": "possible_change",
        "beforeProbability": 0.55,
        "duringProbability": 0,
        "recoveryProbability": 0,
        "deltaDuringBefore": -0.55,
        "deltaRecoveryDuring": 0,
        "method": "sentinel1-window-change-v0"
      },
      "geometry": {
        "type": "Polygon",
        "coordinates": [
          [
            [
              37.2358125,
              -2.6663333333333337
            ],
            [
              37.237375,
              -2.6663333333333337
            ],
            [
              37.237375,
              -2.6647857142857143
            ],
            [
              37.2358125,
              -2.6647857142857143
            ],
            [
              37.2358125,
              -2.6663333333333337
            ]
          ]
        ]
      }
    },
    {
      "type": "Feature",
      "properties": {
        "cellId": "s1-change-27-8",
        "category": "possible_change",
        "beforeProbability": 0.451,
        "duringProbability": 0,
        "recoveryProbability": 0,
        "deltaDuringBefore": -0.451,
        "deltaRecoveryDuring": 0,
        "method": "sentinel1-window-change-v0"
      },
      "geometry": {
        "type": "Polygon",
        "coordinates": [
          [
            [
              37.2405,
              -2.6663333333333337
            ],
            [
              37.2420625,
              -2.6663333333333337
            ],
            [
              37.2420625,
              -2.6647857142857143
            ],
            [
              37.2405,
              -2.6647857142857143
            ],
            [
              37.2405,
              -2.6663333333333337
            ]
          ]
        ]
      }
    },
    {
      "type": "Feature",
      "properties": {
        "cellId": "s1-change-28-2",
        "category": "possible_change",
        "beforeProbability": 0.502,
        "duringProbability": 0,
        "recoveryProbability": 0,
        "deltaDuringBefore": -0.502,
        "deltaRecoveryDuring": 0,
        "method": "sentinel1-window-change-v0"
      },
      "geometry": {
        "type": "Polygon",
        "coordinates": [
          [
            [
              37.231125,
              -2.6678809523809526
            ],
            [
              37.232687500000004,
              -2.6678809523809526
            ],
            [
              37.232687500000004,
              -2.6663333333333337
            ],
            [
              37.231125,
              -2.6663333333333337
            ],
            [
              37.231125,
              -2.6678809523809526
            ]
          ]
        ]
      }
    },
    {
      "type": "Feature",
      "properties": {
        "cellId": "s1-change-28-3",
        "category": "possible_change",
        "beforeProbability": 0.61,
        "duringProbability": 0,
        "recoveryProbability": 0,
        "deltaDuringBefore": -0.61,
        "deltaRecoveryDuring": 0,
        "method": "sentinel1-window-change-v0"
      },
      "geometry": {
        "type": "Polygon",
        "coordinates": [
          [
            [
              37.232687500000004,
              -2.6678809523809526
            ],
            [
              37.23425,
              -2.6678809523809526
            ],
            [
              37.23425,
              -2.6663333333333337
            ],
            [
              37.232687500000004,
              -2.6663333333333337
            ],
            [
              37.232687500000004,
              -2.6678809523809526
            ]
          ]
        ]
      }
    },
    {
      "type": "Feature",
      "properties": {
        "cellId": "s1-change-28-4",
        "category": "possible_change",
        "beforeProbability": 0.528,
        "duringProbability": 0,
        "recoveryProbability": 0,
        "deltaDuringBefore": -0.528,
        "deltaRecoveryDuring": 0,
        "method": "sentinel1-window-change-v0"
      },
      "geometry": {
        "type": "Polygon",
        "coordinates": [
          [
            [
              37.23425,
              -2.6678809523809526
            ],
            [
              37.2358125,
              -2.6678809523809526
            ],
            [
              37.2358125,
              -2.6663333333333337
            ],
            [
              37.23425,
              -2.6663333333333337
            ],
            [
              37.23425,
              -2.6678809523809526
            ]
          ]
        ]
      }
    },
    {
      "type": "Feature",
      "properties": {
        "cellId": "s1-change-28-5",
        "category": "possible_change",
        "beforeProbability": 0.552,
        "duringProbability": 0,
        "recoveryProbability": 0,
        "deltaDuringBefore": -0.552,
        "deltaRecoveryDuring": 0,
        "method": "sentinel1-window-change-v0"
      },
      "geometry": {
        "type": "Polygon",
        "coordinates": [
          [
            [
              37.2358125,
              -2.6678809523809526
            ],
            [
              37.237375,
              -2.6678809523809526
            ],
            [
              37.237375,
              -2.6663333333333337
            ],
            [
              37.2358125,
              -2.6663333333333337
            ],
            [
              37.2358125,
              -2.6678809523809526
            ]
          ]
        ]
      }
    },
    {
      "type": "Feature",
      "properties": {
        "cellId": "s1-change-28-6",
        "category": "possible_change",
        "beforeProbability": 0.541,
        "duringProbability": 0,
        "recoveryProbability": 0,
        "deltaDuringBefore": -0.541,
        "deltaRecoveryDuring": 0,
        "method": "sentinel1-window-change-v0"
      },
      "geometry": {
        "type": "Polygon",
        "coordinates": [
          [
            [
              37.237375,
              -2.6678809523809526
            ],
            [
              37.2389375,
              -2.6678809523809526
            ],
            [
              37.2389375,
              -2.6663333333333337
            ],
            [
              37.237375,
              -2.6663333333333337
            ],
            [
              37.237375,
              -2.6678809523809526
            ]
          ]
        ]
      }
    },
    {
      "type": "Feature",
      "properties": {
        "cellId": "s1-change-29-0",
        "category": "possible_change",
        "beforeProbability": 0.497,
        "duringProbability": 0,
        "recoveryProbability": 0,
        "deltaDuringBefore": -0.497,
        "deltaRecoveryDuring": 0,
        "method": "sentinel1-window-change-v0"
      },
      "geometry": {
        "type": "Polygon",
        "coordinates": [
          [
            [
              37.228,
              -2.6694285714285715
            ],
            [
              37.2295625,
              -2.6694285714285715
            ],
            [
              37.2295625,
              -2.6678809523809526
            ],
            [
              37.228,
              -2.6678809523809526
            ],
            [
              37.228,
              -2.6694285714285715
            ]
          ]
        ]
      }
    },
    {
      "type": "Feature",
      "properties": {
        "cellId": "s1-change-29-21",
        "category": "possible_change",
        "beforeProbability": 0,
        "duringProbability": 0.557,
        "recoveryProbability": 0,
        "deltaDuringBefore": 0.557,
        "deltaRecoveryDuring": -0.557,
        "method": "sentinel1-window-change-v0"
      },
      "geometry": {
        "type": "Polygon",
        "coordinates": [
          [
            [
              37.2608125,
              -2.6694285714285715
            ],
            [
              37.262375,
              -2.6694285714285715
            ],
            [
              37.262375,
              -2.6678809523809526
            ],
            [
              37.2608125,
              -2.6678809523809526
            ],
            [
              37.2608125,
              -2.6694285714285715
            ]
          ]
        ]
      }
    },
    {
      "type": "Feature",
      "properties": {
        "cellId": "s1-change-29-3",
        "category": "possible_change",
        "beforeProbability": 0.501,
        "duringProbability": 0,
        "recoveryProbability": 0,
        "deltaDuringBefore": -0.501,
        "deltaRecoveryDuring": 0,
        "method": "sentinel1-window-change-v0"
      },
      "geometry": {
        "type": "Polygon",
        "coordinates": [
          [
            [
              37.232687500000004,
              -2.6694285714285715
            ],
            [
              37.23425,
              -2.6694285714285715
            ],
            [
              37.23425,
              -2.6678809523809526
            ],
            [
              37.232687500000004,
              -2.6678809523809526
            ],
            [
              37.232687500000004,
              -2.6694285714285715
            ]
          ]
        ]
      }
    },
    {
      "type": "Feature",
      "properties": {
        "cellId": "s1-change-29-4",
        "category": "possible_change",
        "beforeProbability": 0.558,
        "duringProbability": 0,
        "recoveryProbability": 0,
        "deltaDuringBefore": -0.558,
        "deltaRecoveryDuring": 0,
        "method": "sentinel1-window-change-v0"
      },
      "geometry": {
        "type": "Polygon",
        "coordinates": [
          [
            [
              37.23425,
              -2.6694285714285715
            ],
            [
              37.2358125,
              -2.6694285714285715
            ],
            [
              37.2358125,
              -2.6678809523809526
            ],
            [
              37.23425,
              -2.6678809523809526
            ],
            [
              37.23425,
              -2.6694285714285715
            ]
          ]
        ]
      }
    },
    {
      "type": "Feature",
      "properties": {
        "cellId": "s1-change-30-17",
        "category": "possible_change",
        "beforeProbability": 0.468,
        "duringProbability": 0.458,
        "recoveryProbability": 0,
        "deltaDuringBefore": -0.01,
        "deltaRecoveryDuring": -0.458,
        "method": "sentinel1-window-change-v0"
      },
      "geometry": {
        "type": "Polygon",
        "coordinates": [
          [
            [
              37.2545625,
              -2.670976190476191
            ],
            [
              37.256125,
              -2.670976190476191
            ],
            [
              37.256125,
              -2.6694285714285715
            ],
            [
              37.2545625,
              -2.6694285714285715
            ],
            [
              37.2545625,
              -2.670976190476191
            ]
          ]
        ]
      }
    },
    {
      "type": "Feature",
      "properties": {
        "cellId": "s1-change-30-20",
        "category": "possible_change",
        "beforeProbability": 0.524,
        "duringProbability": 0.548,
        "recoveryProbability": 0.468,
        "deltaDuringBefore": 0.024,
        "deltaRecoveryDuring": -0.08,
        "method": "sentinel1-window-change-v0"
      },
      "geometry": {
        "type": "Polygon",
        "coordinates": [
          [
            [
              37.25925,
              -2.670976190476191
            ],
            [
              37.2608125,
              -2.670976190476191
            ],
            [
              37.2608125,
              -2.6694285714285715
            ],
            [
              37.25925,
              -2.6694285714285715
            ],
            [
              37.25925,
              -2.670976190476191
            ]
          ]
        ]
      }
    },
    {
      "type": "Feature",
      "properties": {
        "cellId": "s1-change-30-21",
        "category": "possible_change",
        "beforeProbability": 0.572,
        "duringProbability": 0.629,
        "recoveryProbability": 0.689,
        "deltaDuringBefore": 0.057,
        "deltaRecoveryDuring": 0.06,
        "method": "sentinel1-window-change-v0"
      },
      "geometry": {
        "type": "Polygon",
        "coordinates": [
          [
            [
              37.2608125,
              -2.670976190476191
            ],
            [
              37.262375,
              -2.670976190476191
            ],
            [
              37.262375,
              -2.6694285714285715
            ],
            [
              37.2608125,
              -2.6694285714285715
            ],
            [
              37.2608125,
              -2.670976190476191
            ]
          ]
        ]
      }
    },
    {
      "type": "Feature",
      "properties": {
        "cellId": "s1-change-30-22",
        "category": "possible_change",
        "beforeProbability": 0,
        "duringProbability": 0,
        "recoveryProbability": 0.48,
        "deltaDuringBefore": 0,
        "deltaRecoveryDuring": 0.48,
        "method": "sentinel1-window-change-v0"
      },
      "geometry": {
        "type": "Polygon",
        "coordinates": [
          [
            [
              37.262375,
              -2.670976190476191
            ],
            [
              37.2639375,
              -2.670976190476191
            ],
            [
              37.2639375,
              -2.6694285714285715
            ],
            [
              37.262375,
              -2.6694285714285715
            ],
            [
              37.262375,
              -2.670976190476191
            ]
          ]
        ]
      }
    },
    {
      "type": "Feature",
      "properties": {
        "cellId": "s1-change-30-23",
        "category": "possible_change",
        "beforeProbability": 0,
        "duringProbability": 0,
        "recoveryProbability": 0.453,
        "deltaDuringBefore": 0,
        "deltaRecoveryDuring": 0.453,
        "method": "sentinel1-window-change-v0"
      },
      "geometry": {
        "type": "Polygon",
        "coordinates": [
          [
            [
              37.2639375,
              -2.670976190476191
            ],
            [
              37.2655,
              -2.670976190476191
            ],
            [
              37.2655,
              -2.6694285714285715
            ],
            [
              37.2639375,
              -2.6694285714285715
            ],
            [
              37.2639375,
              -2.670976190476191
            ]
          ]
        ]
      }
    },
    {
      "type": "Feature",
      "properties": {
        "cellId": "s1-change-30-3",
        "category": "possible_change",
        "beforeProbability": 0.592,
        "duringProbability": 0,
        "recoveryProbability": 0,
        "deltaDuringBefore": -0.592,
        "deltaRecoveryDuring": 0,
        "method": "sentinel1-window-change-v0"
      },
      "geometry": {
        "type": "Polygon",
        "coordinates": [
          [
            [
              37.232687500000004,
              -2.670976190476191
            ],
            [
              37.23425,
              -2.670976190476191
            ],
            [
              37.23425,
              -2.6694285714285715
            ],
            [
              37.232687500000004,
              -2.6694285714285715
            ],
            [
              37.232687500000004,
              -2.670976190476191
            ]
          ]
        ]
      }
    },
    {
      "type": "Feature",
      "properties": {
        "cellId": "s1-change-30-34",
        "category": "possible_change",
        "beforeProbability": 0,
        "duringProbability": 0,
        "recoveryProbability": 0.457,
        "deltaDuringBefore": 0,
        "deltaRecoveryDuring": 0.457,
        "method": "sentinel1-window-change-v0"
      },
      "geometry": {
        "type": "Polygon",
        "coordinates": [
          [
            [
              37.281124999999996,
              -2.670976190476191
            ],
            [
              37.2826875,
              -2.670976190476191
            ],
            [
              37.2826875,
              -2.6694285714285715
            ],
            [
              37.281124999999996,
              -2.6694285714285715
            ],
            [
              37.281124999999996,
              -2.670976190476191
            ]
          ]
        ]
      }
    },
    {
      "type": "Feature",
      "properties": {
        "cellId": "s1-change-30-4",
        "category": "possible_change",
        "beforeProbability": 0.594,
        "duringProbability": 0.497,
        "recoveryProbability": 0,
        "deltaDuringBefore": -0.097,
        "deltaRecoveryDuring": -0.497,
        "method": "sentinel1-window-change-v0"
      },
      "geometry": {
        "type": "Polygon",
        "coordinates": [
          [
            [
              37.23425,
              -2.670976190476191
            ],
            [
              37.2358125,
              -2.670976190476191
            ],
            [
              37.2358125,
              -2.6694285714285715
            ],
            [
              37.23425,
              -2.6694285714285715
            ],
            [
              37.23425,
              -2.670976190476191
            ]
          ]
        ]
      }
    },
    {
      "type": "Feature",
      "properties": {
        "cellId": "s1-change-31-2",
        "category": "possible_change",
        "beforeProbability": 0.622,
        "duringProbability": 0,
        "recoveryProbability": 0,
        "deltaDuringBefore": -0.622,
        "deltaRecoveryDuring": 0,
        "method": "sentinel1-window-change-v0"
      },
      "geometry": {
        "type": "Polygon",
        "coordinates": [
          [
            [
              37.231125,
              -2.6725238095238097
            ],
            [
              37.232687500000004,
              -2.6725238095238097
            ],
            [
              37.232687500000004,
              -2.670976190476191
            ],
            [
              37.231125,
              -2.670976190476191
            ],
            [
              37.231125,
              -2.6725238095238097
            ]
          ]
        ]
      }
    },
    {
      "type": "Feature",
      "properties": {
        "cellId": "s1-change-31-20",
        "category": "residual_or_later_water",
        "beforeProbability": 0.608,
        "duringProbability": 0.614,
        "recoveryProbability": 0.712,
        "deltaDuringBefore": 0.006,
        "deltaRecoveryDuring": 0.098,
        "method": "sentinel1-window-change-v0"
      },
      "geometry": {
        "type": "Polygon",
        "coordinates": [
          [
            [
              37.25925,
              -2.6725238095238097
            ],
            [
              37.2608125,
              -2.6725238095238097
            ],
            [
              37.2608125,
              -2.670976190476191
            ],
            [
              37.25925,
              -2.670976190476191
            ],
            [
              37.25925,
              -2.6725238095238097
            ]
          ]
        ]
      }
    },
    {
      "type": "Feature",
      "properties": {
        "cellId": "s1-change-31-21",
        "category": "possible_change",
        "beforeProbability": 0.596,
        "duringProbability": 0.676,
        "recoveryProbability": 0.82,
        "deltaDuringBefore": 0.08,
        "deltaRecoveryDuring": 0.144,
        "method": "sentinel1-window-change-v0"
      },
      "geometry": {
        "type": "Polygon",
        "coordinates": [
          [
            [
              37.2608125,
              -2.6725238095238097
            ],
            [
              37.262375,
              -2.6725238095238097
            ],
            [
              37.262375,
              -2.670976190476191
            ],
            [
              37.2608125,
              -2.670976190476191
            ],
            [
              37.2608125,
              -2.6725238095238097
            ]
          ]
        ]
      }
    },
    {
      "type": "Feature",
      "properties": {
        "cellId": "s1-change-31-22",
        "category": "possible_change",
        "beforeProbability": 0.475,
        "duringProbability": 0.562,
        "recoveryProbability": 0.606,
        "deltaDuringBefore": 0.087,
        "deltaRecoveryDuring": 0.044,
        "method": "sentinel1-window-change-v0"
      },
      "geometry": {
        "type": "Polygon",
        "coordinates": [
          [
            [
              37.262375,
              -2.6725238095238097
            ],
            [
              37.2639375,
              -2.6725238095238097
            ],
            [
              37.2639375,
              -2.670976190476191
            ],
            [
              37.262375,
              -2.670976190476191
            ],
            [
              37.262375,
              -2.6725238095238097
            ]
          ]
        ]
      }
    },
    {
      "type": "Feature",
      "properties": {
        "cellId": "s1-change-31-23",
        "category": "possible_change",
        "beforeProbability": 0,
        "duringProbability": 0,
        "recoveryProbability": 0.579,
        "deltaDuringBefore": 0,
        "deltaRecoveryDuring": 0.579,
        "method": "sentinel1-window-change-v0"
      },
      "geometry": {
        "type": "Polygon",
        "coordinates": [
          [
            [
              37.2639375,
              -2.6725238095238097
            ],
            [
              37.2655,
              -2.6725238095238097
            ],
            [
              37.2655,
              -2.670976190476191
            ],
            [
              37.2639375,
              -2.670976190476191
            ],
            [
              37.2639375,
              -2.6725238095238097
            ]
          ]
        ]
      }
    },
    {
      "type": "Feature",
      "properties": {
        "cellId": "s1-change-31-24",
        "category": "possible_change",
        "beforeProbability": 0,
        "duringProbability": 0,
        "recoveryProbability": 0.478,
        "deltaDuringBefore": 0,
        "deltaRecoveryDuring": 0.478,
        "method": "sentinel1-window-change-v0"
      },
      "geometry": {
        "type": "Polygon",
        "coordinates": [
          [
            [
              37.2655,
              -2.6725238095238097
            ],
            [
              37.2670625,
              -2.6725238095238097
            ],
            [
              37.2670625,
              -2.670976190476191
            ],
            [
              37.2655,
              -2.670976190476191
            ],
            [
              37.2655,
              -2.6725238095238097
            ]
          ]
        ]
      }
    },
    {
      "type": "Feature",
      "properties": {
        "cellId": "s1-change-31-25",
        "category": "possible_change",
        "beforeProbability": 0,
        "duringProbability": 0,
        "recoveryProbability": 0.453,
        "deltaDuringBefore": 0,
        "deltaRecoveryDuring": 0.453,
        "method": "sentinel1-window-change-v0"
      },
      "geometry": {
        "type": "Polygon",
        "coordinates": [
          [
            [
              37.2670625,
              -2.6725238095238097
            ],
            [
              37.268625,
              -2.6725238095238097
            ],
            [
              37.268625,
              -2.670976190476191
            ],
            [
              37.2670625,
              -2.670976190476191
            ],
            [
              37.2670625,
              -2.6725238095238097
            ]
          ]
        ]
      }
    },
    {
      "type": "Feature",
      "properties": {
        "cellId": "s1-change-31-3",
        "category": "persistent_water",
        "beforeProbability": 0.637,
        "duringProbability": 0.628,
        "recoveryProbability": 0.484,
        "deltaDuringBefore": -0.009,
        "deltaRecoveryDuring": -0.144,
        "method": "sentinel1-window-change-v0"
      },
      "geometry": {
        "type": "Polygon",
        "coordinates": [
          [
            [
              37.232687500000004,
              -2.6725238095238097
            ],
            [
              37.23425,
              -2.6725238095238097
            ],
            [
              37.23425,
              -2.670976190476191
            ],
            [
              37.232687500000004,
              -2.670976190476191
            ],
            [
              37.232687500000004,
              -2.6725238095238097
            ]
          ]
        ]
      }
    },
    {
      "type": "Feature",
      "properties": {
        "cellId": "s1-change-31-4",
        "category": "possible_change",
        "beforeProbability": 0.608,
        "duringProbability": 0,
        "recoveryProbability": 0,
        "deltaDuringBefore": -0.608,
        "deltaRecoveryDuring": 0,
        "method": "sentinel1-window-change-v0"
      },
      "geometry": {
        "type": "Polygon",
        "coordinates": [
          [
            [
              37.23425,
              -2.6725238095238097
            ],
            [
              37.2358125,
              -2.6725238095238097
            ],
            [
              37.2358125,
              -2.670976190476191
            ],
            [
              37.23425,
              -2.670976190476191
            ],
            [
              37.23425,
              -2.6725238095238097
            ]
          ]
        ]
      }
    },
    {
      "type": "Feature",
      "properties": {
        "cellId": "s1-change-32-0",
        "category": "possible_change",
        "beforeProbability": 0.525,
        "duringProbability": 0,
        "recoveryProbability": 0,
        "deltaDuringBefore": -0.525,
        "deltaRecoveryDuring": 0,
        "method": "sentinel1-window-change-v0"
      },
      "geometry": {
        "type": "Polygon",
        "coordinates": [
          [
            [
              37.228,
              -2.6740714285714287
            ],
            [
              37.2295625,
              -2.6740714285714287
            ],
            [
              37.2295625,
              -2.6725238095238097
            ],
            [
              37.228,
              -2.6725238095238097
            ],
            [
              37.228,
              -2.6740714285714287
            ]
          ]
        ]
      }
    },
    {
      "type": "Feature",
      "properties": {
        "cellId": "s1-change-32-16",
        "category": "possible_change",
        "beforeProbability": 0.521,
        "duringProbability": 0,
        "recoveryProbability": 0.478,
        "deltaDuringBefore": -0.521,
        "deltaRecoveryDuring": 0.478,
        "method": "sentinel1-window-change-v0"
      },
      "geometry": {
        "type": "Polygon",
        "coordinates": [
          [
            [
              37.253,
              -2.6740714285714287
            ],
            [
              37.2545625,
              -2.6740714285714287
            ],
            [
              37.2545625,
              -2.6725238095238097
            ],
            [
              37.253,
              -2.6725238095238097
            ],
            [
              37.253,
              -2.6740714285714287
            ]
          ]
        ]
      }
    },
    {
      "type": "Feature",
      "properties": {
        "cellId": "s1-change-32-19",
        "category": "possible_change",
        "beforeProbability": 0.512,
        "duringProbability": 0.487,
        "recoveryProbability": 0.516,
        "deltaDuringBefore": -0.025,
        "deltaRecoveryDuring": 0.029,
        "method": "sentinel1-window-change-v0"
      },
      "geometry": {
        "type": "Polygon",
        "coordinates": [
          [
            [
              37.2576875,
              -2.6740714285714287
            ],
            [
              37.25925,
              -2.6740714285714287
            ],
            [
              37.25925,
              -2.6725238095238097
            ],
            [
              37.2576875,
              -2.6725238095238097
            ],
            [
              37.2576875,
              -2.6740714285714287
            ]
          ]
        ]
      }
    },
    {
      "type": "Feature",
      "properties": {
        "cellId": "s1-change-32-2",
        "category": "possible_change",
        "beforeProbability": 0.59,
        "duringProbability": 0,
        "recoveryProbability": 0,
        "deltaDuringBefore": -0.59,
        "deltaRecoveryDuring": 0,
        "method": "sentinel1-window-change-v0"
      },
      "geometry": {
        "type": "Polygon",
        "coordinates": [
          [
            [
              37.231125,
              -2.6740714285714287
            ],
            [
              37.232687500000004,
              -2.6740714285714287
            ],
            [
              37.232687500000004,
              -2.6725238095238097
            ],
            [
              37.231125,
              -2.6725238095238097
            ],
            [
              37.231125,
              -2.6740714285714287
            ]
          ]
        ]
      }
    },
    {
      "type": "Feature",
      "properties": {
        "cellId": "s1-change-32-20",
        "category": "persistent_water",
        "beforeProbability": 0.642,
        "duringProbability": 0.808,
        "recoveryProbability": 0.765,
        "deltaDuringBefore": 0.166,
        "deltaRecoveryDuring": -0.043,
        "method": "sentinel1-window-change-v0"
      },
      "geometry": {
        "type": "Polygon",
        "coordinates": [
          [
            [
              37.25925,
              -2.6740714285714287
            ],
            [
              37.2608125,
              -2.6740714285714287
            ],
            [
              37.2608125,
              -2.6725238095238097
            ],
            [
              37.25925,
              -2.6725238095238097
            ],
            [
              37.25925,
              -2.6740714285714287
            ]
          ]
        ]
      }
    },
    {
      "type": "Feature",
      "properties": {
        "cellId": "s1-change-32-21",
        "category": "possible_change",
        "beforeProbability": 0.577,
        "duringProbability": 0.682,
        "recoveryProbability": 0.795,
        "deltaDuringBefore": 0.105,
        "deltaRecoveryDuring": 0.113,
        "method": "sentinel1-window-change-v0"
      },
      "geometry": {
        "type": "Polygon",
        "coordinates": [
          [
            [
              37.2608125,
              -2.6740714285714287
            ],
            [
              37.262375,
              -2.6740714285714287
            ],
            [
              37.262375,
              -2.6725238095238097
            ],
            [
              37.2608125,
              -2.6725238095238097
            ],
            [
              37.2608125,
              -2.6740714285714287
            ]
          ]
        ]
      }
    },
    {
      "type": "Feature",
      "properties": {
        "cellId": "s1-change-32-22",
        "category": "newly_flooded",
        "beforeProbability": 0,
        "duringProbability": 0.68,
        "recoveryProbability": 0.771,
        "deltaDuringBefore": 0.68,
        "deltaRecoveryDuring": 0.091,
        "method": "sentinel1-window-change-v0"
      },
      "geometry": {
        "type": "Polygon",
        "coordinates": [
          [
            [
              37.262375,
              -2.6740714285714287
            ],
            [
              37.2639375,
              -2.6740714285714287
            ],
            [
              37.2639375,
              -2.6725238095238097
            ],
            [
              37.262375,
              -2.6725238095238097
            ],
            [
              37.262375,
              -2.6740714285714287
            ]
          ]
        ]
      }
    },
    {
      "type": "Feature",
      "properties": {
        "cellId": "s1-change-32-23",
        "category": "possible_change",
        "beforeProbability": 0,
        "duringProbability": 0.53,
        "recoveryProbability": 0.589,
        "deltaDuringBefore": 0.53,
        "deltaRecoveryDuring": 0.059,
        "method": "sentinel1-window-change-v0"
      },
      "geometry": {
        "type": "Polygon",
        "coordinates": [
          [
            [
              37.2639375,
              -2.6740714285714287
            ],
            [
              37.2655,
              -2.6740714285714287
            ],
            [
              37.2655,
              -2.6725238095238097
            ],
            [
              37.2639375,
              -2.6725238095238097
            ],
            [
              37.2639375,
              -2.6740714285714287
            ]
          ]
        ]
      }
    },
    {
      "type": "Feature",
      "properties": {
        "cellId": "s1-change-32-24",
        "category": "possible_change",
        "beforeProbability": 0,
        "duringProbability": 0,
        "recoveryProbability": 0.517,
        "deltaDuringBefore": 0,
        "deltaRecoveryDuring": 0.517,
        "method": "sentinel1-window-change-v0"
      },
      "geometry": {
        "type": "Polygon",
        "coordinates": [
          [
            [
              37.2655,
              -2.6740714285714287
            ],
            [
              37.2670625,
              -2.6740714285714287
            ],
            [
              37.2670625,
              -2.6725238095238097
            ],
            [
              37.2655,
              -2.6725238095238097
            ],
            [
              37.2655,
              -2.6740714285714287
            ]
          ]
        ]
      }
    },
    {
      "type": "Feature",
      "properties": {
        "cellId": "s1-change-32-3",
        "category": "possible_change",
        "beforeProbability": 0.558,
        "duringProbability": 0.503,
        "recoveryProbability": 0,
        "deltaDuringBefore": -0.055,
        "deltaRecoveryDuring": -0.503,
        "method": "sentinel1-window-change-v0"
      },
      "geometry": {
        "type": "Polygon",
        "coordinates": [
          [
            [
              37.232687500000004,
              -2.6740714285714287
            ],
            [
              37.23425,
              -2.6740714285714287
            ],
            [
              37.23425,
              -2.6725238095238097
            ],
            [
              37.232687500000004,
              -2.6725238095238097
            ],
            [
              37.232687500000004,
              -2.6740714285714287
            ]
          ]
        ]
      }
    },
    {
      "type": "Feature",
      "properties": {
        "cellId": "s1-change-33-0",
        "category": "possible_change",
        "beforeProbability": 0,
        "duringProbability": 0.471,
        "recoveryProbability": 0,
        "deltaDuringBefore": 0.471,
        "deltaRecoveryDuring": -0.471,
        "method": "sentinel1-window-change-v0"
      },
      "geometry": {
        "type": "Polygon",
        "coordinates": [
          [
            [
              37.228,
              -2.675619047619048
            ],
            [
              37.2295625,
              -2.675619047619048
            ],
            [
              37.2295625,
              -2.6740714285714287
            ],
            [
              37.228,
              -2.6740714285714287
            ],
            [
              37.228,
              -2.675619047619048
            ]
          ]
        ]
      }
    },
    {
      "type": "Feature",
      "properties": {
        "cellId": "s1-change-33-1",
        "category": "possible_change",
        "beforeProbability": 0.457,
        "duringProbability": 0,
        "recoveryProbability": 0,
        "deltaDuringBefore": -0.457,
        "deltaRecoveryDuring": 0,
        "method": "sentinel1-window-change-v0"
      },
      "geometry": {
        "type": "Polygon",
        "coordinates": [
          [
            [
              37.2295625,
              -2.675619047619048
            ],
            [
              37.231125,
              -2.675619047619048
            ],
            [
              37.231125,
              -2.6740714285714287
            ],
            [
              37.2295625,
              -2.6740714285714287
            ],
            [
              37.2295625,
              -2.675619047619048
            ]
          ]
        ]
      }
    },
    {
      "type": "Feature",
      "properties": {
        "cellId": "s1-change-33-16",
        "category": "possible_change",
        "beforeProbability": 0.532,
        "duringProbability": 0.505,
        "recoveryProbability": 0.515,
        "deltaDuringBefore": -0.027,
        "deltaRecoveryDuring": 0.01,
        "method": "sentinel1-window-change-v0"
      },
      "geometry": {
        "type": "Polygon",
        "coordinates": [
          [
            [
              37.253,
              -2.675619047619048
            ],
            [
              37.2545625,
              -2.675619047619048
            ],
            [
              37.2545625,
              -2.6740714285714287
            ],
            [
              37.253,
              -2.6740714285714287
            ],
            [
              37.253,
              -2.675619047619048
            ]
          ]
        ]
      }
    },
    {
      "type": "Feature",
      "properties": {
        "cellId": "s1-change-33-17",
        "category": "possible_change",
        "beforeProbability": 0.542,
        "duringProbability": 0,
        "recoveryProbability": 0,
        "deltaDuringBefore": -0.542,
        "deltaRecoveryDuring": 0,
        "method": "sentinel1-window-change-v0"
      },
      "geometry": {
        "type": "Polygon",
        "coordinates": [
          [
            [
              37.2545625,
              -2.675619047619048
            ],
            [
              37.256125,
              -2.675619047619048
            ],
            [
              37.256125,
              -2.6740714285714287
            ],
            [
              37.2545625,
              -2.6740714285714287
            ],
            [
              37.2545625,
              -2.675619047619048
            ]
          ]
        ]
      }
    },
    {
      "type": "Feature",
      "properties": {
        "cellId": "s1-change-33-19",
        "category": "possible_change",
        "beforeProbability": 0,
        "duringProbability": 0.479,
        "recoveryProbability": 0.547,
        "deltaDuringBefore": 0.479,
        "deltaRecoveryDuring": 0.068,
        "method": "sentinel1-window-change-v0"
      },
      "geometry": {
        "type": "Polygon",
        "coordinates": [
          [
            [
              37.2576875,
              -2.675619047619048
            ],
            [
              37.25925,
              -2.675619047619048
            ],
            [
              37.25925,
              -2.6740714285714287
            ],
            [
              37.2576875,
              -2.6740714285714287
            ],
            [
              37.2576875,
              -2.675619047619048
            ]
          ]
        ]
      }
    },
    {
      "type": "Feature",
      "properties": {
        "cellId": "s1-change-33-2",
        "category": "possible_change",
        "beforeProbability": 0.533,
        "duringProbability": 0,
        "recoveryProbability": 0,
        "deltaDuringBefore": -0.533,
        "deltaRecoveryDuring": 0,
        "method": "sentinel1-window-change-v0"
      },
      "geometry": {
        "type": "Polygon",
        "coordinates": [
          [
            [
              37.231125,
              -2.675619047619048
            ],
            [
              37.232687500000004,
              -2.675619047619048
            ],
            [
              37.232687500000004,
              -2.6740714285714287
            ],
            [
              37.231125,
              -2.6740714285714287
            ],
            [
              37.231125,
              -2.675619047619048
            ]
          ]
        ]
      }
    },
    {
      "type": "Feature",
      "properties": {
        "cellId": "s1-change-33-20",
        "category": "persistent_water",
        "beforeProbability": 0.655,
        "duringProbability": 0.824,
        "recoveryProbability": 0.802,
        "deltaDuringBefore": 0.169,
        "deltaRecoveryDuring": -0.022,
        "method": "sentinel1-window-change-v0"
      },
      "geometry": {
        "type": "Polygon",
        "coordinates": [
          [
            [
              37.25925,
              -2.675619047619048
            ],
            [
              37.2608125,
              -2.675619047619048
            ],
            [
              37.2608125,
              -2.6740714285714287
            ],
            [
              37.25925,
              -2.6740714285714287
            ],
            [
              37.25925,
              -2.675619047619048
            ]
          ]
        ]
      }
    },
    {
      "type": "Feature",
      "properties": {
        "cellId": "s1-change-33-21",
        "category": "residual_or_later_water",
        "beforeProbability": 0.462,
        "duringProbability": 0.618,
        "recoveryProbability": 0.756,
        "deltaDuringBefore": 0.156,
        "deltaRecoveryDuring": 0.138,
        "method": "sentinel1-window-change-v0"
      },
      "geometry": {
        "type": "Polygon",
        "coordinates": [
          [
            [
              37.2608125,
              -2.675619047619048
            ],
            [
              37.262375,
              -2.675619047619048
            ],
            [
              37.262375,
              -2.6740714285714287
            ],
            [
              37.2608125,
              -2.6740714285714287
            ],
            [
              37.2608125,
              -2.675619047619048
            ]
          ]
        ]
      }
    },
    {
      "type": "Feature",
      "properties": {
        "cellId": "s1-change-33-22",
        "category": "residual_or_later_water",
        "beforeProbability": 0,
        "duringProbability": 0.503,
        "recoveryProbability": 0.683,
        "deltaDuringBefore": 0.503,
        "deltaRecoveryDuring": 0.18,
        "method": "sentinel1-window-change-v0"
      },
      "geometry": {
        "type": "Polygon",
        "coordinates": [
          [
            [
              37.262375,
              -2.675619047619048
            ],
            [
              37.2639375,
              -2.675619047619048
            ],
            [
              37.2639375,
              -2.6740714285714287
            ],
            [
              37.262375,
              -2.6740714285714287
            ],
            [
              37.262375,
              -2.675619047619048
            ]
          ]
        ]
      }
    },
    {
      "type": "Feature",
      "properties": {
        "cellId": "s1-change-33-3",
        "category": "possible_change",
        "beforeProbability": 0.589,
        "duringProbability": 0,
        "recoveryProbability": 0,
        "deltaDuringBefore": -0.589,
        "deltaRecoveryDuring": 0,
        "method": "sentinel1-window-change-v0"
      },
      "geometry": {
        "type": "Polygon",
        "coordinates": [
          [
            [
              37.232687500000004,
              -2.675619047619048
            ],
            [
              37.23425,
              -2.675619047619048
            ],
            [
              37.23425,
              -2.6740714285714287
            ],
            [
              37.232687500000004,
              -2.6740714285714287
            ],
            [
              37.232687500000004,
              -2.675619047619048
            ]
          ]
        ]
      }
    },
    {
      "type": "Feature",
      "properties": {
        "cellId": "s1-change-34-1",
        "category": "possible_change",
        "beforeProbability": 0.567,
        "duringProbability": 0,
        "recoveryProbability": 0,
        "deltaDuringBefore": -0.567,
        "deltaRecoveryDuring": 0,
        "method": "sentinel1-window-change-v0"
      },
      "geometry": {
        "type": "Polygon",
        "coordinates": [
          [
            [
              37.2295625,
              -2.677166666666667
            ],
            [
              37.231125,
              -2.677166666666667
            ],
            [
              37.231125,
              -2.675619047619048
            ],
            [
              37.2295625,
              -2.675619047619048
            ],
            [
              37.2295625,
              -2.677166666666667
            ]
          ]
        ]
      }
    },
    {
      "type": "Feature",
      "properties": {
        "cellId": "s1-change-34-16",
        "category": "possible_change",
        "beforeProbability": 0.539,
        "duringProbability": 0,
        "recoveryProbability": 0,
        "deltaDuringBefore": -0.539,
        "deltaRecoveryDuring": 0,
        "method": "sentinel1-window-change-v0"
      },
      "geometry": {
        "type": "Polygon",
        "coordinates": [
          [
            [
              37.253,
              -2.677166666666667
            ],
            [
              37.2545625,
              -2.677166666666667
            ],
            [
              37.2545625,
              -2.675619047619048
            ],
            [
              37.253,
              -2.675619047619048
            ],
            [
              37.253,
              -2.677166666666667
            ]
          ]
        ]
      }
    },
    {
      "type": "Feature",
      "properties": {
        "cellId": "s1-change-34-17",
        "category": "possible_change",
        "beforeProbability": 0.524,
        "duringProbability": 0,
        "recoveryProbability": 0,
        "deltaDuringBefore": -0.524,
        "deltaRecoveryDuring": 0,
        "method": "sentinel1-window-change-v0"
      },
      "geometry": {
        "type": "Polygon",
        "coordinates": [
          [
            [
              37.2545625,
              -2.677166666666667
            ],
            [
              37.256125,
              -2.677166666666667
            ],
            [
              37.256125,
              -2.675619047619048
            ],
            [
              37.2545625,
              -2.675619047619048
            ],
            [
              37.2545625,
              -2.677166666666667
            ]
          ]
        ]
      }
    },
    {
      "type": "Feature",
      "properties": {
        "cellId": "s1-change-34-20",
        "category": "residual_or_later_water",
        "beforeProbability": 0,
        "duringProbability": 0.503,
        "recoveryProbability": 0.669,
        "deltaDuringBefore": 0.503,
        "deltaRecoveryDuring": 0.166,
        "method": "sentinel1-window-change-v0"
      },
      "geometry": {
        "type": "Polygon",
        "coordinates": [
          [
            [
              37.25925,
              -2.677166666666667
            ],
            [
              37.2608125,
              -2.677166666666667
            ],
            [
              37.2608125,
              -2.675619047619048
            ],
            [
              37.25925,
              -2.675619047619048
            ],
            [
              37.25925,
              -2.677166666666667
            ]
          ]
        ]
      }
    },
    {
      "type": "Feature",
      "properties": {
        "cellId": "s1-change-34-21",
        "category": "residual_or_later_water",
        "beforeProbability": 0,
        "duringProbability": 0,
        "recoveryProbability": 0.67,
        "deltaDuringBefore": 0,
        "deltaRecoveryDuring": 0.67,
        "method": "sentinel1-window-change-v0"
      },
      "geometry": {
        "type": "Polygon",
        "coordinates": [
          [
            [
              37.2608125,
              -2.677166666666667
            ],
            [
              37.262375,
              -2.677166666666667
            ],
            [
              37.262375,
              -2.675619047619048
            ],
            [
              37.2608125,
              -2.675619047619048
            ],
            [
              37.2608125,
              -2.677166666666667
            ]
          ]
        ]
      }
    },
    {
      "type": "Feature",
      "properties": {
        "cellId": "s1-change-35-1",
        "category": "possible_change",
        "beforeProbability": 0.495,
        "duringProbability": 0,
        "recoveryProbability": 0,
        "deltaDuringBefore": -0.495,
        "deltaRecoveryDuring": 0,
        "method": "sentinel1-window-change-v0"
      },
      "geometry": {
        "type": "Polygon",
        "coordinates": [
          [
            [
              37.2295625,
              -2.678714285714286
            ],
            [
              37.231125,
              -2.678714285714286
            ],
            [
              37.231125,
              -2.677166666666667
            ],
            [
              37.2295625,
              -2.677166666666667
            ],
            [
              37.2295625,
              -2.678714285714286
            ]
          ]
        ]
      }
    },
    {
      "type": "Feature",
      "properties": {
        "cellId": "s1-change-35-2",
        "category": "possible_change",
        "beforeProbability": 0.5,
        "duringProbability": 0.482,
        "recoveryProbability": 0,
        "deltaDuringBefore": -0.018,
        "deltaRecoveryDuring": -0.482,
        "method": "sentinel1-window-change-v0"
      },
      "geometry": {
        "type": "Polygon",
        "coordinates": [
          [
            [
              37.231125,
              -2.678714285714286
            ],
            [
              37.232687500000004,
              -2.678714285714286
            ],
            [
              37.232687500000004,
              -2.677166666666667
            ],
            [
              37.231125,
              -2.677166666666667
            ],
            [
              37.231125,
              -2.678714285714286
            ]
          ]
        ]
      }
    },
    {
      "type": "Feature",
      "properties": {
        "cellId": "s1-change-35-21",
        "category": "possible_change",
        "beforeProbability": 0,
        "duringProbability": 0,
        "recoveryProbability": 0.454,
        "deltaDuringBefore": 0,
        "deltaRecoveryDuring": 0.454,
        "method": "sentinel1-window-change-v0"
      },
      "geometry": {
        "type": "Polygon",
        "coordinates": [
          [
            [
              37.2608125,
              -2.678714285714286
            ],
            [
              37.262375,
              -2.678714285714286
            ],
            [
              37.262375,
              -2.677166666666667
            ],
            [
              37.2608125,
              -2.677166666666667
            ],
            [
              37.2608125,
              -2.678714285714286
            ]
          ]
        ]
      }
    },
    {
      "type": "Feature",
      "properties": {
        "cellId": "s1-change-36-0",
        "category": "possible_change",
        "beforeProbability": 0.479,
        "duringProbability": 0,
        "recoveryProbability": 0,
        "deltaDuringBefore": -0.479,
        "deltaRecoveryDuring": 0,
        "method": "sentinel1-window-change-v0"
      },
      "geometry": {
        "type": "Polygon",
        "coordinates": [
          [
            [
              37.228,
              -2.6802619047619047
            ],
            [
              37.2295625,
              -2.6802619047619047
            ],
            [
              37.2295625,
              -2.678714285714286
            ],
            [
              37.228,
              -2.678714285714286
            ],
            [
              37.228,
              -2.6802619047619047
            ]
          ]
        ]
      }
    },
    {
      "type": "Feature",
      "properties": {
        "cellId": "s1-change-36-17",
        "category": "possible_change",
        "beforeProbability": 0,
        "duringProbability": 0.468,
        "recoveryProbability": 0,
        "deltaDuringBefore": 0.468,
        "deltaRecoveryDuring": -0.468,
        "method": "sentinel1-window-change-v0"
      },
      "geometry": {
        "type": "Polygon",
        "coordinates": [
          [
            [
              37.2545625,
              -2.6802619047619047
            ],
            [
              37.256125,
              -2.6802619047619047
            ],
            [
              37.256125,
              -2.678714285714286
            ],
            [
              37.2545625,
              -2.678714285714286
            ],
            [
              37.2545625,
              -2.6802619047619047
            ]
          ]
        ]
      }
    },
    {
      "type": "Feature",
      "properties": {
        "cellId": "s1-change-36-18",
        "category": "possible_change",
        "beforeProbability": 0.505,
        "duringProbability": 0,
        "recoveryProbability": 0,
        "deltaDuringBefore": -0.505,
        "deltaRecoveryDuring": 0,
        "method": "sentinel1-window-change-v0"
      },
      "geometry": {
        "type": "Polygon",
        "coordinates": [
          [
            [
              37.256125,
              -2.6802619047619047
            ],
            [
              37.2576875,
              -2.6802619047619047
            ],
            [
              37.2576875,
              -2.678714285714286
            ],
            [
              37.256125,
              -2.678714285714286
            ],
            [
              37.256125,
              -2.6802619047619047
            ]
          ]
        ]
      }
    },
    {
      "type": "Feature",
      "properties": {
        "cellId": "s1-change-36-29",
        "category": "possible_change",
        "beforeProbability": 0,
        "duringProbability": 0.494,
        "recoveryProbability": 0,
        "deltaDuringBefore": 0.494,
        "deltaRecoveryDuring": -0.494,
        "method": "sentinel1-window-change-v0"
      },
      "geometry": {
        "type": "Polygon",
        "coordinates": [
          [
            [
              37.273312499999996,
              -2.6802619047619047
            ],
            [
              37.274875,
              -2.6802619047619047
            ],
            [
              37.274875,
              -2.678714285714286
            ],
            [
              37.273312499999996,
              -2.678714285714286
            ],
            [
              37.273312499999996,
              -2.6802619047619047
            ]
          ]
        ]
      }
    },
    {
      "type": "Feature",
      "properties": {
        "cellId": "s1-change-36-3",
        "category": "possible_change",
        "beforeProbability": 0.608,
        "duringProbability": 0,
        "recoveryProbability": 0,
        "deltaDuringBefore": -0.608,
        "deltaRecoveryDuring": 0,
        "method": "sentinel1-window-change-v0"
      },
      "geometry": {
        "type": "Polygon",
        "coordinates": [
          [
            [
              37.232687500000004,
              -2.6802619047619047
            ],
            [
              37.23425,
              -2.6802619047619047
            ],
            [
              37.23425,
              -2.678714285714286
            ],
            [
              37.232687500000004,
              -2.678714285714286
            ],
            [
              37.232687500000004,
              -2.6802619047619047
            ]
          ]
        ]
      }
    },
    {
      "type": "Feature",
      "properties": {
        "cellId": "s1-change-36-30",
        "category": "possible_change",
        "beforeProbability": 0,
        "duringProbability": 0.512,
        "recoveryProbability": 0,
        "deltaDuringBefore": 0.512,
        "deltaRecoveryDuring": -0.512,
        "method": "sentinel1-window-change-v0"
      },
      "geometry": {
        "type": "Polygon",
        "coordinates": [
          [
            [
              37.274875,
              -2.6802619047619047
            ],
            [
              37.2764375,
              -2.6802619047619047
            ],
            [
              37.2764375,
              -2.678714285714286
            ],
            [
              37.274875,
              -2.678714285714286
            ],
            [
              37.274875,
              -2.6802619047619047
            ]
          ]
        ]
      }
    },
    {
      "type": "Feature",
      "properties": {
        "cellId": "s1-change-37-0",
        "category": "possible_change",
        "beforeProbability": 0.56,
        "duringProbability": 0,
        "recoveryProbability": 0,
        "deltaDuringBefore": -0.56,
        "deltaRecoveryDuring": 0,
        "method": "sentinel1-window-change-v0"
      },
      "geometry": {
        "type": "Polygon",
        "coordinates": [
          [
            [
              37.228,
              -2.681809523809524
            ],
            [
              37.2295625,
              -2.681809523809524
            ],
            [
              37.2295625,
              -2.6802619047619047
            ],
            [
              37.228,
              -2.6802619047619047
            ],
            [
              37.228,
              -2.681809523809524
            ]
          ]
        ]
      }
    },
    {
      "type": "Feature",
      "properties": {
        "cellId": "s1-change-37-1",
        "category": "possible_change",
        "beforeProbability": 0.597,
        "duringProbability": 0,
        "recoveryProbability": 0,
        "deltaDuringBefore": -0.597,
        "deltaRecoveryDuring": 0,
        "method": "sentinel1-window-change-v0"
      },
      "geometry": {
        "type": "Polygon",
        "coordinates": [
          [
            [
              37.2295625,
              -2.681809523809524
            ],
            [
              37.231125,
              -2.681809523809524
            ],
            [
              37.231125,
              -2.6802619047619047
            ],
            [
              37.2295625,
              -2.6802619047619047
            ],
            [
              37.2295625,
              -2.681809523809524
            ]
          ]
        ]
      }
    },
    {
      "type": "Feature",
      "properties": {
        "cellId": "s1-change-37-17",
        "category": "possible_change",
        "beforeProbability": 0,
        "duringProbability": 0,
        "recoveryProbability": 0.452,
        "deltaDuringBefore": 0,
        "deltaRecoveryDuring": 0.452,
        "method": "sentinel1-window-change-v0"
      },
      "geometry": {
        "type": "Polygon",
        "coordinates": [
          [
            [
              37.2545625,
              -2.681809523809524
            ],
            [
              37.256125,
              -2.681809523809524
            ],
            [
              37.256125,
              -2.6802619047619047
            ],
            [
              37.2545625,
              -2.6802619047619047
            ],
            [
              37.2545625,
              -2.681809523809524
            ]
          ]
        ]
      }
    },
    {
      "type": "Feature",
      "properties": {
        "cellId": "s1-change-37-18",
        "category": "possible_change",
        "beforeProbability": 0,
        "duringProbability": 0,
        "recoveryProbability": 0.501,
        "deltaDuringBefore": 0,
        "deltaRecoveryDuring": 0.501,
        "method": "sentinel1-window-change-v0"
      },
      "geometry": {
        "type": "Polygon",
        "coordinates": [
          [
            [
              37.256125,
              -2.681809523809524
            ],
            [
              37.2576875,
              -2.681809523809524
            ],
            [
              37.2576875,
              -2.6802619047619047
            ],
            [
              37.256125,
              -2.6802619047619047
            ],
            [
              37.256125,
              -2.681809523809524
            ]
          ]
        ]
      }
    },
    {
      "type": "Feature",
      "properties": {
        "cellId": "s1-change-37-3",
        "category": "possible_change",
        "beforeProbability": 0.482,
        "duringProbability": 0,
        "recoveryProbability": 0,
        "deltaDuringBefore": -0.482,
        "deltaRecoveryDuring": 0,
        "method": "sentinel1-window-change-v0"
      },
      "geometry": {
        "type": "Polygon",
        "coordinates": [
          [
            [
              37.232687500000004,
              -2.681809523809524
            ],
            [
              37.23425,
              -2.681809523809524
            ],
            [
              37.23425,
              -2.6802619047619047
            ],
            [
              37.232687500000004,
              -2.6802619047619047
            ],
            [
              37.232687500000004,
              -2.681809523809524
            ]
          ]
        ]
      }
    },
    {
      "type": "Feature",
      "properties": {
        "cellId": "s1-change-37-35",
        "category": "possible_change",
        "beforeProbability": 0.454,
        "duringProbability": 0,
        "recoveryProbability": 0,
        "deltaDuringBefore": -0.454,
        "deltaRecoveryDuring": 0,
        "method": "sentinel1-window-change-v0"
      },
      "geometry": {
        "type": "Polygon",
        "coordinates": [
          [
            [
              37.2826875,
              -2.681809523809524
            ],
            [
              37.28425,
              -2.681809523809524
            ],
            [
              37.28425,
              -2.6802619047619047
            ],
            [
              37.2826875,
              -2.6802619047619047
            ],
            [
              37.2826875,
              -2.681809523809524
            ]
          ]
        ]
      }
    },
    {
      "type": "Feature",
      "properties": {
        "cellId": "s1-change-38-0",
        "category": "possible_change",
        "beforeProbability": 0.669,
        "duringProbability": 0.453,
        "recoveryProbability": 0.526,
        "deltaDuringBefore": -0.216,
        "deltaRecoveryDuring": 0.073,
        "method": "sentinel1-window-change-v0"
      },
      "geometry": {
        "type": "Polygon",
        "coordinates": [
          [
            [
              37.228,
              -2.683357142857143
            ],
            [
              37.2295625,
              -2.683357142857143
            ],
            [
              37.2295625,
              -2.681809523809524
            ],
            [
              37.228,
              -2.681809523809524
            ],
            [
              37.228,
              -2.683357142857143
            ]
          ]
        ]
      }
    },
    {
      "type": "Feature",
      "properties": {
        "cellId": "s1-change-38-1",
        "category": "possible_change",
        "beforeProbability": 0.678,
        "duringProbability": 0,
        "recoveryProbability": 0,
        "deltaDuringBefore": -0.678,
        "deltaRecoveryDuring": 0,
        "method": "sentinel1-window-change-v0"
      },
      "geometry": {
        "type": "Polygon",
        "coordinates": [
          [
            [
              37.2295625,
              -2.683357142857143
            ],
            [
              37.231125,
              -2.683357142857143
            ],
            [
              37.231125,
              -2.681809523809524
            ],
            [
              37.2295625,
              -2.681809523809524
            ],
            [
              37.2295625,
              -2.683357142857143
            ]
          ]
        ]
      }
    },
    {
      "type": "Feature",
      "properties": {
        "cellId": "s1-change-38-2",
        "category": "possible_change",
        "beforeProbability": 0.528,
        "duringProbability": 0,
        "recoveryProbability": 0,
        "deltaDuringBefore": -0.528,
        "deltaRecoveryDuring": 0,
        "method": "sentinel1-window-change-v0"
      },
      "geometry": {
        "type": "Polygon",
        "coordinates": [
          [
            [
              37.231125,
              -2.683357142857143
            ],
            [
              37.232687500000004,
              -2.683357142857143
            ],
            [
              37.232687500000004,
              -2.681809523809524
            ],
            [
              37.231125,
              -2.681809523809524
            ],
            [
              37.231125,
              -2.683357142857143
            ]
          ]
        ]
      }
    },
    {
      "type": "Feature",
      "properties": {
        "cellId": "s1-change-38-29",
        "category": "possible_change",
        "beforeProbability": 0,
        "duringProbability": 0,
        "recoveryProbability": 0.469,
        "deltaDuringBefore": 0,
        "deltaRecoveryDuring": 0.469,
        "method": "sentinel1-window-change-v0"
      },
      "geometry": {
        "type": "Polygon",
        "coordinates": [
          [
            [
              37.273312499999996,
              -2.683357142857143
            ],
            [
              37.274875,
              -2.683357142857143
            ],
            [
              37.274875,
              -2.681809523809524
            ],
            [
              37.273312499999996,
              -2.681809523809524
            ],
            [
              37.273312499999996,
              -2.683357142857143
            ]
          ]
        ]
      }
    },
    {
      "type": "Feature",
      "properties": {
        "cellId": "s1-change-38-3",
        "category": "possible_change",
        "beforeProbability": 0.458,
        "duringProbability": 0,
        "recoveryProbability": 0,
        "deltaDuringBefore": -0.458,
        "deltaRecoveryDuring": 0,
        "method": "sentinel1-window-change-v0"
      },
      "geometry": {
        "type": "Polygon",
        "coordinates": [
          [
            [
              37.232687500000004,
              -2.683357142857143
            ],
            [
              37.23425,
              -2.683357142857143
            ],
            [
              37.23425,
              -2.681809523809524
            ],
            [
              37.232687500000004,
              -2.681809523809524
            ],
            [
              37.232687500000004,
              -2.683357142857143
            ]
          ]
        ]
      }
    },
    {
      "type": "Feature",
      "properties": {
        "cellId": "s1-change-38-30",
        "category": "possible_change",
        "beforeProbability": 0,
        "duringProbability": 0,
        "recoveryProbability": 0.473,
        "deltaDuringBefore": 0,
        "deltaRecoveryDuring": 0.473,
        "method": "sentinel1-window-change-v0"
      },
      "geometry": {
        "type": "Polygon",
        "coordinates": [
          [
            [
              37.274875,
              -2.683357142857143
            ],
            [
              37.2764375,
              -2.683357142857143
            ],
            [
              37.2764375,
              -2.681809523809524
            ],
            [
              37.274875,
              -2.681809523809524
            ],
            [
              37.274875,
              -2.683357142857143
            ]
          ]
        ]
      }
    },
    {
      "type": "Feature",
      "properties": {
        "cellId": "s1-change-38-31",
        "category": "possible_change",
        "beforeProbability": 0,
        "duringProbability": 0.459,
        "recoveryProbability": 0.545,
        "deltaDuringBefore": 0.459,
        "deltaRecoveryDuring": 0.086,
        "method": "sentinel1-window-change-v0"
      },
      "geometry": {
        "type": "Polygon",
        "coordinates": [
          [
            [
              37.2764375,
              -2.683357142857143
            ],
            [
              37.278,
              -2.683357142857143
            ],
            [
              37.278,
              -2.681809523809524
            ],
            [
              37.2764375,
              -2.681809523809524
            ],
            [
              37.2764375,
              -2.683357142857143
            ]
          ]
        ]
      }
    },
    {
      "type": "Feature",
      "properties": {
        "cellId": "s1-change-38-36",
        "category": "possible_change",
        "beforeProbability": 0.467,
        "duringProbability": 0,
        "recoveryProbability": 0,
        "deltaDuringBefore": -0.467,
        "deltaRecoveryDuring": 0,
        "method": "sentinel1-window-change-v0"
      },
      "geometry": {
        "type": "Polygon",
        "coordinates": [
          [
            [
              37.28425,
              -2.683357142857143
            ],
            [
              37.2858125,
              -2.683357142857143
            ],
            [
              37.2858125,
              -2.681809523809524
            ],
            [
              37.28425,
              -2.681809523809524
            ],
            [
              37.28425,
              -2.683357142857143
            ]
          ]
        ]
      }
    },
    {
      "type": "Feature",
      "properties": {
        "cellId": "s1-change-39-0",
        "category": "persistent_water",
        "beforeProbability": 0.756,
        "duringProbability": 0.671,
        "recoveryProbability": 0.673,
        "deltaDuringBefore": -0.085,
        "deltaRecoveryDuring": 0.002,
        "method": "sentinel1-window-change-v0"
      },
      "geometry": {
        "type": "Polygon",
        "coordinates": [
          [
            [
              37.228,
              -2.684904761904762
            ],
            [
              37.2295625,
              -2.684904761904762
            ],
            [
              37.2295625,
              -2.683357142857143
            ],
            [
              37.228,
              -2.683357142857143
            ],
            [
              37.228,
              -2.684904761904762
            ]
          ]
        ]
      }
    },
    {
      "type": "Feature",
      "properties": {
        "cellId": "s1-change-39-1",
        "category": "possible_change",
        "beforeProbability": 0.703,
        "duringProbability": 0.5,
        "recoveryProbability": 0,
        "deltaDuringBefore": -0.203,
        "deltaRecoveryDuring": -0.5,
        "method": "sentinel1-window-change-v0"
      },
      "geometry": {
        "type": "Polygon",
        "coordinates": [
          [
            [
              37.2295625,
              -2.684904761904762
            ],
            [
              37.231125,
              -2.684904761904762
            ],
            [
              37.231125,
              -2.683357142857143
            ],
            [
              37.2295625,
              -2.683357142857143
            ],
            [
              37.2295625,
              -2.684904761904762
            ]
          ]
        ]
      }
    },
    {
      "type": "Feature",
      "properties": {
        "cellId": "s1-change-39-2",
        "category": "possible_change",
        "beforeProbability": 0.566,
        "duringProbability": 0,
        "recoveryProbability": 0,
        "deltaDuringBefore": -0.566,
        "deltaRecoveryDuring": 0,
        "method": "sentinel1-window-change-v0"
      },
      "geometry": {
        "type": "Polygon",
        "coordinates": [
          [
            [
              37.231125,
              -2.684904761904762
            ],
            [
              37.232687500000004,
              -2.684904761904762
            ],
            [
              37.232687500000004,
              -2.683357142857143
            ],
            [
              37.231125,
              -2.683357142857143
            ],
            [
              37.231125,
              -2.684904761904762
            ]
          ]
        ]
      }
    },
    {
      "type": "Feature",
      "properties": {
        "cellId": "s1-change-39-30",
        "category": "possible_change",
        "beforeProbability": 0,
        "duringProbability": 0,
        "recoveryProbability": 0.465,
        "deltaDuringBefore": 0,
        "deltaRecoveryDuring": 0.465,
        "method": "sentinel1-window-change-v0"
      },
      "geometry": {
        "type": "Polygon",
        "coordinates": [
          [
            [
              37.274875,
              -2.684904761904762
            ],
            [
              37.2764375,
              -2.684904761904762
            ],
            [
              37.2764375,
              -2.683357142857143
            ],
            [
              37.274875,
              -2.683357142857143
            ],
            [
              37.274875,
              -2.684904761904762
            ]
          ]
        ]
      }
    },
    {
      "type": "Feature",
      "properties": {
        "cellId": "s1-change-39-31",
        "category": "possible_change",
        "beforeProbability": 0,
        "duringProbability": 0,
        "recoveryProbability": 0.513,
        "deltaDuringBefore": 0,
        "deltaRecoveryDuring": 0.513,
        "method": "sentinel1-window-change-v0"
      },
      "geometry": {
        "type": "Polygon",
        "coordinates": [
          [
            [
              37.2764375,
              -2.684904761904762
            ],
            [
              37.278,
              -2.684904761904762
            ],
            [
              37.278,
              -2.683357142857143
            ],
            [
              37.2764375,
              -2.683357142857143
            ],
            [
              37.2764375,
              -2.684904761904762
            ]
          ]
        ]
      }
    },
    {
      "type": "Feature",
      "properties": {
        "cellId": "s1-change-39-36",
        "category": "possible_change",
        "beforeProbability": 0.454,
        "duringProbability": 0,
        "recoveryProbability": 0,
        "deltaDuringBefore": -0.454,
        "deltaRecoveryDuring": 0,
        "method": "sentinel1-window-change-v0"
      },
      "geometry": {
        "type": "Polygon",
        "coordinates": [
          [
            [
              37.28425,
              -2.684904761904762
            ],
            [
              37.2858125,
              -2.684904761904762
            ],
            [
              37.2858125,
              -2.683357142857143
            ],
            [
              37.28425,
              -2.683357142857143
            ],
            [
              37.28425,
              -2.684904761904762
            ]
          ]
        ]
      }
    },
    {
      "type": "Feature",
      "properties": {
        "cellId": "s1-change-4-43",
        "category": "possible_change",
        "beforeProbability": 0.582,
        "duringProbability": 0,
        "recoveryProbability": 0,
        "deltaDuringBefore": -0.582,
        "deltaRecoveryDuring": 0,
        "method": "sentinel1-window-change-v0"
      },
      "geometry": {
        "type": "Polygon",
        "coordinates": [
          [
            [
              37.2951875,
              -2.6307380952380957
            ],
            [
              37.296749999999996,
              -2.6307380952380957
            ],
            [
              37.296749999999996,
              -2.6291904761904763
            ],
            [
              37.2951875,
              -2.6291904761904763
            ],
            [
              37.2951875,
              -2.6307380952380957
            ]
          ]
        ]
      }
    },
    {
      "type": "Feature",
      "properties": {
        "cellId": "s1-change-4-44",
        "category": "possible_change",
        "beforeProbability": 0.453,
        "duringProbability": 0,
        "recoveryProbability": 0,
        "deltaDuringBefore": -0.453,
        "deltaRecoveryDuring": 0,
        "method": "sentinel1-window-change-v0"
      },
      "geometry": {
        "type": "Polygon",
        "coordinates": [
          [
            [
              37.296749999999996,
              -2.6307380952380957
            ],
            [
              37.298312499999994,
              -2.6307380952380957
            ],
            [
              37.298312499999994,
              -2.6291904761904763
            ],
            [
              37.296749999999996,
              -2.6291904761904763
            ],
            [
              37.296749999999996,
              -2.6307380952380957
            ]
          ]
        ]
      }
    },
    {
      "type": "Feature",
      "properties": {
        "cellId": "s1-change-40-0",
        "category": "possible_change",
        "beforeProbability": 0.756,
        "duringProbability": 0.581,
        "recoveryProbability": 0.486,
        "deltaDuringBefore": -0.175,
        "deltaRecoveryDuring": -0.095,
        "method": "sentinel1-window-change-v0"
      },
      "geometry": {
        "type": "Polygon",
        "coordinates": [
          [
            [
              37.228,
              -2.6864523809523813
            ],
            [
              37.2295625,
              -2.6864523809523813
            ],
            [
              37.2295625,
              -2.684904761904762
            ],
            [
              37.228,
              -2.684904761904762
            ],
            [
              37.228,
              -2.6864523809523813
            ]
          ]
        ]
      }
    },
    {
      "type": "Feature",
      "properties": {
        "cellId": "s1-change-40-1",
        "category": "possible_change",
        "beforeProbability": 0.673,
        "duringProbability": 0.485,
        "recoveryProbability": 0,
        "deltaDuringBefore": -0.188,
        "deltaRecoveryDuring": -0.485,
        "method": "sentinel1-window-change-v0"
      },
      "geometry": {
        "type": "Polygon",
        "coordinates": [
          [
            [
              37.2295625,
              -2.6864523809523813
            ],
            [
              37.231125,
              -2.6864523809523813
            ],
            [
              37.231125,
              -2.684904761904762
            ],
            [
              37.2295625,
              -2.684904761904762
            ],
            [
              37.2295625,
              -2.6864523809523813
            ]
          ]
        ]
      }
    },
    {
      "type": "Feature",
      "properties": {
        "cellId": "s1-change-40-19",
        "category": "possible_change",
        "beforeProbability": 0,
        "duringProbability": 0,
        "recoveryProbability": 0.453,
        "deltaDuringBefore": 0,
        "deltaRecoveryDuring": 0.453,
        "method": "sentinel1-window-change-v0"
      },
      "geometry": {
        "type": "Polygon",
        "coordinates": [
          [
            [
              37.2576875,
              -2.6864523809523813
            ],
            [
              37.25925,
              -2.6864523809523813
            ],
            [
              37.25925,
              -2.684904761904762
            ],
            [
              37.2576875,
              -2.684904761904762
            ],
            [
              37.2576875,
              -2.6864523809523813
            ]
          ]
        ]
      }
    },
    {
      "type": "Feature",
      "properties": {
        "cellId": "s1-change-40-2",
        "category": "possible_change",
        "beforeProbability": 0.511,
        "duringProbability": 0.482,
        "recoveryProbability": 0,
        "deltaDuringBefore": -0.029,
        "deltaRecoveryDuring": -0.482,
        "method": "sentinel1-window-change-v0"
      },
      "geometry": {
        "type": "Polygon",
        "coordinates": [
          [
            [
              37.231125,
              -2.6864523809523813
            ],
            [
              37.232687500000004,
              -2.6864523809523813
            ],
            [
              37.232687500000004,
              -2.684904761904762
            ],
            [
              37.231125,
              -2.684904761904762
            ],
            [
              37.231125,
              -2.6864523809523813
            ]
          ]
        ]
      }
    },
    {
      "type": "Feature",
      "properties": {
        "cellId": "s1-change-40-37",
        "category": "possible_change",
        "beforeProbability": 0.492,
        "duringProbability": 0,
        "recoveryProbability": 0.515,
        "deltaDuringBefore": -0.492,
        "deltaRecoveryDuring": 0.515,
        "method": "sentinel1-window-change-v0"
      },
      "geometry": {
        "type": "Polygon",
        "coordinates": [
          [
            [
              37.2858125,
              -2.6864523809523813
            ],
            [
              37.287375,
              -2.6864523809523813
            ],
            [
              37.287375,
              -2.684904761904762
            ],
            [
              37.2858125,
              -2.684904761904762
            ],
            [
              37.2858125,
              -2.6864523809523813
            ]
          ]
        ]
      }
    },
    {
      "type": "Feature",
      "properties": {
        "cellId": "s1-change-41-0",
        "category": "possible_change",
        "beforeProbability": 0.709,
        "duringProbability": 0.454,
        "recoveryProbability": 0,
        "deltaDuringBefore": -0.255,
        "deltaRecoveryDuring": -0.454,
        "method": "sentinel1-window-change-v0"
      },
      "geometry": {
        "type": "Polygon",
        "coordinates": [
          [
            [
              37.228,
              -2.688
            ],
            [
              37.2295625,
              -2.688
            ],
            [
              37.2295625,
              -2.6864523809523813
            ],
            [
              37.228,
              -2.6864523809523813
            ],
            [
              37.228,
              -2.688
            ]
          ]
        ]
      }
    },
    {
      "type": "Feature",
      "properties": {
        "cellId": "s1-change-41-1",
        "category": "possible_change",
        "beforeProbability": 0.709,
        "duringProbability": 0,
        "recoveryProbability": 0,
        "deltaDuringBefore": -0.709,
        "deltaRecoveryDuring": 0,
        "method": "sentinel1-window-change-v0"
      },
      "geometry": {
        "type": "Polygon",
        "coordinates": [
          [
            [
              37.2295625,
              -2.688
            ],
            [
              37.231125,
              -2.688
            ],
            [
              37.231125,
              -2.6864523809523813
            ],
            [
              37.2295625,
              -2.6864523809523813
            ],
            [
              37.2295625,
              -2.688
            ]
          ]
        ]
      }
    },
    {
      "type": "Feature",
      "properties": {
        "cellId": "s1-change-41-2",
        "category": "possible_change",
        "beforeProbability": 0.578,
        "duringProbability": 0,
        "recoveryProbability": 0,
        "deltaDuringBefore": -0.578,
        "deltaRecoveryDuring": 0,
        "method": "sentinel1-window-change-v0"
      },
      "geometry": {
        "type": "Polygon",
        "coordinates": [
          [
            [
              37.231125,
              -2.688
            ],
            [
              37.232687500000004,
              -2.688
            ],
            [
              37.232687500000004,
              -2.6864523809523813
            ],
            [
              37.231125,
              -2.6864523809523813
            ],
            [
              37.231125,
              -2.688
            ]
          ]
        ]
      }
    },
    {
      "type": "Feature",
      "properties": {
        "cellId": "s1-change-41-44",
        "category": "possible_change",
        "beforeProbability": 0.454,
        "duringProbability": 0,
        "recoveryProbability": 0,
        "deltaDuringBefore": -0.454,
        "deltaRecoveryDuring": 0,
        "method": "sentinel1-window-change-v0"
      },
      "geometry": {
        "type": "Polygon",
        "coordinates": [
          [
            [
              37.296749999999996,
              -2.688
            ],
            [
              37.298312499999994,
              -2.688
            ],
            [
              37.298312499999994,
              -2.6864523809523813
            ],
            [
              37.296749999999996,
              -2.6864523809523813
            ],
            [
              37.296749999999996,
              -2.688
            ]
          ]
        ]
      }
    },
    {
      "type": "Feature",
      "properties": {
        "cellId": "s1-change-5-43",
        "category": "possible_change",
        "beforeProbability": 0.454,
        "duringProbability": 0,
        "recoveryProbability": 0.508,
        "deltaDuringBefore": -0.454,
        "deltaRecoveryDuring": 0.508,
        "method": "sentinel1-window-change-v0"
      },
      "geometry": {
        "type": "Polygon",
        "coordinates": [
          [
            [
              37.2951875,
              -2.6322857142857146
            ],
            [
              37.296749999999996,
              -2.6322857142857146
            ],
            [
              37.296749999999996,
              -2.6307380952380957
            ],
            [
              37.2951875,
              -2.6307380952380957
            ],
            [
              37.2951875,
              -2.6322857142857146
            ]
          ]
        ]
      }
    },
    {
      "type": "Feature",
      "properties": {
        "cellId": "s1-change-5-44",
        "category": "possible_change",
        "beforeProbability": 0,
        "duringProbability": 0,
        "recoveryProbability": 0.516,
        "deltaDuringBefore": 0,
        "deltaRecoveryDuring": 0.516,
        "method": "sentinel1-window-change-v0"
      },
      "geometry": {
        "type": "Polygon",
        "coordinates": [
          [
            [
              37.296749999999996,
              -2.6322857142857146
            ],
            [
              37.298312499999994,
              -2.6322857142857146
            ],
            [
              37.298312499999994,
              -2.6307380952380957
            ],
            [
              37.296749999999996,
              -2.6307380952380957
            ],
            [
              37.296749999999996,
              -2.6322857142857146
            ]
          ]
        ]
      }
    },
    {
      "type": "Feature",
      "properties": {
        "cellId": "s1-change-5-45",
        "category": "possible_change",
        "beforeProbability": 0.454,
        "duringProbability": 0,
        "recoveryProbability": 0,
        "deltaDuringBefore": -0.454,
        "deltaRecoveryDuring": 0,
        "method": "sentinel1-window-change-v0"
      },
      "geometry": {
        "type": "Polygon",
        "coordinates": [
          [
            [
              37.298312499999994,
              -2.6322857142857146
            ],
            [
              37.299875,
              -2.6322857142857146
            ],
            [
              37.299875,
              -2.6307380952380957
            ],
            [
              37.298312499999994,
              -2.6307380952380957
            ],
            [
              37.298312499999994,
              -2.6322857142857146
            ]
          ]
        ]
      }
    }
  ]
}
